fips,state,abb,year_qtr,lngdpcapita,treated,revstatecapita,revlocalcapita,avgwklywagecapita,estabscapita,emplvlcapita
1.0,Alabama,AL,1990.0,9.780259546727835,0.0,,,382.0,0.021378968927582464,0.38896089065457135
1.0,Alabama,AL,1990.25,9.792590901487836,0.0,,,388.0,0.021216394211179653,0.3961424193252957
1.0,Alabama,AL,1990.5,9.80469909253556,0.0,,,388.0,0.02130243038252415,0.39388443044772475
1.0,Alabama,AL,1990.75,9.816590987573433,0.0,,,416.0,0.021511515842491856,0.39496658504981663
1.0,Alabama,AL,1991.0,9.828273149882682,0.0,,,396.0,0.02235240620264269,0.3864803714065367
1.0,Alabama,AL,1991.25,9.841939099467655,0.0,,,404.0,0.022339628733751768,0.3904670310755793
1.0,Alabama,AL,1991.5,9.85533179173314,0.0,,,406.0,0.022658202848117752,0.39013671918386106
1.0,Alabama,AL,1991.75,9.86846050741019,0.0,,,432.0,0.022495474059304164,0.39281578542808315
1.0,Alabama,AL,1992.0,9.88133407384793,0.0,,,414.0,0.022355244830662584,0.3871094319855446
1.0,Alabama,AL,1992.25,9.88782888095939,0.0,,,416.0,0.022505787274400637,0.3928838332340704
1.0,Alabama,AL,1992.5,9.89423551380451,0.0,,,423.0,0.022552238135344498,0.39221294797680495
1.0,Alabama,AL,1992.75,9.900555884720228,0.0,,,464.0,0.02259311694852893,0.3971476007276067
1.0,Alabama,AL,1993.0,9.906791847995684,0.0,,,414.0,0.022483022883098627,0.391726594975751
1.0,Alabama,AL,1993.25,9.920296199194564,0.0,,,429.0,0.02267690597464863,0.3981762822627092
1.0,Alabama,AL,1993.5,9.933548718991156,0.0,,,438.0,0.022844955608229037,0.39719134732074246
1.0,Alabama,AL,1993.75,9.946557518609618,0.0,,,471.0,0.022961726905071284,0.40052049373981397
1.0,Alabama,AL,1994.0,9.959330331086765,0.0,,,437.0,0.022933978431675855,0.39262177377475876
1.0,Alabama,AL,1994.25,9.972936261513505,0.0,,,444.0,0.02315235256803299,0.4004276117050087
1.0,Alabama,AL,1994.5,9.986302566074649,0.0,,,460.0,0.023338006684329338,0.40250107056238016
1.0,Alabama,AL,1994.75,9.99943668309869,0.0,,,478.0,0.023567182288183133,0.4068820255319304
1.0,Alabama,AL,1995.0,10.012345714538936,0.0,,,465.0,0.023427667101098493,0.40349283187488366
1.0,Alabama,AL,1995.25,10.02157817955314,0.0,,,460.0,0.023601193438295916,0.4085645955852167
1.0,Alabama,AL,1995.5,10.030689980744008,0.0,,,464.0,0.0234594690574835,0.40866489520472843
1.0,Alabama,AL,1995.75,10.039683839244931,0.0,,,489.0,0.023744909371868513,0.41167274123902614
1.0,Alabama,AL,1996.0,10.048562387108383,0.0,,,475.0,0.023735298776154427,0.40553574278940246
1.0,Alabama,AL,1996.25,10.05655240959043,0.0,,,474.0,0.023761204628171453,0.41096847089828814
1.0,Alabama,AL,1996.5,10.064445666676384,0.0,,,480.0,0.024098759437395197,0.4096896395926737
1.0,Alabama,AL,1996.75,10.07224414713418,0.0,,,511.0,0.02433233512516012,0.41435066635763146
1.0,Alabama,AL,1997.0,10.079949780724942,0.0,,,497.0,0.02441794577987081,0.40925341914047103
1.0,Alabama,AL,1997.25,10.090234897492849,0.0,,,487.0,0.024508773050082058,0.4154285541743729
1.0,Alabama,AL,1997.5,10.100372856234085,0.0,,,507.0,0.024651655443130208,0.41466449384958715
1.0,Alabama,AL,1997.75,10.110367302799904,0.0,,,536.0,0.024504781527602205,0.4176450989356296
1.0,Alabama,AL,1998.0,10.120221751859669,0.0,,,507.0,0.024757866652015653,0.4135589074793802
1.0,Alabama,AL,1998.25,10.131495405043166,0.0,,,503.0,0.02517580237498416,0.42202469352989375
1.0,Alabama,AL,1998.5,10.142611455598807,0.0,,,511.0,0.025050815849338336,0.42003739285886493
1.0,Alabama,AL,1998.75,10.153573858107542,0.0,,,561.0,0.02502293852249919,0.42303608609919885
1.0,Alabama,AL,1999.0,10.164386421629152,0.0,,,520.0,0.025326056213560696,0.41398832828721854
1.0,Alabama,AL,1999.25,10.165857245038554,0.0,,,523.0,0.0249499002288053,0.4223923789581487
1.0,Alabama,AL,1999.5,10.16732226804709,0.0,,,538.0,0.024903645604062184,0.4220279385154214
1.0,Alabama,AL,1999.75,10.16878152646222,0.0,,,581.0,0.024945886411501653,0.424634267104298
1.0,Alabama,AL,2000.0,10.170235055785607,0.0,,,555.0,0.025074497329730897,0.4174136240138617
1.0,Alabama,AL,2000.25,10.177986951848528,0.0,,,545.0,0.02529691032162931,0.42300639287974395
1.0,Alabama,AL,2000.5,10.18566593576744,0.0,,,546.0,0.0256294783059768,0.42150620523515814
1.0,Alabama,AL,2000.75,10.193273254663389,0.0,,,586.0,0.025770824261449474,0.42165393685922165
1.0,Alabama,AL,2001.0,10.200810124190909,0.0,,,574.0,0.024492606153503176,0.4139628865450184
1.0,Alabama,AL,2001.25,10.211018805460428,0.0,,,565.0,0.025120629988574058,0.4177039512014517
1.0,Alabama,AL,2001.5,10.221110325967071,0.0,,,568.0,0.02542099258101754,0.4139879311567125
1.0,Alabama,AL,2001.75,10.231087196261829,0.0,,,608.0,0.02545535626983866,0.4129661724918701
1.0,Alabama,AL,2002.0,10.240951847339838,0.0,,,589.0,0.0249153532440985,0.40530615946840937
1.0,Alabama,AL,2002.25,10.252658385001626,0.0,,,586.0,0.025305512925441816,0.4094862031316591
1.0,Alabama,AL,2002.5,10.264199494764505,0.0,,,589.0,0.02495419420765441,0.4076325919065673
1.0,Alabama,AL,2002.75,10.27557941122302,0.0,,,632.0,0.024906170246376962,0.40882384144901457
1.0,Alabama,AL,2003.0,10.286802209729974,0.0,,,612.0,0.024494775275447425,0.40216830306385276
1.0,Alabama,AL,2003.25,10.3025857401159,0.0,,,603.0,0.024589492429606407,0.40509614233759667
1.0,Alabama,AL,2003.5,10.318077530031612,0.0,,,607.0,0.02470030616920996,0.4029464266607041
1.0,Alabama,AL,2003.75,10.333287402885912,0.0,,,657.0,0.024778513410771346,0.4058144712787219
1.0,Alabama,AL,2004.0,10.34822469721468,0.0,2367.2164015989483,1759.2764872937666,626.0,0.02495492447241934,0.40228441530417436
1.0,Alabama,AL,2004.25,10.367011443122674,0.0,2362.1232737025766,1755.4913579964136,620.0,0.025086014793971937,0.408473842883901
1.0,Alabama,AL,2004.5,10.385373289020349,0.0,2357.0520147499037,1751.722481340106,629.0,0.025162479476479073,0.4077108735230995
1.0,Alabama,AL,2004.75,10.40332748228882,0.0,2352.0024841909144,1747.9697528703723,695.0,0.025499579389285522,0.411085570377076
1.0,Alabama,AL,2005.0,10.420890249695692,0.0,2539.8085913950376,1855.0397664670593,641.0,0.025392330744966142,0.4072931631291343
1.0,Alabama,AL,2005.25,10.434523954085714,0.0,2531.612906603173,1849.0537558464764,644.0,0.02544846343158911,0.4138039844560742
1.0,Alabama,AL,2005.5,10.440856318960202,0.0,2523.4699448383735,1843.106253368651,669.0,0.025513801495110334,0.4127674383699472
1.0,Alabama,AL,2005.75,10.455622981766288,0.0,2515.3791989791484,1837.1968886393204,706.0,0.025616213647171215,0.4164561745474699
1.0,Alabama,AL,2006.0,10.462607366311678,0.0,2747.550486813405,1981.4265817898151,692.0,0.024950631683301357,0.4120899034438321
1.0,Alabama,AL,2006.25,10.472760483293248,0.0,2741.057694478432,1976.7442324083208,673.0,0.02502098219575089,0.4169949616329027
1.0,Alabama,AL,2006.5,10.479482181602592,0.0,2734.5955162972928,1972.083960764242,682.0,0.0253505200755852,0.414920476323937
1.0,Alabama,AL,2006.75,10.483302776567914,0.0,2728.163736256134,1967.4456110767871,738.0,0.02579948916479479,0.41635069492689664
1.0,Alabama,AL,2007.0,10.482909636377334,0.0,2946.960734799394,2117.3093878669074,717.0,0.025486427953878156,0.4142321015342561
1.0,Alabama,AL,2007.25,10.495005987359782,0.0,2939.8254529633405,2112.1828861669856,697.0,0.025455461108840467,0.41778512069468987
1.0,Alabama,AL,2007.5,10.505472451346856,0.0,2932.724640045422,2107.081149426805,707.0,0.02557521281441918,0.4153636701740502
1.0,Alabama,AL,2007.75,10.507134346393348,0.0,2925.6580468802536,2102.003998627961,763.0,0.025897070119609348,0.4175590069921636
1.0,Alabama,AL,2008.0,10.503478031092657,0.0,3022.6291518428825,2128.1512507084262,739.0,0.0256080383094761,0.41085933933363655
1.0,Alabama,AL,2008.25,10.513669627455316,0.0,3016.2791322336334,2123.680374032997,720.0,0.025663585609475525,0.41350821820875683
1.0,Alabama,AL,2008.5,10.512719321237752,0.0,3009.95573727035,2119.228243049072,731.0,0.02555744192996645,0.40843568157399607
1.0,Alabama,AL,2008.75,10.487633439918424,0.0,3003.6587998538334,2114.7947401066344,791.0,0.025837799244103576,0.4037728828564137
1.0,Alabama,AL,2009.0,10.476110307757205,0.0,2811.332556246004,2234.7958296219917,737.0,0.02473865779671782,0.3875721653651925
1.0,Alabama,AL,2009.25,10.470184286258291,0.0,2807.268218475531,2231.5649898270167,733.0,0.024620413775821637,0.38656223893986486
1.0,Alabama,AL,2009.5,10.4700605499974,0.0,2803.215615350037,2228.3434781834208,744.0,0.024488050941852142,0.38056701486432726
1.0,Alabama,AL,2009.75,10.470067789577865,0.0,2799.1746961219947,2225.1312543507743,819.0,0.024915438160960625,0.38003620374306707
1.0,Alabama,AL,2010.0,10.4794285093436,0.0,2895.063454290593,2246.803254503403,735.0,0.024246409773540527,0.37405927471337674
1.0,Alabama,AL,2010.25,10.497947974121164,0.0,2892.8832848186353,2245.1112667655507,750.0,0.024270120984147645,0.381288879316222
1.0,Alabama,AL,2010.5,10.517357913852925,0.0,2890.706396492169,2243.4218254618213,774.0,0.02431257504895461,0.3782934689282983
1.0,Alabama,AL,2010.75,10.521315168907478,0.0,2888.5327819095987,2241.7349248479795,839.0,0.024711697728556622,0.3801846481405555
1.0,Alabama,AL,2011.0,10.514729739826876,0.0,2998.3258047324975,2287.004486326641,765.0,0.024094161608594147,0.37401673667480706
1.0,Alabama,AL,2011.25,10.529493183830592,0.0,2995.822689700731,2285.0952090565042,768.0,0.024131708038535545,0.3791859100317584
1.0,Alabama,AL,2011.5,10.541031811091331,0.0,2993.3237505717107,2283.189117000028,803.0,0.02414610501505947,0.37713789630026506
1.0,Alabama,AL,2011.75,10.55249050032936,0.0,2990.828976904267,2281.2862021931023,832.0,0.024558029962700147,0.37903542697888526
1.0,Alabama,AL,2012.0,10.55826001453289,0.0,2906.703336406448,2221.4810754242144,808.0,0.02387582122775106,0.37502823943720465
1.0,Alabama,AL,2012.25,10.566456878575227,0.0,2904.6648973025817,2219.9231751610787,783.0,0.023946848735866774,0.38117586542845416
1.0,Alabama,AL,2012.5,10.55587521865988,0.0,2902.629315264966,2218.367458443312,784.0,0.024098643929011423,0.3786255866632924
1.0,Alabama,AL,2012.75,10.55882343032214,0.0,2900.596584291133,2216.813920683459,855.0,0.024516279892088832,0.38205838113807267
1.0,Alabama,AL,2013.0,10.57706792123845,0.0,2985.9357500053316,2281.9473901843244,812.0,0.02376053400377142,0.3777235598291244
1.0,Alabama,AL,2013.25,10.57424870234683,0.0,2983.8142639756948,2280.3260828575894,793.0,0.023877112203194648,0.38370897550343736
1.0,Alabama,AL,2013.5,10.584523362921496,0.0,2981.695790407077,2278.707077749702,795.0,0.02398814890537723,0.38096112427014894
1.0,Alabama,AL,2013.75,10.58670284299279,0.0,2979.580322887594,2277.0903699604955,851.0,0.024395529115190717,0.3841584887385469
1.0,Alabama,AL,2014.0,10.576490022351429,0.0,3058.575978678621,2239.928279031238,826.0,0.02400719852560717,0.37925683234315066
1.0,Alabama,AL,2014.25,10.592342669661008,0.0,3056.8937515312623,2238.696310891362,806.0,0.02417868748999472,0.38570750602174003
1.0,Alabama,AL,2014.5,10.610069887580304,0.0,3055.21337382796,2237.4656971798445,815.0,0.02418107124725781,0.38456331241949687
1.0,Alabama,AL,2014.75,10.609413496964647,0.0,3053.534842520466,2236.2364356643207,882.0,0.02455573066079033,0.38830678608911245
1.0,Alabama,AL,2015.0,10.614440296942352,0.0,3252.241353557725,2338.993896628982,844.0,0.024173057608611676,0.3837974127200776
1.0,Alabama,AL,2015.25,10.626624639475503,0.0,3250.6633616346007,2337.859013612665,819.0,0.024375074807238637,0.39014994051886087
1.0,Alabama,AL,2015.5,10.63498309670303,0.0,3249.0869002565046,2336.7252313558206,829.0,0.02456989814426518,0.38941846095530164
1.0,Alabama,AL,2015.75,10.634483392274108,0.0,3247.511967197728,2335.5925482577327,913.0,0.02508237212166876,0.39329283193892817
1.0,Alabama,AL,2016.0,10.638628084983392,0.0,,,841.0,0.024804556576809984,0.38900917758175174
2.0,Alaska,AK,1990.0,10.720102827833347,0.0,,,550.0,0.027473838312638943,0.39659551651635366
2.0,Alaska,AK,1990.25,10.684582453783598,0.0,,,574.0,0.027143627780919194,0.4262564181669606
2.0,Alaska,AK,1990.5,10.64831803298046,0.0,,,576.0,0.02706583010156807,0.43936104655492486
2.0,Alaska,AK,1990.75,10.611261309382678,0.0,,,596.0,0.026854910774430852,0.40932521566692537
2.0,Alaska,AK,1991.0,10.573359713860135,0.0,,,577.0,0.02683126590470244,0.3915633244649911
2.0,Alaska,AK,1991.25,10.570521667653324,0.0,,,592.0,0.02709328647879912,0.4174246097932065
2.0,Alaska,AK,1991.5,10.567721146148502,0.0,,,592.0,0.027011145635323648,0.4331159774815081
2.0,Alaska,AK,1991.75,10.564957399237263,0.0,,,613.0,0.026639262695059625,0.39975443713072656
2.0,Alaska,AK,1992.0,10.562229696944572,0.0,,,599.0,0.026490651157734538,0.3879911086349966
2.0,Alaska,AK,1992.25,10.563515487786471,0.0,,,602.0,0.026889974805972168,0.41475231508879906
2.0,Alaska,AK,1992.5,10.564788074899136,0.0,,,606.0,0.027257088223214227,0.42942468292923786
2.0,Alaska,AK,1992.75,10.566047661641178,0.0,,,643.0,0.027171818392045015,0.39584108354363634
2.0,Alaska,AK,1993.0,10.567294447196169,0.0,,,597.0,0.027117337746399926,0.38684009751453596
2.0,Alaska,AK,1993.25,10.56911986899344,0.0,,,620.0,0.027728135029755113,0.41450908087539273
2.0,Alaska,AK,1993.5,10.570936098064282,0.0,,,628.0,0.028285414969153766,0.43090388058377815
2.0,Alaska,AK,1993.75,10.572743206648497,0.0,,,641.0,0.02844909594099004,0.4081322975932158
2.0,Alaska,AK,1994.0,10.5745412662026,0.0,,,608.0,0.02817963627202026,0.3967630685045339
2.0,Alaska,AK,1994.25,10.593425395058825,0.0,,,624.0,0.028710171243770545,0.42097426925387904
2.0,Alaska,AK,1994.5,10.611942726541738,0.0,,,639.0,0.02905805981518895,0.4411259784276709
2.0,Alaska,AK,1994.75,10.63010692944383,0.0,,,640.0,0.02895374551425507,0.41226258105238994
2.0,Alaska,AK,1995.0,10.647930922855434,0.0,,,628.0,0.028923979007696738,0.39898115854748084
2.0,Alaska,AK,1995.25,10.658786338909149,0.0,,,625.0,0.029272381550124803,0.42814622426936383
2.0,Alaska,AK,1995.5,10.669488572469788,0.0,,,625.0,0.029505820783672622,0.4454733146410922
2.0,Alaska,AK,1995.75,10.680041443371485,0.0,,,638.0,0.02953435613646904,0.4121323551096332
2.0,Alaska,AK,1996.0,10.690448632280878,0.0,,,624.0,0.029386971732046817,0.3987863331848977
2.0,Alaska,AK,1996.25,10.67649841833415,0.0,,,630.0,0.029744020830984038,0.42787333285493145
2.0,Alaska,AK,1996.5,10.662402148447308,0.0,,,643.0,0.030098146842870908,0.4433512861255942
2.0,Alaska,AK,1996.75,10.648156093878386,0.0,,,636.0,0.029898593365483502,0.41433320544632496
2.0,Alaska,AK,1997.0,10.633756385395008,0.0,,,622.0,0.02971770141345062,0.4018578457603007
2.0,Alaska,AK,1997.25,10.616910643104555,0.0,,,633.0,0.02974252857856319,0.4322234856926882
2.0,Alaska,AK,1997.5,10.59987386460253,0.0,,,636.0,0.03023116230026766,0.4462092086408738
2.0,Alaska,AK,1997.75,10.58264026627181,0.0,,,659.0,0.030034406841898377,0.41917196033804005
2.0,Alaska,AK,1998.0,10.565203813107876,0.0,,,641.0,0.02991134511527071,0.4104977105015819
2.0,Alaska,AK,1998.25,10.570032023380229,0.0,,,646.0,0.030028475695038387,0.4361448805798443
2.0,Alaska,AK,1998.5,10.57481836763388,0.0,,,643.0,0.03029618923589492,0.4483091523520989
2.0,Alaska,AK,1998.75,10.5795634421765,0.0,,,677.0,0.03025976749099636,0.42321658169187043
2.0,Alaska,AK,1999.0,10.584267831217916,0.0,,,632.0,0.030017014016156113,0.4096211086906997
2.0,Alaska,AK,1999.25,10.611096258074992,0.0,,,651.0,0.03014186948007833,0.43601539916610055
2.0,Alaska,AK,1999.5,10.637158137931422,0.0,,,652.0,0.03030472355840229,0.44929602424122445
2.0,Alaska,AK,1999.75,10.662494347683111,0.0,,,682.0,0.030247127160708393,0.4236569632437081
2.0,Alaska,AK,2000.0,10.687142585184256,0.0,,,674.0,0.03031388792014816,0.4138831958783134
2.0,Alaska,AK,2000.25,10.679833611863124,0.0,,,670.0,0.029953888679033192,0.44480616417017826
2.0,Alaska,AK,2000.5,10.672504508367828,0.0,,,676.0,0.03011230291112543,0.45859545139788815
2.0,Alaska,AK,2000.75,10.665154993755396,0.0,,,688.0,0.03002168751396245,0.43082328860736635
2.0,Alaska,AK,2001.0,10.657784783310666,0.0,,,683.0,0.030071925190227767,0.42253655960470077
2.0,Alaska,AK,2001.25,10.679681311657085,0.0,,,693.0,0.03024518779199671,0.4535420448396337
2.0,Alaska,AK,2001.5,10.700965371038755,0.0,,,692.0,0.03045803028248871,0.4661955778674468
2.0,Alaska,AK,2001.75,10.721666930294171,0.0,,,713.0,0.03034140721865878,0.43507574352315587
2.0,Alaska,AK,2002.0,10.741813839686404,0.0,,,703.0,0.029282136946805183,0.4240842423836709
2.0,Alaska,AK,2002.25,10.753672580749829,0.0,,,707.0,0.029633943912169836,0.45137093877709505
2.0,Alaska,AK,2002.5,10.765337481271231,0.0,,,708.0,0.02972223147609415,0.4676269861499236
2.0,Alaska,AK,2002.75,10.776814030019112,0.0,,,738.0,0.0296740698544856,0.4391868486591778
2.0,Alaska,AK,2003.0,10.788107490276287,0.0,,,707.0,0.02942872917611279,0.42901808618156506
2.0,Alaska,AK,2003.25,10.8197137792798,0.0,,,723.0,0.029815767002696843,0.45474599108424507
2.0,Alaska,AK,2003.5,10.850100753939303,0.0,,,730.0,0.030225586908312303,0.4680614819912824
2.0,Alaska,AK,2003.75,10.87935089617755,0.0,,,747.0,0.03031064566046472,0.43691590208478026
2.0,Alaska,AK,2004.0,10.907538676268151,0.0,6729.345079373747,2526.0327081115024,733.0,0.030014288184490496,0.4259709241007191
2.0,Alaska,AK,2004.25,10.915203812389214,0.0,6709.855248252801,2518.7166988555673,735.0,0.030338732095081526,0.4525189768315535
2.0,Alaska,AK,2004.5,10.922766871345903,0.0,6690.477985752115,2511.4429451257392,755.0,0.03063566555474457,0.47151780382316216
2.0,Alaska,AK,2004.75,10.930230090758831,0.0,6671.212319425711,2504.2110818894157,781.0,0.030281295157669343,0.43976045226964355
2.0,Alaska,AK,2005.0,10.937595638431477,0.0,8341.544892689963,2561.183364170413,743.0,0.03032179516782468,0.43047063280485476
2.0,Alaska,AK,2005.25,10.97084836533536,0.0,8315.499189130613,2553.1863056491816,756.0,0.030532034945854852,0.45727104461400875
2.0,Alaska,AK,2005.5,11.012563577032566,0.0,8289.615629898499,2545.2390318331636,797.0,0.030901889963702685,0.47622396655958266
2.0,Alaska,AK,2005.75,11.067853064279651,0.0,8263.89270557758,2537.341079272088,795.0,0.030632207042941832,0.4406995507612994
2.0,Alaska,AK,2006.0,11.058569491933737,0.0,10016.602942091095,2743.6539503807185,790.0,0.030248688734817904,0.43210938710878
2.0,Alaska,AK,2006.25,11.097423480441178,0.0,9998.10361812811,2738.5867890323207,788.0,0.030723455642327303,0.46438593366506464
2.0,Alaska,AK,2006.5,11.111044949032324,0.0,9979.6724997455,2733.5383099169226,797.0,0.031025330443596278,0.47795739457451375
2.0,Alaska,AK,2006.75,11.119972131498148,0.0,9961.309210434276,2728.5084099047126,836.0,0.030848957478125705,0.44268234345850077
2.0,Alaska,AK,2007.0,11.135821083021709,0.0,12190.366014993384,3145.4255475525506,831.0,0.03056298691753638,0.43539859865745506
2.0,Alaska,AK,2007.25,11.181436110835698,0.0,12158.3972760143,3137.176797007721,834.0,0.03085522228595619,0.46328575277044226
2.0,Alaska,AK,2007.5,11.197071157747088,0.0,12126.595771903594,3128.971197327007,841.0,0.03082715837266177,0.47837222309551053
2.0,Alaska,AK,2007.75,11.22277132972266,0.0,12094.960193826077,3120.8084107975274,877.0,0.030621311753349388,0.4431986164308559
2.0,Alaska,AK,2008.0,11.252447543824225,0.0,20352.968557941975,3236.550756049487,865.0,0.030572182906517517,0.43560717913657376
2.0,Alaska,AK,2008.25,11.313770640806975,0.0,20268.645473443285,3223.141609265336,860.0,0.030972816757567197,0.4646376412700482
2.0,Alaska,AK,2008.5,11.339246798241252,0.0,20185.0182132939,3209.84311321095,873.0,0.03136870198723266,0.48026736875007514
2.0,Alaska,AK,2008.75,11.25968707518111,0.0,20102.078200090513,3196.653903898511,927.0,0.0304955928940355,0.44254240088501295
2.0,Alaska,AK,2009.0,11.20570657812274,0.0,13078.13476988675,3542.5922348850686,886.0,0.030243455740848052,0.4309054531319678
2.0,Alaska,AK,2009.25,11.17351300339816,0.0,13007.707644600167,3523.515004717659,892.0,0.03009339968890489,0.45279708088615145
2.0,Alaska,AK,2009.5,11.154724456783311,0.0,12938.034971399777,3504.6421397865142,887.0,0.030076592829348457,0.466094237537328
2.0,Alaska,AK,2009.75,11.182252665503798,0.0,12869.104691748082,3485.9703736869005,959.0,0.029910721199807953,0.43168456419621154
2.0,Alaska,AK,2010.0,11.20358618582239,0.0,11317.693489498355,3610.201797961153,879.0,0.02930545032358539,0.4218402282253852
2.0,Alaska,AK,2010.25,11.224142304812528,0.0,11283.394407858683,3599.260822547844,917.0,0.029722082402787484,0.4471502316968991
2.0,Alaska,AK,2010.5,11.240222179306883,0.0,11249.30258974459,3588.3859615909305,926.0,0.029928783415834694,0.46458195289719906
2.0,Alaska,AK,2010.75,11.257011173494782,0.0,11215.416162127842,3577.5766176179754,987.0,0.029519424600214422,0.4324010496720642
2.0,Alaska,AK,2011.0,11.246012416044495,0.0,13317.870302595913,3790.714986446902,912.0,0.029077932734017514,0.4246323690501393
2.0,Alaska,AK,2011.25,11.306888319739302,0.0,13279.394376709937,3779.763440474499,941.0,0.029810694433138753,0.44891306697277117
2.0,Alaska,AK,2011.5,11.30759113069981,0.0,13241.140127747794,3768.8749912298927,963.0,0.029972444665779797,0.4673272793223103
2.0,Alaska,AK,2011.75,11.343108475872024,0.0,13203.105645443384,3758.0490949869345,981.0,0.029747803482877113,0.43398651568254926
2.0,Alaska,AK,2012.0,11.32767659103103,0.0,15672.569276791199,3520.9051155194506,973.0,0.029732358167063107,0.4267350942680485
2.0,Alaska,AK,2012.25,11.33744902652829,0.0,15641.600111393767,3513.94776915553,955.0,0.029561666893049017,0.45282021214415025
2.0,Alaska,AK,2012.5,11.328110284174157,0.0,15610.753095435322,3507.0178641496273,961.0,0.030284038889131098,0.4696065127668541
2.0,Alaska,AK,2012.75,11.315015243855324,0.0,15580.027507660468,3500.1152384688444,1006.0,0.02961118744573764,0.43667062579361005
2.0,Alaska,AK,2013.0,11.318931704750588,0.0,12927.363922706441,3697.3247982368885,988.0,0.029453953769886236,0.42643410021636297
2.0,Alaska,AK,2013.25,11.296227262802605,0.0,12928.12710571084,3697.5430744039886,969.0,0.02980176715155554,0.4526623196991278
2.0,Alaska,AK,2013.5,11.311923247576557,0.0,12928.890378831475,3697.7613763450204,989.0,0.02994467909532134,0.47057242749649836
2.0,Alaska,AK,2013.75,11.289885742884854,0.0,12929.653742084307,3697.979704064549,1022.0,0.029729276679898227,0.43485938552979747
2.0,Alaska,AK,2014.0,11.285132221692162,0.0,10351.72558893994,4814.625935754474,1024.0,0.029565429853197683,0.4286745259862043
2.0,Alaska,AK,2014.25,11.286630905013569,0.0,10348.199892530896,4812.986121288109,1004.0,0.02968291186990811,0.4561185923356799
2.0,Alaska,AK,2014.5,11.27976935275428,0.0,10344.67659693953,4811.347423450943,1019.0,0.030216750519189317,0.46987390696688086
2.0,Alaska,AK,2014.75,11.254650687628226,0.0,10341.155699714425,4809.709841102815,1064.0,0.03039901933398241,0.4367417082283556
2.0,Alaska,AK,2015.0,11.196974330322623,0.0,6126.337078712609,3911.4718676334433,1049.0,0.02968243575718881,0.43273160555178264
2.0,Alaska,AK,2015.25,11.21015643125107,0.0,6117.660754356737,3905.9323097873075,1028.0,0.030088449456027556,0.4579252285065543
2.0,Alaska,AK,2015.5,11.183168250171407,0.0,6109.008970649559,3900.4084203668144,1042.0,0.03039058450138314,0.47027254382876127
2.0,Alaska,AK,2015.75,11.152824977782112,0.0,6100.381623619698,3894.9001329895377,1095.0,0.030045309579464878,0.4336824491491898
2.0,Alaska,AK,2016.0,11.119146851556629,0.0,,,1021.0,0.029436819815229668,0.4262194689088558
4.0,Arizona,AZ,1990.0,9.861213130458983,0.0,,,402.0,0.02214382520329948,0.40497268846793844
4.0,Arizona,AZ,1990.25,9.863750631199771,0.0,,,408.0,0.022651506815605852,0.4039879880333137
4.0,Arizona,AZ,1990.5,9.866246365238649,0.0,,,403.0,0.022324274058292126,0.3934030923963442
4.0,Arizona,AZ,1990.75,9.868701362948547,0.0,,,435.0,0.022126237348274815,0.4077847638316946
4.0,Arizona,AZ,1991.0,9.871116620847063,0.0,,,417.0,0.023652686391931955,0.3952112878295169
4.0,Arizona,AZ,1991.25,9.894041627128855,0.0,,,427.0,0.023574960206702654,0.3917862690504167
4.0,Arizona,AZ,1991.5,9.916086972312804,0.0,,,414.0,0.023485537197591583,0.3822258415499399
4.0,Arizona,AZ,1991.75,9.937307397089056,0.0,,,447.0,0.02333398301573991,0.396468731523852
4.0,Arizona,AZ,1992.0,9.957752874965784,0.0,,,428.0,0.023779157962479633,0.38930214978522576
4.0,Arizona,AZ,1992.25,9.96805350384997,0.0,,,438.0,0.02403795439856419,0.3865036411752777
4.0,Arizona,AZ,1992.5,9.978058828952223,0.0,,,428.0,0.02398442335594486,0.37762670014542543
4.0,Arizona,AZ,1992.75,9.987781849690512,0.0,,,487.0,0.023685363634445254,0.39020816291233607
4.0,Arizona,AZ,1993.0,9.997234788640048,0.0,,,421.0,0.0232604588925184,0.3877461398192242
4.0,Arizona,AZ,1993.25,10.016779413765663,0.0,,,450.0,0.02320482386880589,0.3877647388168901
4.0,Arizona,AZ,1993.5,10.035538822931947,0.0,,,447.0,0.02309431806326649,0.3794559086832298
4.0,Arizona,AZ,1993.75,10.053562515535283,0.0,,,487.0,0.02329521013609725,0.39820617866458435
4.0,Arizona,AZ,1994.0,10.07089570317364,0.0,,,446.0,0.023305754013637877,0.39235847980258287
4.0,Arizona,AZ,1994.25,10.083383061892413,0.0,,,461.0,0.023255442787372568,0.39357533958310786
4.0,Arizona,AZ,1994.5,10.09545164506131,0.0,,,473.0,0.023250239582704318,0.38809217492234016
4.0,Arizona,AZ,1994.75,10.107123007761109,0.0,,,489.0,0.023364400208726353,0.40520844532271355
4.0,Arizona,AZ,1995.0,10.118417200628016,0.0,,,474.0,0.022878290553477846,0.40235151021278664
4.0,Arizona,AZ,1995.25,10.131399459449094,0.0,,,475.0,0.023025382347792105,0.40111768684694965
4.0,Arizona,AZ,1995.5,10.143997265471295,0.0,,,478.0,0.023019391782570956,0.39463991792246356
4.0,Arizona,AZ,1995.75,10.156228403959892,0.0,,,510.0,0.02306868801673845,0.41041886493241464
4.0,Arizona,AZ,1996.0,10.168109529787277,0.0,,,503.0,0.022590005537460704,0.4084524759425674
4.0,Arizona,AZ,1996.25,10.187153800617342,0.0,,,501.0,0.02269955200102066,0.4068374220155431
4.0,Arizona,AZ,1996.5,10.205544151593138,0.0,,,496.0,0.022712311224987746,0.3996108221890698
4.0,Arizona,AZ,1996.75,10.223316650949956,0.0,,,532.0,0.022709333112032135,0.41563904356033904
4.0,Arizona,AZ,1997.0,10.240504591964717,0.0,,,520.0,0.022562851093204758,0.4112209792857208
4.0,Arizona,AZ,1997.25,10.253431508919927,0.0,,,520.0,0.022384257678412293,0.41001843899900664
4.0,Arizona,AZ,1997.5,10.266000521383958,0.0,,,521.0,0.02267322998832057,0.4055615405649895
4.0,Arizona,AZ,1997.75,10.278227243197566,0.0,,,566.0,0.022746563989012026,0.4223417019583279
4.0,Arizona,AZ,1998.0,10.29012634667444,0.0,,,540.0,0.02260951618788936,0.42002655831464053
4.0,Arizona,AZ,1998.25,10.304254420764822,0.0,,,550.0,0.022406800011527995,0.418993829490779
4.0,Arizona,AZ,1998.5,10.317989478837523,0.0,,,550.0,0.02255397987214304,0.4137716491044613
4.0,Arizona,AZ,1998.75,10.331348938695406,0.0,,,612.0,0.02251386896122444,0.4286026729761226
4.0,Arizona,AZ,1999.0,10.344349144051886,0.0,,,553.0,0.022315077581355872,0.42308291248849067
4.0,Arizona,AZ,1999.25,10.339612157265604,0.0,,,579.0,0.022210892566276633,0.4233935373017389
4.0,Arizona,AZ,1999.5,10.334916689045796,0.0,,,581.0,0.022074525875777375,0.4174360371164722
4.0,Arizona,AZ,1999.75,10.330262144835118,0.0,,,633.0,0.02212119715115607,0.43227021950755745
4.0,Arizona,AZ,2000.0,10.32564794216872,0.0,,,630.0,0.022392999554701733,0.42885982328363487
4.0,Arizona,AZ,2000.25,10.329353129832835,0.0,,,612.0,0.022421716737969964,0.4272471981165234
4.0,Arizona,AZ,2000.5,10.33300477240926,0.0,,,610.0,0.022436897304530364,0.41971352227155745
4.0,Arizona,AZ,2000.75,10.336604046099785,0.0,,,652.0,0.02243189641379157,0.43489274137664535
4.0,Arizona,AZ,2001.0,10.34015209225261,0.0,,,636.0,0.02206475917122612,0.42831962036938187
4.0,Arizona,AZ,2001.25,10.347379048614137,0.0,,,638.0,0.022178958580053455,0.4232562364672158
4.0,Arizona,AZ,2001.5,10.35447187788079,0.0,,,629.0,0.02240393666869983,0.41348536214405385
4.0,Arizona,AZ,2001.75,10.361434453231825,0.0,,,667.0,0.022607330585499876,0.4221292444656993
4.0,Arizona,AZ,2002.0,10.368270494246238,0.0,,,645.0,0.02207975716492271,0.4142930606503955
4.0,Arizona,AZ,2002.25,10.378058786792211,0.0,,,652.0,0.022148723112342436,0.4122521845615708
4.0,Arizona,AZ,2002.5,10.387651265545555,0.0,,,637.0,0.02227674772539501,0.40429950534319264
4.0,Arizona,AZ,2002.75,10.397054176577385,0.0,,,684.0,0.022356557772356137,0.41667719005556547
4.0,Arizona,AZ,2003.0,10.406273487948877,0.0,,,654.0,0.022423201080727154,0.41137070678694426
4.0,Arizona,AZ,2003.25,10.416231861312,0.0,,,672.0,0.022549196032942687,0.40686661831841114
4.0,Arizona,AZ,2003.5,10.425967185929933,0.0,,,659.0,0.022699746156150516,0.4004230850269396
4.0,Arizona,AZ,2003.75,10.435487318873394,0.0,,,710.0,0.022795516525681275,0.4150735264008899
4.0,Arizona,AZ,2004.0,10.44479973460708,0.0,2121.724314114844,1877.9131852571047,682.0,0.022749612377317686,0.41107199697686153
4.0,Arizona,AZ,2004.25,10.466948551442115,0.0,2104.350054519839,1862.535432850496,693.0,0.022279766676058545,0.4093417719582926
4.0,Arizona,AZ,2004.5,10.488269136104243,0.0,2087.258030535838,1847.4074838569547,691.0,0.022291121570840174,0.4046029692198363
4.0,Arizona,AZ,2004.75,10.508811678813778,0.0,2070.4414204194413,1832.5233004317936,750.0,0.0224238318816848,0.42080657147454703
4.0,Arizona,AZ,2005.0,10.52862211330754,0.0,2385.325625950814,1951.084049756494,696.0,0.022778600110942192,0.41830720848517666
4.0,Arizona,AZ,2005.25,10.54893577636066,0.0,2366.0715119934403,1935.335091112975,723.0,0.023016709325750905,0.4195558732643257
4.0,Arizona,AZ,2005.5,10.572175342309045,0.0,2347.125743730019,1919.8383447287538,745.0,0.02338143771878811,0.416591100702734
4.0,Arizona,AZ,2005.75,10.579069710831384,0.0,2328.4809729797507,1904.5878001379224,769.0,0.023872609867719892,0.43022924372557625
4.0,Arizona,AZ,2006.0,10.599207906079856,0.0,2741.4907032361657,2072.4184423618553,767.0,0.024206930970763495,0.4300978641346531
4.0,Arizona,AZ,2006.25,10.60528797494391,0.0,2725.83189088779,2060.581228594196,753.0,0.02450552263144285,0.4294079574619291
4.0,Arizona,AZ,2006.5,10.624725686232424,0.0,2710.350942237248,2048.878470145748,752.0,0.024730868418019053,0.4242895403409183
4.0,Arizona,AZ,2006.75,10.64121190955701,0.0,2695.0448439486677,2037.3078890978477,806.0,0.02516041784131409,0.4358239500133104
4.0,Arizona,AZ,2007.0,10.641694227417744,0.0,2929.4812750529736,2333.4514220174487,801.0,0.025375015342071032,0.4301143871308087
4.0,Arizona,AZ,2007.25,10.65194883880946,0.0,2916.162004373491,2322.8420792058237,787.0,0.025653133619048713,0.4262925130747773
4.0,Arizona,AZ,2007.5,10.660976477038531,0.0,2902.9633011389824,2312.328773285889,782.0,0.02565511703325575,0.41963565410777154
4.0,Arizona,AZ,2007.75,10.645714074026705,0.0,2889.883535641721,2301.9102061289145,826.0,0.02581606682168697,0.4294319134832464
4.0,Arizona,AZ,2008.0,10.635127718553592,0.0,2809.9504455316433,2376.556160297766,818.0,0.025366212966704785,0.4200525914482849
4.0,Arizona,AZ,2008.25,10.6242190484152,0.0,2802.9443810891257,2370.6306801396427,806.0,0.025501345285781903,0.41187287499377917
4.0,Arizona,AZ,2008.5,10.613404935500798,0.0,2795.973166271584,2364.734674555013,798.0,0.025656560343409872,0.40180686057143933
4.0,Arizona,AZ,2008.75,10.585021689512876,0.0,2789.0365417001717,2358.867924170472,848.0,0.025891606358068708,0.4054543142351892
4.0,Arizona,AZ,2009.0,10.563684251733545,0.0,2387.7399161363574,2337.093817996536,807.0,0.023637925234039722,0.38916649351410987
4.0,Arizona,AZ,2009.25,10.54245365016834,0.0,2381.623800887609,2331.107431019711,807.0,0.023367138964282014,0.37638623568241464
4.0,Arizona,AZ,2009.5,10.53571595477829,0.0,2375.5389380326937,2325.151633545508,800.0,0.023192941109673192,0.3654738469547998
4.0,Arizona,AZ,2009.75,10.548293660794004,0.0,2369.485088639785,2319.2261917100573,880.0,0.023210650463135887,0.3743941243427517
4.0,Arizona,AZ,2010.0,10.533465577600726,0.0,2226.4101685436044,2296.4005185764986,798.0,0.022590660379831692,0.36869423128378687
4.0,Arizona,AZ,2010.25,10.547208217618232,0.0,2221.310294655178,2291.140322945198,820.0,0.022392098053179696,0.36699381133995057
4.0,Arizona,AZ,2010.5,10.556976581192098,0.0,2216.233731182733,2285.9041705257478,820.0,0.022473733978746416,0.35847956418436344
4.0,Arizona,AZ,2010.75,10.564764254421323,0.0,2211.180318670415,2280.6918968495725,892.0,0.022608310695615204,0.37186498777473465
4.0,Arizona,AZ,2011.0,10.559674742478483,0.0,2490.3375715131965,2269.113983983394,839.0,0.02203500978713541,0.36698255479257286
4.0,Arizona,AZ,2011.25,10.56563553430505,0.0,2482.4234388623568,2261.9028856670284,844.0,0.022060085800525858,0.36527914418193
4.0,Arizona,AZ,2011.5,10.574210208731415,0.0,2474.559448073132,2254.7374749717615,863.0,0.02220315796581909,0.3592298986199652
4.0,Arizona,AZ,2011.75,10.597229400837026,0.0,2466.7451241218764,2247.6173190716136,883.0,0.022384995595622847,0.37245953145442595
4.0,Arizona,AZ,2012.0,10.600146466233737,0.0,2711.2911958133845,2181.831839763871,886.0,0.022176506351347266,0.3700915196177374
4.0,Arizona,AZ,2012.25,10.60945045586781,0.0,2703.5533382490557,2175.6050264907417,862.0,0.02230504410162948,0.3683749151886861
4.0,Arizona,AZ,2012.5,10.60081589545784,0.0,2695.8595217291668,2169.413653952699,846.0,0.022389432234136118,0.363077288669643
4.0,Arizona,AZ,2012.75,10.600092145644313,0.0,2688.2093713225186,2163.25742043489,911.0,0.022240820996927545,0.3772289688510051
4.0,Arizona,AZ,2013.0,10.603765586267505,0.0,2856.1619486832215,2209.2145100614875,890.0,0.021472335683708207,0.373975129430124
4.0,Arizona,AZ,2013.25,10.606533593853364,0.0,2845.9186268822214,2201.291396610434,877.0,0.02149520016737708,0.372097091341891
4.0,Arizona,AZ,2013.5,10.612576396156204,0.0,2835.7485156928524,2193.424910881622,859.0,0.021518950347743395,0.3670087023899537
4.0,Arizona,AZ,2013.75,10.623822539021385,0.0,2825.6508330385122,2185.614447946126,905.0,0.021691124256643633,0.3811036761577438
4.0,Arizona,AZ,2014.0,10.625421335458409,0.0,2788.539660681194,2149.3495603343636,917.0,0.021555379596377554,0.3766005907049804
4.0,Arizona,AZ,2014.25,10.62971524053052,0.0,2778.4541098329782,2141.575823210593,888.0,0.021650302933432338,0.3737363687863259
4.0,Arizona,AZ,2014.5,10.643929813054314,0.0,2768.4412506302833,2133.858115326265,876.0,0.02177024837123505,0.36870628119685
4.0,Arizona,AZ,2014.75,10.643484009146654,0.0,2758.5003000071247,2126.19583311007,926.0,0.02202019910580801,0.38420097906152434
4.0,Arizona,AZ,2015.0,10.655440553189866,0.0,2707.808286389642,2170.8951803173127,925.0,0.021320222102759565,0.3806069566871261
4.0,Arizona,AZ,2015.25,10.660298137838808,0.0,2696.584392373204,2161.8967968101974,904.0,0.02157687149386246,0.37814677012163583
4.0,Arizona,AZ,2015.5,10.660442569436512,0.0,2685.453160589894,2152.972702164782,889.0,0.021816418734192978,0.37388111324885853
4.0,Arizona,AZ,2015.75,10.672057341516906,0.0,2674.413448255605,2144.1219801919383,966.0,0.021923467712499808,0.38902494284417966
4.0,Arizona,AZ,2016.0,10.672020612628994,0.0,,,917.0,0.021541692474366516,0.3845936171576754
5.0,Arkansas,AR,1990.0,9.705863988049888,0.0,,,340.0,0.02431016733528927,0.3742460491575525
5.0,Arkansas,AR,1990.25,9.721569811328957,0.0,,,347.0,0.024380237941745295,0.3837010052574331
5.0,Arkansas,AR,1990.5,9.73694679074082,0.0,,,344.0,0.02456258056893536,0.37800338837866293
5.0,Arkansas,AR,1990.75,9.752006909573296,0.0,,,370.0,0.02483479412725707,0.38344327421499375
5.0,Arkansas,AR,1991.0,9.766761518385517,0.0,,,353.0,0.024908692047144444,0.37336784236845666
5.0,Arkansas,AR,1991.25,9.783833690875325,0.0,,,363.0,0.025023480421551975,0.38122767826651066
5.0,Arkansas,AR,1991.5,9.800505379698055,0.0,,,360.0,0.025034547942876288,0.37560504047124116
5.0,Arkansas,AR,1991.75,9.816792751342147,0.0,,,388.0,0.02517345897081703,0.38404088866590746
5.0,Arkansas,AR,1992.0,9.8327110312397,0.0,,,370.0,0.02519221981602527,0.3784186208738689
5.0,Arkansas,AR,1992.25,9.84259832105026,0.0,,,379.0,0.025327446568541325,0.38832628917246437
5.0,Arkansas,AR,1992.5,9.852308182809352,0.0,,,375.0,0.02530187568999938,0.38035197844461954
5.0,Arkansas,AR,1992.75,9.861845795666271,0.0,,,424.0,0.02533824335125586,0.39009426742496484
5.0,Arkansas,AR,1993.0,9.87121612527086,0.0,,,367.0,0.025391818517503745,0.3837230178850085
5.0,Arkansas,AR,1993.25,9.887417812390138,0.0,,,387.0,0.02552345510379879,0.39387032599920296
5.0,Arkansas,AR,1993.5,9.90324066943402,0.0,,,392.0,0.025711054755630038,0.38918734309943204
5.0,Arkansas,AR,1993.75,9.918699742998186,0.0,,,424.0,0.02585054274548316,0.39874332049419287
5.0,Arkansas,AR,1994.0,9.933809221538414,0.0,,,382.0,0.025947276263733356,0.39228490240050296
5.0,Arkansas,AR,1994.25,9.945090278828475,0.0,,,397.0,0.026064901108624784,0.40429812386165376
5.0,Arkansas,AR,1994.5,9.956154217504071,0.0,,,404.0,0.026103616760428345,0.40143372453830645
5.0,Arkansas,AR,1994.75,9.967007904011153,0.0,,,424.0,0.026202607944226144,0.40948985645455505
5.0,Arkansas,AR,1995.0,9.977657896697313,0.0,,,406.0,0.026223880343882757,0.40396048117081373
5.0,Arkansas,AR,1995.25,9.989326862669763,0.0,,,414.0,0.02624601775580337,0.410990198172466
5.0,Arkansas,AR,1995.5,10.000778803040031,0.0,,,408.0,0.02648414843403084,0.4052917130363118
5.0,Arkansas,AR,1995.75,10.012020447048432,0.0,,,435.0,0.02664487911596545,0.41428952223914944
5.0,Arkansas,AR,1996.0,10.0230582258405,0.0,,,417.0,0.026634952095731558,0.4060439636630226
5.0,Arkansas,AR,1996.25,10.030716229486314,0.0,,,426.0,0.026694278228746593,0.4138809807403022
5.0,Arkansas,AR,1996.5,10.038273618807686,0.0,,,419.0,0.026711131738794507,0.40718389788085346
5.0,Arkansas,AR,1996.75,10.045732575372714,0.0,,,453.0,0.026735987186588556,0.41472618333588906
5.0,Arkansas,AR,1997.0,10.05309521333097,0.0,,,433.0,0.0267580129868632,0.4059699331177827
5.0,Arkansas,AR,1997.25,10.058335005745729,0.0,,,442.0,0.02676278066982506,0.41571703399284027
5.0,Arkansas,AR,1997.5,10.063522423666354,0.0,,,436.0,0.026982929686177336,0.410399296983568
5.0,Arkansas,AR,1997.75,10.068658317215386,0.0,,,480.0,0.026925682996600083,0.4196431976454356
5.0,Arkansas,AR,1998.0,10.073743516992174,0.0,,,452.0,0.026756765915708438,0.41060129584621746
5.0,Arkansas,AR,1998.25,10.088979515894335,0.0,,,464.0,0.026786374767857907,0.4184063138914024
5.0,Arkansas,AR,1998.5,10.10391469288622,0.0,,,460.0,0.026800304424903502,0.4112823138060963
5.0,Arkansas,AR,1998.75,10.118559487766772,0.0,,,506.0,0.026820970851179505,0.4198337111651385
5.0,Arkansas,AR,1999.0,10.132923813593273,0.0,,,464.0,0.02687396770568582,0.41308565811669296
5.0,Arkansas,AR,1999.25,10.130351031128418,0.0,,,481.0,0.0269271653410027,0.4205544492683082
5.0,Arkansas,AR,1999.5,10.127784562742074,0.0,,,483.0,0.026913310100764514,0.41433915748419897
5.0,Arkansas,AR,1999.75,10.125224376797515,0.0,,,522.0,0.026947430036835127,0.42410187084924894
5.0,Arkansas,AR,2000.0,10.12267044189508,0.0,,,504.0,0.02684772723539417,0.4180310671144648
5.0,Arkansas,AR,2000.25,10.130277266291843,0.0,,,499.0,0.026685472207216423,0.42520868416992663
5.0,Arkansas,AR,2000.5,10.137808480462652,0.0,,,495.0,0.026835704492176118,0.41737609631297695
5.0,Arkansas,AR,2000.75,10.145265416597296,0.0,,,525.0,0.026958047579994274,0.42451249775921523
5.0,Arkansas,AR,2001.0,10.152649372473686,0.0,,,522.0,0.02691179240673941,0.41765979793956765
5.0,Arkansas,AR,2001.25,10.16163797753729,0.0,,,518.0,0.02692567417147776,0.42275412220424763
5.0,Arkansas,AR,2001.5,10.170522917297175,0.0,,,510.0,0.027060686266118118,0.41321491303316216
5.0,Arkansas,AR,2001.75,10.179306319550005,0.0,,,546.0,0.027095056206884557,0.4181148570854818
5.0,Arkansas,AR,2002.0,10.18799024806289,0.0,,,534.0,0.027058010064573066,0.41012180545397814
5.0,Arkansas,AR,2002.25,10.198677891964069,0.0,,,535.0,0.027176146083821063,0.4168478578825104
5.0,Arkansas,AR,2002.5,10.20921592983882,0.0,,,526.0,0.027200329678646183,0.40847694934806034
5.0,Arkansas,AR,2002.75,10.219608054209658,0.0,,,564.0,0.027240237583722987,0.4150061617055172
5.0,Arkansas,AR,2003.0,10.2298578245127,0.0,,,545.0,0.027287347108942404,0.406359426349033
5.0,Arkansas,AR,2003.25,10.251079556056226,0.0,,,547.0,0.027305780027963772,0.41023883449250986
5.0,Arkansas,AR,2003.5,10.271766834195097,0.0,,,542.0,0.027279924274390622,0.4030045716182647
5.0,Arkansas,AR,2003.75,10.291943862755584,0.0,,,588.0,0.02734531123648768,0.4129110042026483
5.0,Arkansas,AR,2004.0,10.311633249925473,0.0,2777.7098912384904,1029.166239345147,563.0,0.02715255487353829,0.40613546419482077
5.0,Arkansas,AR,2004.25,10.325964197622588,0.0,2769.79969909761,1026.2354427476314,568.0,0.027284476056773456,0.411897022299324
5.0,Arkansas,AR,2004.5,10.340012988658149,0.0,2761.9344313454353,1023.3212910360069,571.0,0.0273972057844251,0.4040680436507212
5.0,Arkansas,AR,2004.75,10.353789221222048,0.0,2754.1137063567335,1020.4236428147286,623.0,0.02766038368239653,0.41326976518566655
5.0,Arkansas,AR,2005.0,10.367302021092048,0.0,3136.8064472400642,1064.4943344299031,580.0,0.027703816155998873,0.4072624339723977
5.0,Arkansas,AR,2005.25,10.372859368512373,0.0,3125.381950751327,1060.6173621045384,593.0,0.02769570620898138,0.41369575947041415
5.0,Arkansas,AR,2005.5,10.383141217673945,0.0,3114.0403701111113,1056.7685277763599,599.0,0.027825084983413823,0.4059798291038847
5.0,Arkansas,AR,2005.75,10.407140324099212,0.0,3102.7808059126587,1052.9475262262167,634.0,0.02781872922664893,0.4146279958528878
5.0,Arkansas,AR,2006.0,10.407424642690854,0.0,3335.889892871863,1154.8231760237668,622.0,0.028459178505904646,0.41111029601727433
5.0,Arkansas,AR,2006.25,10.42461416279737,0.0,3327.96172648362,1152.0785919449938,613.0,0.02866942910126832,0.4171709342807669
5.0,Arkansas,AR,2006.5,10.424568132470329,0.0,3320.0711553360065,1149.3470226408633,604.0,0.028766168801520737,0.4068660984186155
5.0,Arkansas,AR,2006.75,10.41928412577409,0.0,3312.217912647498,1146.6283757565618,652.0,0.02882233723218333,0.41455440472287397
5.0,Arkansas,AR,2007.0,10.407274614978723,0.0,3466.523440928159,1148.1684306601373,641.0,0.02884278517894441,0.4097133730012462
5.0,Arkansas,AR,2007.25,10.422476948242416,0.0,3458.660668565941,1145.5641537361223,639.0,0.028950035830292604,0.4146400777642271
5.0,Arkansas,AR,2007.5,10.430445269996069,0.0,3450.8334841812384,1142.971664123802,630.0,0.02914661088439273,0.4051288986611928
5.0,Arkansas,AR,2007.75,10.482589632180192,0.0,3443.0416467055643,1140.3908819774078,713.0,0.02924815852288536,0.41320714894550753
5.0,Arkansas,AR,2008.0,10.438181448643288,0.0,3557.8959379437647,1184.8638084377612,667.0,0.02955067116498768,0.4072292026287672
5.0,Arkansas,AR,2008.25,10.46179878962458,0.0,3551.012390515867,1182.5714237353309,661.0,0.029705642243981492,0.4112565088654244
5.0,Arkansas,AR,2008.5,10.464078637379366,0.0,3544.1554271868663,1180.287892168915,651.0,0.029830559221623466,0.4019291458665323
5.0,Arkansas,AR,2008.75,10.44568400655021,0.0,3537.3248942528126,1178.0131625514489,707.0,0.029972979873987934,0.4060193947592075
5.0,Arkansas,AR,2009.0,10.44778278527341,0.0,3542.198179190242,1214.7713907864527,694.0,0.029590488680263306,0.39429084236414147
5.0,Arkansas,AR,2009.25,10.408540346454483,0.0,3534.525999687923,1212.1402720028825,667.0,0.029415138345462194,0.3938722250792908
5.0,Arkansas,AR,2009.5,10.416335932041864,0.0,3526.8869832774167,1209.5205262631473,659.0,0.029533387937591662,0.383346755257092
5.0,Arkansas,AR,2009.75,10.431165565632403,0.0,3519.2809154006213,1206.912079986089,725.0,0.02946420885226122,0.3899473895468006
5.0,Arkansas,AR,2010.0,10.43041658933566,0.0,3601.5112962205617,1176.352115592258,674.0,0.029059255748213123,0.3826721127175098
5.0,Arkansas,AR,2010.25,10.46547370352182,0.0,3596.127556687561,1174.5936389782632,685.0,0.02907937633986412,0.39220007361795334
5.0,Arkansas,AR,2010.5,10.484065975489258,0.0,3590.7598889565247,1172.8404118544643,684.0,0.029001850724594165,0.3832480762564045
5.0,Arkansas,AR,2010.75,10.48884598628524,0.0,3585.4082211672203,1171.0924107493445,745.0,0.029221988822597793,0.3908514539816138
5.0,Arkansas,AR,2011.0,10.48654998032291,0.0,3782.2525857350233,1201.6738941035069,714.0,0.029015207724597404,0.3824895426977827
5.0,Arkansas,AR,2011.25,10.501563794002688,0.0,3778.6558161650228,1200.5311507257438,702.0,0.029048792250664535,0.39006078369995806
5.0,Arkansas,AR,2011.5,10.510349139558032,0.0,3775.0658808613257,1199.3905786887933,715.0,0.029206587644719735,0.3829015014486829
5.0,Arkansas,AR,2011.75,10.51565393654262,0.0,3771.48276036361,1198.2521718098421,736.0,0.02869818280008698,0.39318083314138796
5.0,Arkansas,AR,2012.0,10.519164528015107,0.0,3800.7377947832456,1258.9107275090362,747.0,0.028711638145040897,0.3869385131475121
5.0,Arkansas,AR,2012.25,10.523165259842022,0.0,3798.1704414583432,1258.0603482362376,717.0,0.028813828253286548,0.39261965275946814
5.0,Arkansas,AR,2012.5,10.518536541249611,0.0,3795.60655422561,1257.2111170301698,708.0,0.028922310887766298,0.3818282490724865
5.0,Arkansas,AR,2012.75,10.51160294078838,0.0,3793.0461260706097,1256.363031567455,768.0,0.028735044189093232,0.39167517990828754
5.0,Arkansas,AR,2013.0,10.556475656167208,0.0,3915.778850108985,1278.485248235436,765.0,0.029151343022169134,0.3858782384701018
5.0,Arkansas,AR,2013.25,10.557422379346136,0.0,3913.0513714502886,1277.5947379784734,734.0,0.02933673092428958,0.3900838147680201
5.0,Arkansas,AR,2013.5,10.566678590900162,0.0,3910.3276897178757,1276.7054674018977,724.0,0.02940406627204955,0.38144450116655343
5.0,Arkansas,AR,2013.75,10.568023927402228,0.0,3907.6077969887,1275.817433918869,772.0,0.029420040593962644,0.3906918610855969
5.0,Arkansas,AR,2014.0,10.57552062423071,0.0,4031.5681759351137,1300.1079910695025,784.0,0.029140736226756978,0.3853144279304543
5.0,Arkansas,AR,2014.25,10.588198502721616,0.0,4027.854823497976,1298.9105019123062,746.0,0.029196396979472898,0.3923009149767985
5.0,Arkansas,AR,2014.5,10.595117121825815,0.0,4024.1483052736316,1297.7152166654191,737.0,0.02924960027856442,0.3849783801378187
5.0,Arkansas,AR,2014.75,10.60138199813422,0.0,4020.4486024124594,1296.5221292501785,807.0,0.02931984792870803,0.3959603503648441
5.0,Arkansas,AR,2015.0,10.58504849796302,0.0,4156.412354807306,1341.9057287246887,789.0,0.02935840016280186,0.39036323597347933
5.0,Arkansas,AR,2015.25,10.596986379689255,0.0,4152.788247620515,1340.7356787440024,762.0,0.029401918685648912,0.39719716985856257
5.0,Arkansas,AR,2015.5,10.603924268225128,0.0,4149.170454874968,1339.567667392825,755.0,0.029487600025544323,0.39136984104023714
5.0,Arkansas,AR,2015.75,10.602129549496892,0.0,4145.558960082132,1338.4016893478026,839.0,0.029698733031014946,0.4011819763043722
5.0,Arkansas,AR,2016.0,10.60060975802654,0.0,,,792.0,0.02942326071999379,0.3955841906918926
6.0,California,CA,1990.0,10.16644911996242,0.0,,,500.0,0.024312984511833526,0.4382384272758525
6.0,California,CA,1990.25,10.167492519658918,0.0,,,488.0,0.02422395658247768,0.4474086031543625
6.0,California,CA,1990.5,10.16852592328429,0.0,,,486.0,0.024537829182502212,0.4435183248242932
6.0,California,CA,1990.75,10.169549474345562,0.0,,,539.0,0.02475406098250621,0.44371655777726005
6.0,California,CA,1991.0,10.170563313605673,0.0,,,521.0,0.02675002899791281,0.41991323154371574
6.0,California,CA,1991.25,10.172028690271272,0.0,,,516.0,0.02710986168176974,0.4213937507124671
6.0,California,CA,1991.5,10.173480301419447,0.0,,,517.0,0.027480545692375555,0.419191150082187
6.0,California,CA,1991.75,10.174918341618154,0.0,,,563.0,0.028842348549371857,0.4195167512547283
6.0,California,CA,1992.0,10.176343001758132,0.0,,,544.0,0.029199015795251516,0.4016968171333228
6.0,California,CA,1992.25,10.179788293378264,0.0,,,533.0,0.0285712834115845,0.41030631553774205
6.0,California,CA,1992.5,10.183205033838805,0.0,,,536.0,0.028762156720836728,0.4064103648573954
6.0,California,CA,1992.75,10.186593596279094,0.0,,,618.0,0.028945026117923243,0.401685970151131
6.0,California,CA,1993.0,10.18995434706196,0.0,,,539.0,0.02930148711309698,0.3907377364859642
6.0,California,CA,1993.25,10.198781340425615,0.0,,,549.0,0.028885013425151904,0.39896197914831777
6.0,California,CA,1993.5,10.207501922238997,0.0,,,557.0,0.02917637117644884,0.39836481479358027
6.0,California,CA,1993.75,10.216118330892137,0.0,,,622.0,0.029412595587801228,0.3977066591435983
6.0,California,CA,1994.0,10.224632736140142,0.0,,,560.0,0.02949658129445128,0.3915747190715272
6.0,California,CA,1994.25,10.237411391709506,0.0,,,561.0,0.027372910525247336,0.4001198230498376
6.0,California,CA,1994.5,10.249986512128832,0.0,,,572.0,0.027939524179530176,0.4014520478232116
6.0,California,CA,1994.75,10.26236389279263,0.0,,,607.0,0.028671540628020954,0.40240141154333187
6.0,California,CA,1995.0,10.274549087624848,0.0,,,593.0,0.029529301507554624,0.3954986443758434
6.0,California,CA,1995.25,10.28635967017618,0.0,,,575.0,0.030082418772901246,0.40632829858159236
6.0,California,CA,1995.5,10.29797424995872,0.0,,,574.0,0.030719041148753602,0.40732601346813224
6.0,California,CA,1995.75,10.309398430288317,0.0,,,624.0,0.03134462403730325,0.4085591670974625
6.0,California,CA,1996.0,10.32063758252658,0.0,,,609.0,0.03200341646464096,0.40261085710749756
6.0,California,CA,1996.25,10.348540680719458,0.0,,,592.0,0.02928500741680255,0.41494234093686
6.0,California,CA,1996.5,10.375576962027218,0.0,,,590.0,0.029366037116981696,0.4140139601985958
6.0,California,CA,1996.75,10.401795640907068,0.0,,,654.0,0.028637355942660366,0.4178547136766964
6.0,California,CA,1997.0,10.427241872318351,0.0,,,635.0,0.0285548530485781,0.41146135849077814
6.0,California,CA,1997.25,10.439353663342043,0.0,,,623.0,0.028206863405507637,0.4221968833533416
6.0,California,CA,1997.5,10.45122904367791,0.0,,,626.0,0.028957205390142605,0.42163722069396264
6.0,California,CA,1997.75,10.46287568164484,0.0,,,700.0,0.029935512370619963,0.4217646270653108
6.0,California,CA,1998.0,10.474300890850454,0.0,,,674.0,0.03108745775398626,0.4194805129716174
6.0,California,CA,1998.25,10.49127527160118,0.0,,,657.0,0.030881068542585564,0.42748829874060107
6.0,California,CA,1998.5,10.507839620619436,0.0,,,656.0,0.031623755213719296,0.4304079732187689
6.0,California,CA,1998.75,10.524010810317955,0.0,,,740.0,0.03218676236044778,0.43405265805950616
6.0,California,CA,1999.0,10.53980471561083,0.0,,,697.0,0.03234497332080207,0.42445524810601326
6.0,California,CA,1999.25,10.542232947543331,0.0,,,693.0,0.03150076248407742,0.43280266886524416
6.0,California,CA,1999.5,10.544620515350395,0.0,,,705.0,0.031223986695155446,0.43303112193123494
6.0,California,CA,1999.75,10.54696843865374,0.0,,,795.0,0.03181215305711477,0.43565276459980695
6.0,California,CA,2000.0,10.54927770305577,0.0,,,801.0,0.029766555391043132,0.426814164314634
6.0,California,CA,2000.25,10.55065938985719,0.0,,,758.0,0.030137832474976124,0.43858838285916024
6.0,California,CA,2000.5,10.552029272512977,0.0,,,781.0,0.03037630955504613,0.43871673202498873
6.0,California,CA,2000.75,10.553387502918037,0.0,,,834.0,0.031224404699503373,0.44050197233765354
6.0,California,CA,2001.0,10.554734230351182,0.0,,,824.0,0.030160653917471674,0.43195137618849266
6.0,California,CA,2001.25,10.560400982122772,0.0,,,770.0,0.03033603800939738,0.43825001494044846
6.0,California,CA,2001.5,10.566004010393264,0.0,,,758.0,0.031015625791937198,0.4315467035482627
6.0,California,CA,2001.75,10.571544470511489,0.0,,,827.0,0.03158822682804521,0.4289386216341499
6.0,California,CA,2002.0,10.57702348832387,0.0,,,810.0,0.03154616749106148,0.41906352163071314
6.0,California,CA,2002.25,10.588565706624996,0.0,,,772.0,0.031090875750546827,0.42759977844362135
6.0,California,CA,2002.5,10.599914525070306,0.0,,,767.0,0.03185956415373792,0.4235960140626211
6.0,California,CA,2002.75,10.611075477017195,0.0,,,837.0,0.032540916205579244,0.42469990326479196
6.0,California,CA,2003.0,10.622053867291209,0.0,,,818.0,0.03286275706526045,0.414768191412293
6.0,California,CA,2003.25,10.632276532020144,0.0,,,790.0,0.03211834588795101,0.4220491528204695
6.0,California,CA,2003.5,10.6423500598782,0.0,,,798.0,0.03275070140249438,0.41730589483531183
6.0,California,CA,2003.75,10.652278190972636,0.0,,,870.0,0.03335988061211682,0.4202892921108584
6.0,California,CA,2004.0,10.662064529538895,0.0,2929.6811014697687,2612.81627081093,855.0,0.03340930894018245,0.41271769479416986
6.0,California,CA,2004.25,10.693127751380034,0.0,2924.4739754751804,2608.172330719294,820.0,0.032685074593057556,0.4212421941140674
6.0,California,CA,2004.5,10.723149733398452,0.0,2919.2853266143175,2603.544869334372,829.0,0.033534475163264195,0.41937771597852636
6.0,California,CA,2004.75,10.752194847143867,0.0,2914.115056714074,2598.9337991011434,929.0,0.034232172517231686,0.4234724784841082
6.0,California,CA,2005.0,10.780321688424774,0.0,3355.551280183738,2672.907568263129,872.0,0.033855362558771515,0.41539579874847965
6.0,California,CA,2005.25,10.79380812734935,0.0,3351.032341158827,2669.3079492105053,850.0,0.03334798763954136,0.42580243754659725
6.0,California,CA,2005.5,10.814866181452466,0.0,3346.5255571238877,2665.7180123716157,887.0,0.03412335665233038,0.4253270747573498
6.0,California,CA,2005.75,10.825754703109434,0.0,3342.030879103261,2662.1377187342673,945.0,0.03481388611641119,0.4308267656960637
6.0,California,CA,2006.0,10.850873348425452,0.0,3741.093786931375,2992.1173368950876,951.0,0.03498803288130141,0.424324855492977
6.0,California,CA,2006.25,10.853522687126588,0.0,3735.154524286109,2987.367129671908,887.0,0.03436843863090488,0.43132603304872763
6.0,California,CA,2006.5,10.862976932178146,0.0,3729.2340897858335,2982.6319811514118,892.0,0.035010641052996914,0.42908421376667916
6.0,California,CA,2006.75,10.872570529392585,0.0,3723.33239404116,2977.9118198401925,988.0,0.035776746678495834,0.4327079655211274
6.0,California,CA,2007.0,10.874870033221708,0.0,3791.27781827858,3362.5493585420554,987.0,0.034578130929690504,0.4256244403898585
6.0,California,CA,2007.25,10.887020856866798,0.0,3782.043815817617,3354.3595632961915,934.0,0.035192394469082545,0.43225882808835664
6.0,California,CA,2007.5,10.897360107462466,0.0,3772.854684576885,3346.209565105579,932.0,0.035780091889264225,0.4294291193793611
6.0,California,CA,2007.75,10.910563799066962,0.0,3763.7100982818943,3338.099074591772,1035.0,0.036501839934874276,0.43221122046413996
6.0,California,CA,2008.0,10.89313673197126,0.0,3838.729000883147,3489.2499213959263,1006.0,0.03516749941407216,0.4221000824756549
6.0,California,CA,2008.25,10.908596247747592,0.0,3829.3948583893193,3480.7655621313384,955.0,0.03579824361550092,0.42739854986360915
6.0,California,CA,2008.5,10.909974672371035,0.0,3820.1059990485223,3472.3223634274764,959.0,0.03634771191728478,0.4202004689712213
6.0,California,CA,2008.75,10.875045419642822,0.0,3810.862094131792,3463.9200264829633,1042.0,0.03696723199708744,0.417391168429151
6.0,California,CA,2009.0,10.867722147505894,0.0,3400.616900482394,3435.9639394025558,994.0,0.03542022371604581,0.3997552949335099
6.0,California,CA,2009.25,10.848759024247675,0.0,3392.094363232693,3427.3528163272,948.0,0.035818607137408545,0.39871499935693117
6.0,California,CA,2009.5,10.83968499366928,0.0,3383.6144371125743,3418.7847472943745,951.0,0.03626945808777823,0.3886477340974839
6.0,California,CA,2009.75,10.844062739526644,0.0,3375.176803347148,3410.2594102157473,1074.0,0.03672858685330416,0.3902612653983129
6.0,California,CA,2010.0,10.85225938342756,0.0,3512.845915047364,3300.0184690707356,1004.0,0.03484956948582723,0.3801779057680957
6.0,California,CA,2010.25,10.861272673210337,0.0,3504.76816035093,3292.4301089970213,980.0,0.03525028869900953,0.3880720267115433
6.0,California,CA,2010.5,10.867854337856237,0.0,3496.7274698609694,3284.8765675771456,984.0,0.03582709326090309,0.38319296053331664
6.0,California,CA,2010.75,10.89060245231061,0.0,3488.7235890616585,3277.357605715247,1130.0,0.036464304566724365,0.3876493293561563
6.0,California,CA,2011.0,10.886843386555569,0.0,3852.833971492477,3310.3368138869105,1066.0,0.03562483615606937,0.3803561908550007
6.0,California,CA,2011.25,10.893606825351224,0.0,3844.308726035759,3303.0119631169036,1016.0,0.03614242658897737,0.38720337043618813
6.0,California,CA,2011.5,10.896584073233988,0.0,3835.821125255961,3295.7194564761216,1049.0,0.03673224801284379,0.3845218571933999
6.0,California,CA,2011.75,10.899977534000689,0.0,3827.3709203626236,3288.4590802049725,1100.0,0.03719272897635947,0.38929755249029824
6.0,California,CA,2012.0,10.915579076433028,0.0,3733.9868376252666,3306.3062096061794,1118.0,0.03351104996401838,0.3854834690192302
6.0,California,CA,2012.25,10.925013037759475,0.0,3726.0436340403203,3299.272798809858,1027.0,0.03717885775875153,0.3932702286141852
6.0,California,CA,2012.5,10.9325619560363,0.0,3718.1341534178546,3292.269248440235,1035.0,0.03443751422220628,0.3922006046214932
6.0,California,CA,2012.75,10.950889674877068,0.0,3710.25818145594,3285.2953687409363,1186.0,0.03478574947282056,0.39824603090283084
6.0,California,CA,2013.0,10.945460012844132,0.0,4215.351357341188,3341.6791871429505,1115.0,0.03375722309335365,0.3927268016988632
6.0,California,CA,2013.25,10.954019838916423,0.0,4205.871958016017,3334.164484631527,1047.0,0.03452245185047873,0.4005980255158395
6.0,California,CA,2013.5,10.969162077163258,0.0,4196.435097205045,3326.6835041175136,1056.0,0.03476393928623649,0.4001331342180316
6.0,California,CA,2013.75,10.990698608806715,0.0,4187.040489213875,3319.2360191194275,1175.0,0.03532143804795867,0.4057747406970542
6.0,California,CA,2014.0,10.99266163578687,0.0,4323.20083266095,3411.803423971732,1164.0,0.03530277675157268,0.40024530682440895
6.0,California,CA,2014.25,11.008727644706918,0.0,4314.469179070692,3404.912537619399,1072.0,0.03497700571807764,0.40818713699243603
6.0,California,CA,2014.5,11.027490739768371,0.0,4305.772725370857,3398.0494304777294,1097.0,0.03536832754530912,0.40788188353787214
6.0,California,CA,2014.75,11.031672517225454,0.0,4297.1112591377905,3391.21393490525,1209.0,0.03589740196474902,0.41352225215090693
6.0,California,CA,2015.0,11.05217988243134,0.0,4680.98889212016,3670.759097439243,1206.0,0.03564705182395008,0.4086902905083884
6.0,California,CA,2015.25,11.06783642692606,0.0,4673.316361248444,3664.742417385772,1130.0,0.03595612845543127,0.4165929295618963
6.0,California,CA,2015.5,11.072981860520455,0.0,4665.6689410531735,3658.745428736432,1134.0,0.03637574209085566,0.41816716912719537
6.0,California,CA,2015.75,11.079818828279686,0.0,4658.046508462325,3652.7680349800457,1275.0,0.03696442819297615,0.4239671129296008
6.0,California,CA,2016.0,11.089069949136547,0.0,,,1204.0,0.03673183122442979,0.41812126263962296
8.0,Colorado,CO,1990.0,10.036599597828136,0.0,,,435.0,0.029642177542872242,0.4440526888735842
8.0,Colorado,CO,1990.25,10.044390912658557,0.0,,,428.0,0.02989848288948445,0.45133565134454695
8.0,Colorado,CO,1990.5,10.052030533986803,0.0,,,433.0,0.03005136721576964,0.4532307492686668
8.0,Colorado,CO,1990.75,10.059523065791817,0.0,,,483.0,0.03010711654004852,0.4523029653951643
8.0,Colorado,CO,1991.0,10.066872919927832,0.0,,,455.0,0.029736481062519506,0.44059676281425797
8.0,Colorado,CO,1991.25,10.082217575190208,0.0,,,453.0,0.02977866189617623,0.4448944115047859
8.0,Colorado,CO,1991.5,10.097093164211152,0.0,,,456.0,0.029743756336209865,0.44563516196822206
8.0,Colorado,CO,1991.75,10.111522444511555,0.0,,,488.0,0.029809434796672214,0.44670735778528997
8.0,Colorado,CO,1992.0,10.125526641944244,0.0,,,477.0,0.02936893349683733,0.43895512288210214
8.0,Colorado,CO,1992.25,10.14078765143653,0.0,,,465.0,0.029548806368888073,0.44562445648709137
8.0,Colorado,CO,1992.5,10.15557204316096,0.0,,,471.0,0.029714446782573546,0.448804701238252
8.0,Colorado,CO,1992.75,10.169903344680543,0.0,,,521.0,0.029945998299103008,0.44940275517041134
8.0,Colorado,CO,1993.0,10.183803476684604,0.0,,,476.0,0.029780553853714746,0.44344437083637034
8.0,Colorado,CO,1993.25,10.199053131670228,0.0,,,479.0,0.029511917651250878,0.4511846020160605
8.0,Colorado,CO,1993.5,10.21384933056438,0.0,,,490.0,0.029944798935717592,0.45510337968536513
8.0,Colorado,CO,1993.75,10.228213552697136,0.0,,,538.0,0.029998164509458053,0.4564774353016636
8.0,Colorado,CO,1994.0,10.242165862610271,0.0,,,494.0,0.030233329967928407,0.44951346627398836
8.0,Colorado,CO,1994.25,10.254738039981111,0.0,,,489.0,0.030302769682322813,0.46009954648340123
8.0,Colorado,CO,1994.5,10.266986626359978,0.0,,,510.0,0.030521184385115207,0.46360751146575097
8.0,Colorado,CO,1994.75,10.27892484065803,0.0,,,532.0,0.03074717805238012,0.46638582625186786
8.0,Colorado,CO,1995.0,10.2905651516359,0.0,,,522.0,0.03084261886301162,0.4596920598758236
8.0,Colorado,CO,1995.25,10.30288898353989,0.0,,,505.0,0.031100139344780182,0.4657986238163448
8.0,Colorado,CO,1995.5,10.314917013510003,0.0,,,517.0,0.031314798379939654,0.47097731807937865
8.0,Colorado,CO,1995.75,10.326660604861504,0.0,,,553.0,0.03114553305477299,0.4714158709334941
8.0,Colorado,CO,1996.0,10.338130511184144,0.0,,,551.0,0.031429561231559815,0.45949401339261264
8.0,Colorado,CO,1996.25,10.361953984008768,0.0,,,533.0,0.031762286834963335,0.47160891328033494
8.0,Colorado,CO,1996.5,10.384938163077548,0.0,,,539.0,0.03161219737562301,0.47658012592592125
8.0,Colorado,CO,1996.75,10.407132397197309,0.0,,,587.0,0.031984273280545775,0.47574812017547663
8.0,Colorado,CO,1997.0,10.428581919571393,0.0,,,576.0,0.03218356650448337,0.4658725317773824
8.0,Colorado,CO,1997.25,10.449147600276724,0.0,,,554.0,0.03255402492208833,0.4792126502904675
8.0,Colorado,CO,1997.5,10.469057636413517,0.0,,,575.0,0.03323863063637164,0.48304644709998806
8.0,Colorado,CO,1997.75,10.488346654596738,0.0,,,625.0,0.032587314067940236,0.4849413996195471
8.0,Colorado,CO,1998.0,10.507046691180491,0.0,,,614.0,0.03263147436537428,0.4780508241472392
8.0,Colorado,CO,1998.25,10.5238616568492,0.0,,,597.0,0.03279983904377038,0.4864212285259725
8.0,Colorado,CO,1998.5,10.540183496472904,0.0,,,623.0,0.03252776663357969,0.4904415943266036
8.0,Colorado,CO,1998.75,10.556035671059917,0.0,,,676.0,0.03248931076025028,0.4902181103677612
8.0,Colorado,CO,1999.0,10.57144007401744,0.0,,,633.0,0.032808662906783644,0.4835625404340445
8.0,Colorado,CO,1999.25,10.573818302447677,0.0,,,633.0,0.033243683098622606,0.49343661683321105
8.0,Colorado,CO,1999.5,10.576162930612696,0.0,,,644.0,0.03353584072094984,0.4973088977562761
8.0,Colorado,CO,1999.75,10.578474671898505,0.0,,,727.0,0.03311531657199566,0.4961404460253199
8.0,Colorado,CO,2000.0,10.580754219466236,0.0,,,700.0,0.03340088714353694,0.49101104457419026
8.0,Colorado,CO,2000.25,10.583344809271848,0.0,,,690.0,0.033874339684427324,0.5010516599689578
8.0,Colorado,CO,2000.5,10.585899585326036,0.0,,,711.0,0.03419460805282266,0.506288030569479
8.0,Colorado,CO,2000.75,10.588419293361564,0.0,,,760.0,0.033931641148008444,0.5042993113717112
8.0,Colorado,CO,2001.0,10.590904658332729,0.0,,,746.0,0.034310379382907104,0.4955455126703116
8.0,Colorado,CO,2001.25,10.5920644543864,0.0,,,710.0,0.034639715385428885,0.4992197631022287
8.0,Colorado,CO,2001.5,10.593214502877403,0.0,,,705.0,0.03486728996658065,0.49747821158886524
8.0,Colorado,CO,2001.75,10.594354926928345,0.0,,,759.0,0.03445109643259547,0.4865957177139474
8.0,Colorado,CO,2002.0,10.59548584758461,0.0,,,735.0,0.034554336512110484,0.474097071252206
8.0,Colorado,CO,2002.25,10.60404059585252,0.0,,,708.0,0.0348992080533557,0.4815605969275841
8.0,Colorado,CO,2002.5,10.612486888250018,0.0,,,712.0,0.03494702043587757,0.4813321775687802
8.0,Colorado,CO,2002.75,10.620827069911078,0.0,,,769.0,0.03469700776727839,0.4755148856700686
8.0,Colorado,CO,2003.0,10.62906341264549,0.0,,,743.0,0.03500759152893128,0.4632158258279212
8.0,Colorado,CO,2003.25,10.64540027881959,0.0,,,724.0,0.03516439902211356,0.4667008677671184
8.0,Colorado,CO,2003.5,10.661393469018083,0.0,,,744.0,0.03540608837352101,0.4682723428654911
8.0,Colorado,CO,2003.75,10.67705569779126,0.0,,,784.0,0.035075930337901136,0.4651819067961354
8.0,Colorado,CO,2004.0,10.692398996277785,0.0,2253.9684586688604,2746.084437355697,770.0,0.03505629382911043,0.4578198284172453
8.0,Colorado,CO,2004.25,10.708371265188427,0.0,2246.9850209678343,2737.576283873657,744.0,0.035395030987485,0.46729411736506876
8.0,Colorado,CO,2004.5,10.723996064601662,0.0,2240.044722974647,2729.120688926708,753.0,0.03577620743396719,0.47039664414044785
8.0,Colorado,CO,2004.75,10.73928645788598,0.0,2233.1471661812934,2720.7171669993472,831.0,0.03561493712439452,0.4688315430993677
8.0,Colorado,CO,2005.0,10.754254798591326,0.0,2441.131996283157,2885.1280514554755,786.0,0.035951646499224506,0.46246570153106753
8.0,Colorado,CO,2005.25,10.757770192088191,0.0,2429.52238029399,2871.4068643963687,769.0,0.03638186693046718,0.4698164549832626
8.0,Colorado,CO,2005.5,10.771463718423558,0.0,2418.0226684078407,2857.8155709321472,808.0,0.03674193469400237,0.4733280006050554
8.0,Colorado,CO,2005.75,10.769614709895752,0.0,2406.631307342348,2844.352335267566,835.0,0.03623382702544336,0.47167870730819733
8.0,Colorado,CO,2006.0,10.791655313624954,0.0,2707.1069690152767,3086.9568256912567,858.0,0.03646368132686414,0.46522511506560604
8.0,Colorado,CO,2006.25,10.7879252687101,0.0,2695.195927137252,3073.374476546096,794.0,0.03673899112882759,0.4732067406982964
8.0,Colorado,CO,2006.5,10.80306161937896,0.0,2683.3892412569085,3059.9111261930157,818.0,0.037149011931701795,0.47518413706595064
8.0,Colorado,CO,2006.75,10.799761887966206,0.0,2671.685545917325,3046.565217579925,877.0,0.03666856627371475,0.47365296595772804
8.0,Colorado,CO,2007.0,10.810322973678636,0.0,2864.2077592473397,3296.1775802332622,888.0,0.036801594048795676,0.466721608503814
8.0,Colorado,CO,2007.25,10.828088470777931,0.0,2851.4663287003896,3281.5145315862624,832.0,0.03718043530048234,0.47557783657164143
8.0,Colorado,CO,2007.5,10.840127923275604,0.0,2838.8377566307163,3266.9813623383184,845.0,0.037330617589052074,0.47778434110155316
8.0,Colorado,CO,2007.75,10.867304322025104,0.0,2826.320550167313,3252.5763544688257,927.0,0.03650150890527826,0.4761257322809802
8.0,Colorado,CO,2008.0,10.848736897269983,0.0,2997.3616130133973,3440.8149325218365,920.0,0.03641489407390592,0.4679475826545297
8.0,Colorado,CO,2008.25,10.867799404417749,0.0,2984.7770918395013,3426.368558021748,858.0,0.03652349363346831,0.4731213540525104
8.0,Colorado,CO,2008.5,10.867770328810332,0.0,2972.2978018997305,3412.0429834946012,877.0,0.03658819145349412,0.47301353437589516
8.0,Colorado,CO,2008.75,10.834306210203744,0.0,2959.9224287809216,3397.836700062581,932.0,0.035767582207997806,0.46444183753178386
8.0,Colorado,CO,2009.0,10.820981254292676,0.0,2760.476610430605,3481.8368949729447,913.0,0.03546079749486897,0.44607006228302254
8.0,Colorado,CO,2009.25,10.799076400203418,0.0,2749.906449858401,3468.5045686177705,851.0,0.03527612931461993,0.44261611023845504
8.0,Colorado,CO,2009.5,10.804534309191496,0.0,2739.4169290615287,3455.273954605996,876.0,0.03517889070965016,0.43855582684576944
8.0,Colorado,CO,2009.75,10.809833093187374,0.0,2729.0071287451365,3442.1438934151274,965.0,0.03415148935087248,0.4336742348496624
8.0,Colorado,CO,2010.0,10.807252464013432,0.0,2677.5520317930914,3437.3489198287702,912.0,0.033959415637149305,0.42408403787894994
8.0,Colorado,CO,2010.25,10.809246861425224,0.0,2668.3403496159644,3425.523280063276,870.0,0.03397799439526434,0.4305986115873182
8.0,Colorado,CO,2010.5,10.819250556134408,0.0,2659.1918327168946,3413.778729702477,898.0,0.0340676565092332,0.43132575404383305
8.0,Colorado,CO,2010.75,10.837158271254506,0.0,2650.1058336213528,3402.1144375409117,1001.0,0.03328157154056779,0.42988309389011536
8.0,Colorado,CO,2011.0,10.828822205856204,0.0,2902.557850561508,3402.8546253096692,952.0,0.03300647082268539,0.42350212437838164
8.0,Colorado,CO,2011.25,10.837237726686055,0.0,2892.4554538884913,3391.010938115343,900.0,0.03304617918946201,0.4308717532020566
8.0,Colorado,CO,2011.5,10.844378835106664,0.0,2882.4231363938725,3379.249409234003,948.0,0.03332483850035511,0.43358248384195136
8.0,Colorado,CO,2011.75,10.852397834763908,0.0,2872.460171401135,3367.5691867361893,975.0,0.03281657385181652,0.4324843806501762
8.0,Colorado,CO,2012.0,10.855639621754772,0.0,2984.188419472021,3394.8511589988725,1003.0,0.032830706451629686,0.42706393054003117
8.0,Colorado,CO,2012.25,10.86502894207442,0.0,2973.055502072159,3382.1862088598837,918.0,0.03290249497965274,0.4343905897035578
8.0,Colorado,CO,2012.5,10.864119406403034,0.0,2962.00534163617,3369.6154041082596,936.0,0.03334898402768547,0.43725725884622824
8.0,Colorado,CO,2012.75,10.871779384711049,0.0,2951.0370188155143,3357.137698881267,1032.0,0.03297397625724324,0.43833026972518097
8.0,Colorado,CO,2013.0,10.886962183782542,0.0,3155.2013316113616,3486.687208584246,1004.0,0.03296015284371279,0.43334011060944927
8.0,Colorado,CO,2013.25,10.8892093541113,0.0,3142.9631082573533,3473.1632358359125,933.0,0.03288582503677941,0.44075466032149363
8.0,Colorado,CO,2013.5,10.90284007959408,0.0,3130.819455996661,3459.7437698327,953.0,0.03309896318736366,0.4444196839024841
8.0,Colorado,CO,2013.75,10.917529946013998,0.0,3118.769282848672,3446.4276038703642,1024.0,0.032856353329645746,0.44482420159325053
8.0,Colorado,CO,2014.0,10.923243797008782,0.0,3264.057186566294,3510.6786465202945,1046.0,0.03314666684611772,0.4405266788892777
8.0,Colorado,CO,2014.25,10.939704841247124,0.0,3248.9998145388427,3494.4835888273583,960.0,0.033246249853996435,0.4486203828122334
8.0,Colorado,CO,2014.5,10.955958671487014,0.0,3234.0807264586724,3478.4372633634016,982.0,0.03350327412215086,0.4527188905610398
8.0,Colorado,CO,2014.75,10.964980966577192,0.0,3219.298026074265,3462.5376306023595,1068.0,0.033313076241104106,0.45332739063839644
8.0,Colorado,CO,2015.0,10.955378809430735,0.0,3851.519751344282,3632.15515141905,1071.0,0.033724922776843934,0.4489213778863518
8.0,Colorado,CO,2015.25,10.961462398863102,0.0,3835.378458867962,3616.9331916723904,989.0,0.0338730722462583,0.45507411202319986
8.0,Colorado,CO,2015.5,10.961357834970745,0.0,3819.371894497261,3601.8382865468825,1006.0,0.034165034482432285,0.45822409134262304
8.0,Colorado,CO,2015.75,10.958866185198644,0.0,3803.4983784203077,3586.8688519049037,1103.0,0.03400419402337623,0.4574189547709349
8.0,Colorado,CO,2016.0,10.947892130504057,0.0,,,1057.0,0.0343321821228778,0.45190361838651855
9.0,Connecticut,CT,1990.0,10.323128780063884,0.0,,,549.0,0.03105043276557754,0.4902091464869889
9.0,Connecticut,CT,1990.25,10.325553416108734,0.0,,,541.0,0.031233202183264693,0.49619919755947356
9.0,Connecticut,CT,1990.5,10.327968184326462,0.0,,,532.0,0.031321656162024314,0.48984709611815985
9.0,Connecticut,CT,1990.75,10.330373151832749,0.0,,,612.0,0.03140966067433639,0.4877077283758408
9.0,Connecticut,CT,1991.0,10.332768385086206,0.0,,,583.0,0.03114086278855368,0.46056454514398226
9.0,Connecticut,CT,1991.25,10.343432648241023,0.0,,,580.0,0.031297113713820546,0.46927471405394205
9.0,Connecticut,CT,1991.5,10.35398785367095,0.0,,,568.0,0.03137285425980074,0.4619830748054308
9.0,Connecticut,CT,1991.75,10.364436244887465,0.0,,,642.0,0.031406211768832654,0.46580135505424664
9.0,Connecticut,CT,1992.0,10.374779996894286,0.0,,,619.0,0.03160409026900863,0.4471796792126466
9.0,Connecticut,CT,1992.25,10.37866990970958,0.0,,,605.0,0.030958320487648804,0.4573716163874022
9.0,Connecticut,CT,1992.5,10.382539798133667,0.0,,,593.0,0.03101444850721351,0.45301803192702084
9.0,Connecticut,CT,1992.75,10.38638984514674,0.0,,,708.0,0.031115862227143343,0.45987463534760276
9.0,Connecticut,CT,1993.0,10.3902202312692,0.0,,,598.0,0.030564415602076046,0.45042908479203025
9.0,Connecticut,CT,1993.25,10.40223507349864,0.0,,,614.0,0.03070272340411394,0.4572808223153453
9.0,Connecticut,CT,1993.5,10.41409489808166,0.0,,,617.0,0.03087348852036196,0.4528176049291483
9.0,Connecticut,CT,1993.75,10.42580350411627,0.0,,,724.0,0.03108993540127888,0.4626902320274951
9.0,Connecticut,CT,1994.0,10.43736455295086,0.0,,,647.0,0.031325153696140765,0.4492565259229081
9.0,Connecticut,CT,1994.25,10.458830318702194,0.0,,,619.0,0.030875252128328128,0.4616580725856841
9.0,Connecticut,CT,1994.5,10.47981984584907,0.0,,,633.0,0.03109604812458539,0.4579129497592842
9.0,Connecticut,CT,1994.75,10.50035328381304,0.0,,,703.0,0.031283767314620334,0.4682499290931074
9.0,Connecticut,CT,1995.0,10.520449530581134,0.0,,,679.0,0.030952931040291877,0.45575532628349835
9.0,Connecticut,CT,1995.25,10.531404943021093,0.0,,,647.0,0.031117015501479175,0.4663880656645616
9.0,Connecticut,CT,1995.5,10.542221340509634,0.0,,,644.0,0.031292501278744736,0.4603991485143966
9.0,Connecticut,CT,1995.75,10.552901973237336,0.0,,,735.0,0.03172054054390519,0.4698115974820335
9.0,Connecticut,CT,1996.0,10.563449979322789,0.0,,,712.0,0.030994534995062464,0.4570350512559621
9.0,Connecticut,CT,1996.25,10.583571808254309,0.0,,,675.0,0.031488532833390835,0.46966998949479005
9.0,Connecticut,CT,1996.5,10.60325973008466,0.0,,,664.0,0.031042921864130792,0.4636920976409579
9.0,Connecticut,CT,1996.75,10.622531326252403,0.0,,,767.0,0.031185988151123566,0.47893695369800415
9.0,Connecticut,CT,1997.0,10.64140313273575,0.0,,,747.0,0.03123622866301143,0.4687142094521083
9.0,Connecticut,CT,1997.25,10.654036435453357,0.0,,,709.0,0.03133583769539049,0.47725423151601576
9.0,Connecticut,CT,1997.5,10.666482576285327,0.0,,,704.0,0.03166276974399452,0.4721892762645142
9.0,Connecticut,CT,1997.75,10.67874662685234,0.0,,,834.0,0.03139541214232015,0.4840326602805439
9.0,Connecticut,CT,1998.0,10.690833456644103,0.0,,,784.0,0.03143267034176514,0.47459928906891957
9.0,Connecticut,CT,1998.25,10.700693860433397,0.0,,,742.0,0.03104953347894972,0.4827236855517754
9.0,Connecticut,CT,1998.5,10.710427692654871,0.0,,,733.0,0.03128698576503021,0.4791240635333273
9.0,Connecticut,CT,1998.75,10.720037827243695,0.0,,,890.0,0.03132820266544814,0.4892538053932274
9.0,Connecticut,CT,1999.0,10.7295270426936,0.0,,,802.0,0.03129635267648456,0.4789627690282397
9.0,Connecticut,CT,1999.25,10.732941730452968,0.0,,,775.0,0.03141762790896457,0.48957810465173973
9.0,Connecticut,CT,1999.5,10.736332116447937,0.0,,,779.0,0.03142724418219117,0.48418247752069254
9.0,Connecticut,CT,1999.75,10.739698478465623,0.0,,,925.0,0.0314083407308263,0.492428030933707
9.0,Connecticut,CT,2000.0,10.743041089825727,0.0,,,905.0,0.031413248872948024,0.48251668656343405
9.0,Connecticut,CT,2000.25,10.748473811868774,0.0,,,822.0,0.03158668105143002,0.49345279144741633
9.0,Connecticut,CT,2000.5,10.753860599649752,0.0,,,817.0,0.03163364117644653,0.48788458230600457
9.0,Connecticut,CT,2000.75,10.759202110460157,0.0,,,950.0,0.03160693558309012,0.4962840783775758
9.0,Connecticut,CT,2001.0,10.764498988004254,0.0,,,973.0,0.031428250993712194,0.48132908611492636
9.0,Connecticut,CT,2001.25,10.767730936950016,0.0,,,861.0,0.0315144286788628,0.4878642205777403
9.0,Connecticut,CT,2001.5,10.770940379713654,0.0,,,830.0,0.03148739099748331,0.4801573436044118
9.0,Connecticut,CT,2001.75,10.774127566925744,0.0,,,951.0,0.03129187008955411,0.4859601818571285
9.0,Connecticut,CT,2002.0,10.77729274530072,0.0,,,955.0,0.031138136939107174,0.47386988763856525
9.0,Connecticut,CT,2002.25,10.785401675965838,0.0,,,851.0,0.031219177432868443,0.4810562441709703
9.0,Connecticut,CT,2002.5,10.793415855842465,0.0,,,843.0,0.031045853536288266,0.47038734702705404
9.0,Connecticut,CT,2002.75,10.801337188914513,0.0,,,956.0,0.03101836813279588,0.4759407456585103
9.0,Connecticut,CT,2003.0,10.809167523647345,0.0,,,979.0,0.03093846288073251,0.46284791899135636
9.0,Connecticut,CT,2003.25,10.82285174746344,0.0,,,875.0,0.031068379885672927,0.4698084029590818
9.0,Connecticut,CT,2003.5,10.836328652059663,0.0,,,870.0,0.031139342418733517,0.46116423582310356
9.0,Connecticut,CT,2003.75,10.849604110081822,0.0,,,993.0,0.031134895407575015,0.4702257897076506
9.0,Connecticut,CT,2004.0,10.862683748860972,0.0,3725.180730266406,2314.857952904012,1043.0,0.030973995550462888,0.4590463910104629
9.0,Connecticut,CT,2004.25,10.895313417348072,0.0,3722.2895387702592,2313.061342722432,907.0,0.031117155706819704,0.46963822027654456
9.0,Connecticut,CT,2004.5,10.926863702212763,0.0,3719.402831623364,2311.267519152369,917.0,0.031166420345420925,0.46334087766520776
9.0,Connecticut,CT,2004.75,10.95740225098332,0.0,3716.5205984007093,2309.4764757156368,1057.0,0.03118107903838221,0.47214710291716566
9.0,Connecticut,CT,2005.0,10.986990547663549,0.0,4163.205925594732,2440.915996664914,1083.0,0.031130131088043307,0.46151752878184577
9.0,Connecticut,CT,2005.25,11.000003759374389,0.0,4160.090859823193,2439.0896123811895,945.0,0.0313228185008927,0.4731111378316088
9.0,Connecticut,CT,2005.5,10.999726818910862,0.0,4156.980452182786,2437.265959191483,966.0,0.03147564153375882,0.4654587655400819
9.0,Connecticut,CT,2005.75,11.01229924837783,0.0,4153.874692232976,2435.4450309744357,1079.0,0.03140119846342672,0.47324141054741137
9.0,Connecticut,CT,2006.0,11.04829195804512,0.0,4344.949764887163,2573.7202413104915,1190.0,0.031368942361817906,0.4675363282975026
9.0,Connecticut,CT,2006.25,11.045652121924377,0.0,4341.922419946518,2571.927001026304,971.0,0.031593683081610695,0.47834285653407577
9.0,Connecticut,CT,2006.5,11.045322733946165,0.0,4338.899290675441,2570.136257883553,958.0,0.03169660157309081,0.4729285579433137
9.0,Connecticut,CT,2006.75,11.056800974220502,0.0,4335.8803682743865,2568.348006669849,1099.0,0.03165610701830662,0.4806898513185434
9.0,Connecticut,CT,2007.0,11.107220766121596,0.0,4695.9189401435115,2748.7799346236607,1262.0,0.03163438012967536,0.4699919011964872
9.0,Connecticut,CT,2007.25,11.109744862987986,0.0,4689.833061155179,2745.217534535221,1033.0,0.03176383123590636,0.4802866262123879
9.0,Connecticut,CT,2007.5,11.116552557530929,0.0,4683.762936265146,2741.6643561880087,1022.0,0.03189011952609196,0.4748527785620759
9.0,Connecticut,CT,2007.75,11.113744787253616,0.0,4677.708504380153,2738.120363820775,1150.0,0.031839577599756905,0.48314068187060344
9.0,Connecticut,CT,2008.0,11.146698111678235,0.0,4814.851396626616,2831.755264795961,1259.0,0.031763218362924645,0.47288816109677245
9.0,Connecticut,CT,2008.25,11.129120404801483,0.0,4809.348338815586,2828.518755162501,1037.0,0.03183875755147852,0.48103833745206553
9.0,Connecticut,CT,2008.5,11.11466540723558,0.0,4803.857845908468,2825.2896353174006,1033.0,0.0319087777137755,0.47197070765538834
9.0,Connecticut,CT,2008.75,11.061654422117238,0.0,4798.379874920947,2822.0678799803245,1165.0,0.03177935492937952,0.4750739465486145
9.0,Connecticut,CT,2009.0,11.08700956192686,0.0,4368.786405327408,2956.6787307678383,1191.0,0.031559261913966706,0.45545963982139775
9.0,Connecticut,CT,2009.25,11.086011266331896,0.0,4363.2456895463965,2952.928921328088,1034.0,0.03142782636491856,0.4564845840588691
9.0,Connecticut,CT,2009.5,11.087357392073972,0.0,4357.719009995651,2949.188611236587,1025.0,0.031358613754192625,0.4464861290378891
9.0,Connecticut,CT,2009.75,11.09569304274599,0.0,4352.206313405918,2945.4577644421174,1193.0,0.03118832816464618,0.4522186384499607
9.0,Connecticut,CT,2010.0,11.074340442320729,0.0,4400.941479075248,2980.5265455813137,1206.0,0.030968192119386607,0.43567812015553137
9.0,Connecticut,CT,2010.25,11.090180228259458,0.0,4397.872095433296,2978.4478132312233,1075.0,0.030971158281569815,0.4488190753073419
9.0,Connecticut,CT,2010.5,11.09312731045778,0.0,4394.806990216732,2976.371978433963,1068.0,0.030994762470096762,0.44409851778126896
9.0,Connecticut,CT,2010.75,11.097971438340522,0.0,4391.746154486215,2974.2990351353887,1226.0,0.030924951242468593,0.45249405011538785
9.0,Connecticut,CT,2011.0,11.07658574762724,0.0,4793.887450127344,3054.14395359416,1281.0,0.03066999489956943,0.4409705247482307
9.0,Connecticut,CT,2011.25,11.091063604586196,0.0,4792.585136437049,3053.314260881455,1116.0,0.030762752799218352,0.4523454423351899
9.0,Connecticut,CT,2011.5,11.086007689378292,0.0,4791.2835301310415,3052.485018837121,1118.0,0.030741312818708164,0.4474089075138007
9.0,Connecticut,CT,2011.75,11.08844181996692,0.0,4789.982630633128,3051.656227094069,1190.0,0.030734357793370918,0.4550171993518368
9.0,Connecticut,CT,2012.0,11.100464201954487,0.0,5206.055158961487,3069.6339106710316,1325.0,0.03069373740015777,0.4460044790163787
9.0,Connecticut,CT,2012.25,11.102997029081738,0.0,5205.255641706268,3069.1624932150403,1111.0,0.030911873561456363,0.45544424805581285
9.0,Connecticut,CT,2012.5,11.107623352329703,0.0,5204.4563699842465,3068.691220532204,1088.0,0.031021177507351387,0.4506129379434582
9.0,Connecticut,CT,2012.75,11.115683829791344,0.0,5203.657343682336,3068.2200925558436,1254.0,0.031075378304418557,0.4592498502505898
9.0,Connecticut,CT,2013.0,11.105006572195004,0.0,5418.158716775264,3143.2963209430027,1319.0,0.031122332211624963,0.44778726083747245
9.0,Connecticut,CT,2013.25,11.10211909203809,0.0,5419.714848842293,3144.1990970440506,1127.0,0.031333775896074806,0.46028082845186075
9.0,Connecticut,CT,2013.5,11.117874127649246,0.0,5421.2718750295635,3145.1023918609617,1109.0,0.031478840202585574,0.4555664751775536
9.0,Connecticut,CT,2013.75,11.127043679939396,0.0,5422.829796107913,3146.0062058409276,1244.0,0.03153687176019519,0.46177538856319306
9.0,Connecticut,CT,2014.0,11.115851574786904,0.0,5423.515809161405,3250.4395339144785,1362.0,0.03146798341700834,0.45123050471624876
9.0,Connecticut,CT,2014.25,11.1222862443909,0.0,5426.213527261768,3252.0563392992744,1154.0,0.03169059470629857,0.46414266579918545
9.0,Connecticut,CT,2014.5,11.135411909180336,0.0,5428.91393044871,3253.674753919089,1124.0,0.03184292066873422,0.4601655314266838
9.0,Connecticut,CT,2014.75,11.14448659104434,0.0,5431.617022732997,3255.2947801776695,1279.0,0.03196361259531622,0.4673066517738467
9.0,Connecticut,CT,2015.0,11.161139893972004,0.0,5505.888867501876,3362.012201755781,1382.0,0.03193545957436125,0.4563469680189768
9.0,Connecticut,CT,2015.25,11.178848435736189,0.0,5509.069307571845,3363.9542457344205,1178.0,0.03219367283056823,0.46807961104138485
9.0,Connecticut,CT,2015.5,11.176627206836722,0.0,5512.2534240855775,3365.8985346273844,1147.0,0.032503852017725564,0.4622268595696446
9.0,Connecticut,CT,2015.75,11.184166961993922,0.0,5515.441223421461,3367.8450723294527,1335.0,0.03248436540062705,0.47041848614481335
9.0,Connecticut,CT,2016.0,11.189783429856144,0.0,,,1362.0,0.03249589257733642,0.4593510551798263
10.0,Delaware,DE,1990.0,10.301005101117465,0.0,,,478.0,0.027444602257877107,0.5028981416348177
10.0,Delaware,DE,1990.25,10.318523273338274,0.0,,,452.0,0.027618888758037894,0.5137332247063685
10.0,Delaware,DE,1990.5,10.33556929868219,0.0,,,459.0,0.02820543719093008,0.5122292315240661
10.0,Delaware,DE,1990.75,10.352164390986175,0.0,,,489.0,0.028154995922844102,0.4990124957993218
10.0,Delaware,DE,1991.0,10.368328407520794,0.0,,,500.0,0.028564736194882007,0.485884523042689
10.0,Delaware,DE,1991.25,10.377261625468678,0.0,,,476.0,0.028810220959745496,0.49481426955011815
10.0,Delaware,DE,1991.5,10.38603997226536,0.0,,,483.0,0.028780737370328845,0.49111723106955346
10.0,Delaware,DE,1991.75,10.394667770316138,0.0,,,515.0,0.028867119122930933,0.48998857719545763
10.0,Delaware,DE,1992.0,10.403149172598082,0.0,,,517.0,0.02899449580890024,0.4694621721768536
10.0,Delaware,DE,1992.25,10.40558596411682,0.0,,,490.0,0.029821367728677002,0.4890748255888039
10.0,Delaware,DE,1992.5,10.40799698830025,0.0,,,491.0,0.029675237974941895,0.4873369047712498
10.0,Delaware,DE,1992.75,10.410382658603591,0.0,,,548.0,0.02967386255938486,0.48181790076185327
10.0,Delaware,DE,1993.0,10.412743379543247,0.0,,,508.0,0.029930150712508034,0.467056354152215
10.0,Delaware,DE,1993.25,10.431186743355658,0.0,,,509.0,0.030382006564718813,0.4823847416879621
10.0,Delaware,DE,1993.5,10.449155347578484,0.0,,,508.0,0.02957603746831816,0.48668970630200276
10.0,Delaware,DE,1993.75,10.46667008329519,0.0,,,564.0,0.026672141749617788,0.48137404994893923
10.0,Delaware,DE,1994.0,10.483750520417082,0.0,,,543.0,0.026444334501668883,0.46700067591579625
10.0,Delaware,DE,1994.25,10.499620857207308,0.0,,,522.0,0.026485158562279846,0.48312204301392364
10.0,Delaware,DE,1994.5,10.515112698004884,0.0,,,526.0,0.026726014818151855,0.4872186588303522
10.0,Delaware,DE,1994.75,10.530241218052666,0.0,,,560.0,0.02695934665108453,0.4890007053704135
10.0,Delaware,DE,1995.0,10.545020722494392,0.0,,,580.0,0.027137285641069212,0.47727345398003473
10.0,Delaware,DE,1995.25,10.554034802773003,0.0,,,542.0,0.027184687351864852,0.49012750870623717
10.0,Delaware,DE,1995.5,10.562900363142424,0.0,,,534.0,0.027375874661983216,0.49457801929361606
10.0,Delaware,DE,1995.75,10.571621384202494,0.0,,,586.0,0.027352916771797683,0.4931418453047219
10.0,Delaware,DE,1996.0,10.58020169580618,0.0,,,618.0,0.027780889285362435,0.4755442251693822
10.0,Delaware,DE,1996.25,10.61465379092754,0.0,,,562.0,0.027935549072121,0.4990560618357384
10.0,Delaware,DE,1996.5,10.647727667572225,0.0,,,559.0,0.027976554208342715,0.5002648863445506
10.0,Delaware,DE,1996.75,10.679521467251384,0.0,,,626.0,0.028587472015778662,0.49786553196338346
10.0,Delaware,DE,1997.0,10.710123279125002,0.0,,,639.0,0.0286698239623573,0.48618095411719253
10.0,Delaware,DE,1997.25,10.732754978113729,0.0,,,581.0,0.028426043377352214,0.5015823910341631
10.0,Delaware,DE,1997.5,10.754714591209568,0.0,,,595.0,0.028796782724306882,0.5070386707701191
10.0,Delaware,DE,1997.75,10.776036686497934,0.0,,,664.0,0.029494734820936567,0.5065347314190973
10.0,Delaware,DE,1998.0,10.796753272589624,0.0,,,672.0,0.029369804869421683,0.4932762155541145
10.0,Delaware,DE,1998.25,10.819682031660276,0.0,,,626.0,0.02983104377005509,0.5095808204146064
10.0,Delaware,DE,1998.5,10.841928876411282,0.0,,,614.0,0.030345993206897112,0.5141002930676765
10.0,Delaware,DE,1998.75,10.863529051112298,0.0,,,706.0,0.030496987829893744,0.5123945551578185
10.0,Delaware,DE,1999.0,10.88451517552787,0.0,,,690.0,0.030624911289177926,0.4998873103738973
10.0,Delaware,DE,1999.25,10.88560384525035,0.0,,,640.0,0.03072370998633066,0.5193122926873271
10.0,Delaware,DE,1999.5,10.886683407103964,0.0,,,650.0,0.030693695188114486,0.520048615643298
10.0,Delaware,DE,1999.75,10.887753975529252,0.0,,,727.0,0.030832367349061567,0.5244782488420154
10.0,Delaware,DE,2000.0,10.888815663047316,0.0,,,730.0,0.030881019567050243,0.507619581716734
10.0,Delaware,DE,2000.25,10.901394049554348,0.0,,,659.0,0.0309862565764491,0.5214973837899154
10.0,Delaware,DE,2000.5,10.913743407898048,0.0,,,672.0,0.03128934713464368,0.522204636282883
10.0,Delaware,DE,2000.75,10.925870853453755,0.0,,,763.0,0.031261678856267745,0.5173848605259648
10.0,Delaware,DE,2001.0,10.937783182819704,0.0,,,762.0,0.031563442960214856,0.5040059117832245
10.0,Delaware,DE,2001.25,10.947713239541269,0.0,,,698.0,0.03157394341717853,0.5134500748345633
10.0,Delaware,DE,2001.5,10.957481705987846,0.0,,,709.0,0.03152194812556341,0.5116955121562243
10.0,Delaware,DE,2001.75,10.967092949552349,0.0,,,788.0,0.03166567419760899,0.505475172821323
10.0,Delaware,DE,2002.0,10.976551169096997,0.0,,,817.0,0.03192754869016298,0.48592623465633966
10.0,Delaware,DE,2002.25,10.983415694867046,0.0,,,727.0,0.031793505967848086,0.49849910345814885
10.0,Delaware,DE,2002.5,10.990183912598244,0.0,,,725.0,0.03140184660245343,0.5020798289836298
10.0,Delaware,DE,2002.75,10.996857986763912,0.0,,,786.0,0.03138724327322005,0.49698554291616387
10.0,Delaware,DE,2003.0,11.00344001364811,0.0,,,824.0,0.03194242563902577,0.4776160152631877
10.0,Delaware,DE,2003.25,11.015442353096446,0.0,,,749.0,0.03246578495207641,0.4907621298671989
10.0,Delaware,DE,2003.5,11.0272108114726,0.0,,,753.0,0.03261632963489944,0.49383655000446786
10.0,Delaware,DE,2003.75,11.038752950737363,0.0,,,825.0,0.03303032975955863,0.4927950559225458
10.0,Delaware,DE,2004.0,11.050075984413358,0.0,4950.161470288384,1284.6246342394045,844.0,0.034257218618613555,0.4807513534094926
10.0,Delaware,DE,2004.25,11.044921597233772,0.0,4928.882455710896,1279.1024817838427,773.0,0.03469361889932133,0.493408905530459
10.0,Delaware,DE,2004.5,11.039784971501993,0.0,4907.785600192846,1273.627601728688,769.0,0.03511792991808243,0.49613046030129326
10.0,Delaware,DE,2004.75,11.03466594815318,0.0,4886.868574643677,1268.1993896477775,882.0,0.03533305428914583,0.4971018716260087
10.0,Delaware,DE,2005.0,11.029564370133382,0.0,5100.663787493344,1356.3639590605217,879.0,0.03559486481689641,0.47950107475990456
10.0,Delaware,DE,2005.25,11.006708733440815,0.0,5079.451076643185,1350.723093935932,797.0,0.03558351533175952,0.4930392843627463
10.0,Delaware,DE,2005.5,11.008872138780957,0.0,5058.41407448173,1345.1289531089203,822.0,0.03567434748987631,0.4956694895266302
10.0,Delaware,DE,2005.75,11.12798075096447,0.0,5037.5506068734785,1339.5809584353162,934.0,0.03523856879175122,0.4962625848901271
10.0,Delaware,DE,2006.0,11.07279916952605,0.0,5519.584111127145,7160.926509540678,966.0,0.03492623954342534,0.48093765080665557
10.0,Delaware,DE,2006.25,11.093049952851976,0.0,5499.613428174606,7135.017203678273,851.0,0.03481842430019194,0.4921878283939977
10.0,Delaware,DE,2006.5,11.084609328083404,0.0,5479.786738085183,7109.29470941071,850.0,0.03496903843232042,0.49108086941568646
10.0,Delaware,DE,2006.75,11.066885848274504,0.0,5460.1024891243815,7083.7570135688,896.0,0.03493322089557823,0.490430079210096
10.0,Delaware,DE,2007.0,11.078647706631743,0.0,5844.091590583987,1484.5569080090715,986.0,0.03504449101748324,0.4743670483132186
10.0,Delaware,DE,2007.25,11.106745350372671,0.0,5823.840901757899,1479.412686786196,869.0,0.03520884244928941,0.48666088807255686
10.0,Delaware,DE,2007.5,11.081270288725284,0.0,5803.73007188901,1474.3039935111356,861.0,0.03545180257948318,0.4863454929294805
10.0,Delaware,DE,2007.75,11.062123693545526,0.0,5783.75765708465,1469.2304613962026,925.0,0.03547738799008109,0.4853072053250519
10.0,Delaware,DE,2008.0,11.042792849746448,0.0,5906.141599368236,1502.991376598927,983.0,0.036035679293654976,0.4741512930576078
10.0,Delaware,DE,2008.25,11.0433935940034,0.0,5893.047035688241,1499.6590798769073,861.0,0.03330180010340491,0.48254383608139034
10.0,Delaware,DE,2008.5,11.04067331339984,0.0,5880.010407726048,1496.341526601652,877.0,0.03347480631942708,0.478924730213869
10.0,Delaware,DE,2008.75,11.035206985992026,0.0,5867.031331833314,1493.038619142561,940.0,0.03322783743141455,0.47270443389984934
10.0,Delaware,DE,2009.0,11.068463901696113,0.0,5739.5758805916585,1515.6302916802172,976.0,0.0329550424455833,0.44904548835783625
10.0,Delaware,DE,2009.25,11.074438339641524,0.0,5726.594025296741,1512.2022172829918,858.0,0.03269365142324237,0.45413219819304734
10.0,Delaware,DE,2009.5,11.073305976731683,0.0,5713.670762570428,1508.7896152261787,881.0,0.032499305069476306,0.44988369449254073
10.0,Delaware,DE,2009.75,11.056214223720009,0.0,5700.805696626567,1505.3923809958737,961.0,0.032022918384997906,0.44561348207561235
10.0,Delaware,DE,2010.0,11.060992414009691,0.0,5769.904069276386,1501.185797985366,971.0,0.03177538518986104,0.4281964312703931
10.0,Delaware,DE,2010.25,11.050359927174066,0.0,5756.93551981886,1497.8117033674375,874.0,0.031709510413675104,0.4451428907248823
10.0,Delaware,DE,2010.5,11.061009881047438,0.0,5744.025136358105,1494.452742097868,900.0,0.031605208713642446,0.4491457104819646
10.0,Delaware,DE,2010.75,11.072409997980008,0.0,5731.172528444183,1491.108812591277,1000.0,0.03127728649062752,0.445520112477835
10.0,Delaware,DE,2011.0,11.07559639428271,0.0,6000.432855613465,1496.6858459518637,1028.0,0.030869323864111974,0.43273188798475054
10.0,Delaware,DE,2011.25,11.091589765364166,0.0,5985.486017361735,1492.9576613706186,926.0,0.03070453599724234,0.4460388590493115
10.0,Delaware,DE,2011.5,11.109257726551467,0.0,5970.613458036722,1489.2480041558053,949.0,0.03068851898469903,0.44664716258328463
10.0,Delaware,DE,2011.75,11.098785551017968,0.0,5955.81462531256,1485.5567365409795,984.0,0.029993689365364427,0.44321699700702644
10.0,Delaware,DE,2012.0,11.107822344264058,0.0,5964.238549258283,1491.9863074200132,1072.0,0.02993043567399097,0.43111779479232665
10.0,Delaware,DE,2012.25,11.101881188035458,0.0,5950.60785436955,1488.5765158822253,947.0,0.03029724396919356,0.4425331408973443
10.0,Delaware,DE,2012.5,11.09543757773256,0.0,5937.03932070769,1485.1822743092118,922.0,0.03045395432449625,0.44453321812054064
10.0,Delaware,DE,2012.75,11.077698023545231,0.0,5923.532524021317,1481.8034765722098,1041.0,0.030373840632647545,0.4451685422870673
10.0,Delaware,DE,2013.0,11.073465457651489,0.0,6265.334262666212,1557.1415449618812,1068.0,0.030293010011940846,0.4338439261072299
10.0,Delaware,DE,2013.25,11.081297975748749,0.0,6249.2063744414445,1553.133234513557,964.0,0.030404730846348003,0.4465015580596725
10.0,Delaware,DE,2013.5,11.090310277784983,0.0,6233.161304125099,1549.1455070382183,940.0,0.030557805737974127,0.45017863193328683
10.0,Delaware,DE,2013.75,11.130049284330708,0.0,6217.198415436651,1545.1782043992355,1033.0,0.03086665492479168,0.4512561616918737
10.0,Delaware,DE,2014.0,11.134324514590851,0.0,5886.529518219196,1618.6237095539002,1110.0,0.03142634670591306,0.43870247329263234
10.0,Delaware,DE,2014.25,11.15892808627661,0.0,5872.196792676291,1614.6826285970358,976.0,0.031848105587742606,0.4529652984503982
10.0,Delaware,DE,2014.5,11.177555320946976,0.0,5857.9336932364895,1610.7606927851905,960.0,0.03231145530871346,0.4556890527564665
10.0,Delaware,DE,2014.75,11.179421866886075,0.0,5843.7397137802955,1606.8577629502843,1050.0,0.032184320562670815,0.45824281459993726
10.0,Delaware,DE,2015.0,11.19884501399522,0.0,5930.436744499384,1688.5769789720318,1105.0,0.03245289574144455,0.44593090669254026
10.0,Delaware,DE,2015.25,11.21221423445366,0.0,5917.9170323228145,1685.012233460781,996.0,0.0324932556754987,0.4594439877320986
10.0,Delaware,DE,2015.5,11.199165782134784,0.0,5905.450069377753,1681.4625072713475,968.0,0.032668456617941384,0.46315824262717453
10.0,Delaware,DE,2015.75,11.208229358541512,0.0,5893.035522992966,1677.9277056820422,1086.0,0.03281871213921323,0.46336134098506837
10.0,Delaware,DE,2016.0,11.195769384813524,0.0,,,1070.0,0.03295363236753793,0.44922072897683807
12.0,Florida,FL,1990.0,9.887722704106515,0.0,,,392.0,0.025304015320133256,0.4161464418304068
12.0,Florida,FL,1990.25,9.89202662019422,0.0,,,400.0,0.025190453183101667,0.4137450783755865
12.0,Florida,FL,1990.5,9.896257591670132,0.0,,,396.0,0.02522180629891825,0.3997880804801809
12.0,Florida,FL,1990.75,9.900417494322015,0.0,,,433.0,0.02495499805326041,0.40986977057614493
12.0,Florida,FL,1991.0,9.90450813898492,0.0,,,407.0,0.02574145099275247,0.4012943451601388
12.0,Florida,FL,1991.25,9.915028835138576,0.0,,,419.0,0.025691543185487144,0.39593568299710813
12.0,Florida,FL,1991.5,9.925332375800156,0.0,,,417.0,0.025684862494939464,0.381781717047273
12.0,Florida,FL,1991.75,9.935425946104624,0.0,,,453.0,0.02544305834801154,0.3942036630816683
12.0,Florida,FL,1992.0,9.94531639846781,0.0,,,424.0,0.025858439581165685,0.3923506249160748
12.0,Florida,FL,1992.25,9.95744137309012,0.0,,,432.0,0.025902877983362767,0.39149838263114045
12.0,Florida,FL,1992.5,9.969301633519768,0.0,,,434.0,0.02589465459422379,0.3788335359484523
12.0,Florida,FL,1992.75,9.980906562654232,0.0,,,501.0,0.025921655369844494,0.39521431634291565
12.0,Florida,FL,1993.0,9.992265074841786,0.0,,,424.0,0.02604675675665973,0.39689195387773385
12.0,Florida,FL,1993.25,10.005198514834245,0.0,,,446.0,0.026171971692257753,0.39951361809881325
12.0,Florida,FL,1993.5,10.0178261534028,0.0,,,449.0,0.026186946261833464,0.3882337736143955
12.0,Florida,FL,1993.75,10.03015968161253,0.0,,,497.0,0.02610875632046928,0.4031964141722518
12.0,Florida,FL,1994.0,10.04221016260099,0.0,,,442.0,0.02618782025477961,0.40458342334152936
12.0,Florida,FL,1994.25,10.051988856783098,0.0,,,454.0,0.026189719483164505,0.4062067424992601
12.0,Florida,FL,1994.5,10.061572906603423,0.0,,,464.0,0.026213560755955063,0.39399206483874794
12.0,Florida,FL,1994.75,10.070968493714323,0.0,,,490.0,0.026133237633426155,0.41099005482319356
12.0,Florida,FL,1995.0,10.080181525714307,0.0,,,467.0,0.02631581300568343,0.41155398112401803
12.0,Florida,FL,1995.25,10.091889016636332,0.0,,,466.0,0.02613379157485203,0.4108136127308999
12.0,Florida,FL,1995.5,10.10333752138122,0.0,,,466.0,0.026198694951062793,0.3990469494278368
12.0,Florida,FL,1995.75,10.114536265694923,0.0,,,506.0,0.026246390420785286,0.4147231603304491
12.0,Florida,FL,1996.0,10.125494014407028,0.0,,,487.0,0.026863012813262453,0.4126282762508505
12.0,Florida,FL,1996.25,10.140867490532056,0.0,,,485.0,0.026886246370993766,0.413320433473151
12.0,Florida,FL,1996.5,10.155841635282757,0.0,,,482.0,0.026304488625438688,0.40087698717269277
12.0,Florida,FL,1996.75,10.17043342382657,0.0,,,524.0,0.026772706048863715,0.41856948093813345
12.0,Florida,FL,1997.0,10.184658812253852,0.0,,,500.0,0.026783738821506538,0.4174191868322053
12.0,Florida,FL,1997.25,10.199510531961383,0.0,,,497.0,0.026802184882806456,0.42006516748801886
12.0,Florida,FL,1997.5,10.214002680123995,0.0,,,501.0,0.02755947496652008,0.4129586033969723
12.0,Florida,FL,1997.75,10.228149627065022,0.0,,,552.0,0.027716778487149065,0.4223099204688353
12.0,Florida,FL,1998.0,10.241964928183378,0.0,,,523.0,0.028387519784091483,0.42113157609769863
12.0,Florida,FL,1998.25,10.254841748130607,0.0,,,527.0,0.028426127296155918,0.42745854871334416
12.0,Florida,FL,1998.5,10.26744453811436,0.0,,,524.0,0.028115616792944245,0.418925207872074
12.0,Florida,FL,1998.75,10.27978292319317,0.0,,,587.0,0.028249327306305434,0.4327757566704058
12.0,Florida,FL,1999.0,10.291866048155542,0.0,,,529.0,0.027028975239636023,0.42808383209848466
12.0,Florida,FL,1999.25,10.289862853770982,0.0,,,544.0,0.02795461904944934,0.432369768911485
12.0,Florida,FL,1999.5,10.287873837156404,0.0,,,552.0,0.02765088721529166,0.42119081615825343
12.0,Florida,FL,1999.75,10.285898844433069,0.0,,,606.0,0.027560216222455504,0.4350130323063926
12.0,Florida,FL,2000.0,10.28393772399392,0.0,,,590.0,0.027719743524153115,0.4343835374718973
12.0,Florida,FL,2000.25,10.291661083129798,0.0,,,570.0,0.02793428930027082,0.4410765015980767
12.0,Florida,FL,2000.5,10.29925233597264,0.0,,,573.0,0.027610996145872542,0.4284555583531796
12.0,Florida,FL,2000.75,10.306715056487674,0.0,,,625.0,0.027626656073451914,0.4423505836974252
12.0,Florida,FL,2001.0,10.31405268430326,0.0,,,601.0,0.02733257500198998,0.43949872284790875
12.0,Florida,FL,2001.25,10.32271890939446,0.0,,,597.0,0.027476287049195115,0.43697159709466715
12.0,Florida,FL,2001.5,10.331224620123391,0.0,,,587.0,0.027611109443419084,0.42623206397223584
12.0,Florida,FL,2001.75,10.339574534425957,0.0,,,641.0,0.027778425123668658,0.43350763096354356
12.0,Florida,FL,2002.0,10.347773177229843,0.0,,,616.0,0.028024185454573778,0.42866679009852776
12.0,Florida,FL,2002.25,10.357141944760407,0.0,,,612.0,0.028260592932734644,0.42803801684637477
12.0,Florida,FL,2002.5,10.366337452869034,0.0,,,605.0,0.028312501641639305,0.418097639437689
12.0,Florida,FL,2002.75,10.375364841963568,0.0,,,660.0,0.02844888878221165,0.4302984061805508
12.0,Florida,FL,2003.0,10.384229038768568,0.0,,,630.0,0.028707337089881636,0.4263155980852052
12.0,Florida,FL,2003.25,10.404828238083525,0.0,,,631.0,0.02878629057909156,0.4234482689212627
12.0,Florida,FL,2003.5,10.424772903777972,0.0,,,627.0,0.028810552001729956,0.4142110386594058
12.0,Florida,FL,2003.75,10.444097529789216,0.0,,,691.0,0.02898788259166179,0.42575856648013344
12.0,Florida,FL,2004.0,10.46283403387337,0.0,2216.7924237731404,2504.486682356303,656.0,0.02952670746523262,0.4250499474083677
12.0,Florida,FL,2004.25,10.485444041684609,0.0,2203.2958227708964,2489.238498942872,655.0,0.029775314436173317,0.4266032903325294
12.0,Florida,FL,2004.5,10.507289422821907,0.0,2189.962571214926,2474.174864388583,655.0,0.029839957369463554,0.41680323391237845
12.0,Florida,FL,2004.75,10.528413279049827,0.0,2176.7897214141376,2459.2924484524083,738.0,0.030028996313466016,0.43010179627235795
12.0,Florida,FL,2005.0,10.548855265352875,0.0,2407.47665709489,2639.908624788267,679.0,0.030638428188528688,0.4299737507564999
12.0,Florida,FL,2005.25,10.55855824505483,0.0,2396.564668200166,2627.9431282540086,689.0,0.030903836999441398,0.431247632036316
12.0,Florida,FL,2005.5,10.587165235457247,0.0,2385.7511510724476,2616.085610530781,708.0,0.03115029930827347,0.4269220485484918
12.0,Florida,FL,2005.75,10.5879088846953,0.0,2375.0347787584396,2604.3346165534062,753.0,0.03145509238432552,0.4369967585533629
12.0,Florida,FL,2006.0,10.605898952926331,0.0,2724.1152221694406,2942.1619101458195,739.0,0.031684775518674255,0.4371449168702869
12.0,Florida,FL,2006.25,10.612981896425174,0.0,2716.606605305985,2934.0522801442135,720.0,0.0318204721108943,0.43678016872293735
12.0,Florida,FL,2006.5,10.618919720127122,0.0,2709.139267425672,2925.987233224447,712.0,0.03198848704162647,0.43031831467935405
12.0,Florida,FL,2006.75,10.637643360993398,0.0,2701.71286906182,2917.966402747867,788.0,0.03211643821370113,0.4394001720055217
12.0,Florida,FL,2007.0,10.631044498759456,0.0,2714.23512898249,3320.3479755542326,763.0,0.032540948468524504,0.437277389472318
12.0,Florida,FL,2007.25,10.638370505842014,0.0,2708.3568838167803,3313.157065957873,743.0,0.03249166099999605,0.4341014341306746
12.0,Florida,FL,2007.5,10.64965692226179,0.0,2702.5040447731512,3305.9972358966343,740.0,0.03282122713862612,0.4232452396336389
12.0,Florida,FL,2007.75,10.641020402193494,0.0,2696.676447496643,3298.868284313632,811.0,0.032896930276593066,0.43002950413120805
12.0,Florida,FL,2008.0,10.6187972180269,0.0,2784.5793546336067,3519.8564497103057,777.0,0.03367014252747499,0.42473666119636216
12.0,Florida,FL,2008.25,10.613472690122409,0.0,2779.8778194398647,3513.913459093897,763.0,0.03332798137859214,0.4166368389148779
12.0,Florida,FL,2008.5,10.60240346522882,0.0,2775.192133803088,3507.9905031607223,756.0,0.03328519896571133,0.4035002665908265
12.0,Florida,FL,2008.75,10.580225980206585,0.0,2770.52221771141,3502.087480771525,825.0,0.033069103344599685,0.4061473640295548
12.0,Florida,FL,2009.0,10.571250779830002,0.0,2447.374431206643,3427.031256265868,770.0,0.03204596624478546,0.3943257945986996
12.0,Florida,FL,2009.25,10.555675587425572,0.0,2440.947274607747,3418.0313802058445,766.0,0.0315683165071518,0.385950874759587
12.0,Florida,FL,2009.5,10.54948688989168,0.0,2434.553786861421,3409.078650266433,759.0,0.03170882035293187,0.3731867708972026
12.0,Florida,FL,2009.75,10.561549794348732,0.0,2428.1937040958733,3400.172696950894,856.0,0.03175635596933604,0.38087827501488986
12.0,Florida,FL,2010.0,10.554758912494323,0.0,2387.244047433994,3284.828377464004,765.0,0.0313418180541053,0.3770868151533476
12.0,Florida,FL,2010.25,10.564901546149516,0.0,2379.4220647000698,3274.0653928918796,782.0,0.03146904260239437,0.3772956196386261
12.0,Florida,FL,2010.5,10.570762712341374,0.0,2371.6511731787627,3263.3727094124424,779.0,0.031096938943579108,0.3686713812548781
12.0,Florida,FL,2010.75,10.57485265795396,0.0,2363.930873927242,3252.7496404844164,871.0,0.03113744985976745,0.3782980833777056
12.0,Florida,FL,2011.0,10.553575264581378,0.0,2438.2032274050857,3109.2228225739896,794.0,0.0307816661004332,0.3763396553195156
12.0,Florida,FL,2011.25,10.56512889435425,0.0,2430.338237566923,3099.1933034472545,802.0,0.030807954985379266,0.3760118068923031
12.0,Florida,FL,2011.5,10.562220728618476,0.0,2422.523825275796,3089.228281349226,811.0,0.030870806325353578,0.36882852943087213
12.0,Florida,FL,2011.75,10.566955308126031,0.0,2414.759504220309,3079.3271361304155,847.0,0.03114588441090313,0.3786354069994735
12.0,Florida,FL,2012.0,10.576227709699769,0.0,2523.7507906780734,3009.9501368785486,837.0,0.031095231035150876,0.3783362961575234
12.0,Florida,FL,2012.25,10.57492290864172,0.0,2516.016223259342,3000.7255088579464,806.0,0.031136402493915763,0.37808749371412476
12.0,Florida,FL,2012.5,10.586743550919298,0.0,2508.328919422811,2991.5572497253647,799.0,0.031346206144358686,0.37163515000111236
12.0,Florida,FL,2012.75,10.580065664385351,0.0,2500.688447268084,2982.4448443750102,881.0,0.03153777690630717,0.3829405598735951
12.0,Florida,FL,2013.0,10.5968697680219,0.0,2556.2531795746117,2929.046806300187,843.0,0.03156737337952128,0.38180359175029693
12.0,Florida,FL,2013.25,10.595878967882587,0.0,2546.282386119419,2917.6219126474107,822.0,0.03161378650042341,0.38146876441963756
12.0,Florida,FL,2013.5,10.60647667781748,0.0,2536.3890736036697,2906.2857994409683,809.0,0.03166951700426972,0.3762603896627655
12.0,Florida,FL,2013.75,10.621129723877408,0.0,2526.572342390674,2895.037435844794,884.0,0.03197966087450896,0.387263238447741
12.0,Florida,FL,2014.0,10.620890207936034,0.0,2565.5497751215125,2908.0025729129866,869.0,0.03159199468684317,0.3862767884603656
12.0,Florida,FL,2014.25,10.63205818872048,0.0,2554.114828825424,2895.0412756609885,839.0,0.03175607425032633,0.3868799580881115
12.0,Florida,FL,2014.5,10.64305885997327,0.0,2542.7813639201313,2882.195005662953,826.0,0.03184813344311651,0.3822300925910353
12.0,Florida,FL,2014.75,10.65190137029405,0.0,2531.5480354526485,2869.462238439885,911.0,0.032110594874696745,0.39391874614662
12.0,Florida,FL,2015.0,10.667546869635837,0.0,2628.641050290458,3004.6919932581586,885.0,0.03212515498954453,0.3933857823912383
12.0,Florida,FL,2015.25,10.67590991910851,0.0,2616.7649005562957,2991.116852592593,861.0,0.031070283800000396,0.3935318668264608
12.0,Florida,FL,2015.5,10.68815097366247,0.0,2604.9955805996537,2977.6638246731254,852.0,0.03126041963609341,0.38904089879080844
12.0,Florida,FL,2015.75,10.699732017593362,0.0,2593.331655422475,2964.331269212212,959.0,0.031637687820644154,0.40172943155017315
12.0,Florida,FL,2016.0,10.691787982983302,0.0,,,885.0,0.03142975947678972,0.40009421818867075
13.0,Georgia,GA,1990.0,9.980262304980108,0.0,,,420.0,0.023897207291340695,0.44489432436784354
13.0,Georgia,GA,1990.25,9.987453050784952,0.0,,,416.0,0.023937861259813602,0.44923750802014745
13.0,Georgia,GA,1990.5,9.994516589627263,0.0,,,418.0,0.024058746398855746,0.45020605582408774
13.0,Georgia,GA,1990.75,10.00145643905552,0.0,,,452.0,0.024110049642981763,0.44584749016276565
13.0,Georgia,GA,1991.0,10.008275982572997,0.0,,,440.0,0.02426272037973818,0.4259824946271146
13.0,Georgia,GA,1991.25,10.02272537361637,0.0,,,435.0,0.024387163265551542,0.4314581444374756
13.0,Georgia,GA,1991.5,10.03679654079106,0.0,,,441.0,0.024540823720019766,0.4276041369715053
13.0,Georgia,GA,1991.75,10.050505482796137,0.0,,,471.0,0.024708265537373084,0.4285299420484891
13.0,Georgia,GA,1992.0,10.063867248725012,0.0,,,480.0,0.0244481497763819,0.4187912061099936
13.0,Georgia,GA,1992.25,10.075930282572427,0.0,,,451.0,0.024471297672838083,0.42662483000422885
13.0,Georgia,GA,1992.5,10.087711212913128,0.0,,,458.0,0.02452780965424597,0.42700404764094924
13.0,Georgia,GA,1992.75,10.099220610874578,0.0,,,510.0,0.0244739796950287,0.43266868389624746
13.0,Georgia,GA,1993.0,10.11046849380405,0.0,,,459.0,0.02466710803870317,0.4258648312468473
13.0,Georgia,GA,1993.25,10.12759301863112,0.0,,,467.0,0.024689834804606382,0.43459060626701745
13.0,Georgia,GA,1993.5,10.144217874587325,0.0,,,476.0,0.02480721281066938,0.4360566959347822
13.0,Georgia,GA,1993.75,10.160366817149578,0.0,,,514.0,0.02494757859783228,0.4429059649706169
13.0,Georgia,GA,1994.0,10.176062012146897,0.0,,,475.0,0.024867807295206972,0.4356963034013235
13.0,Georgia,GA,1994.25,10.19037171739088,0.0,,,473.0,0.024957857504267027,0.4463426295204369
13.0,Georgia,GA,1994.5,10.204313915493575,0.0,,,488.0,0.025065896576581204,0.4471008336705653
13.0,Georgia,GA,1994.75,10.217903889170785,0.0,,,512.0,0.025289746171935575,0.45348137145217443
13.0,Georgia,GA,1995.0,10.231156028271272,0.0,,,504.0,0.025354875605400513,0.44731035218675586
13.0,Georgia,GA,1995.25,10.24547180372202,0.0,,,489.0,0.025338404523211247,0.4542952839896628
13.0,Georgia,GA,1995.5,10.25942234513504,0.0,,,498.0,0.025370137675746193,0.45373389756072846
13.0,Georgia,GA,1995.75,10.27302276081634,0.0,,,536.0,0.025507163204680133,0.45923053011089127
13.0,Georgia,GA,1996.0,10.28628728036577,0.0,,,524.0,0.02561714870240495,0.4522476729650134
13.0,Georgia,GA,1996.25,10.305048197040726,0.0,,,515.0,0.025760968502174318,0.4606395602323628
13.0,Georgia,GA,1996.5,10.32324246859517,0.0,,,518.0,0.025685479049092567,0.4603655554624884
13.0,Georgia,GA,1996.75,10.34089826525746,0.0,,,562.0,0.025745731675029682,0.4619430203185811
13.0,Georgia,GA,1997.0,10.358041777623995,0.0,,,555.0,0.025713396795539002,0.45552330121793705
13.0,Georgia,GA,1997.25,10.374507787663156,0.0,,,542.0,0.02594444622149872,0.4596169158993377
13.0,Georgia,GA,1997.5,10.390522631445124,0.0,,,548.0,0.026384695505425396,0.45809204473575976
13.0,Georgia,GA,1997.75,10.406106573387534,0.0,,,594.0,0.02703158716763781,0.46465980769035853
13.0,Georgia,GA,1998.0,10.421278592199528,0.0,,,576.0,0.02657366863965524,0.45870475233194496
13.0,Georgia,GA,1998.25,10.437764178362857,0.0,,,571.0,0.026739052930922703,0.4644373249066305
13.0,Georgia,GA,1998.5,10.453797905815506,0.0,,,583.0,0.026480780258287172,0.46392416707475614
13.0,Georgia,GA,1998.75,10.469400080252337,0.0,,,643.0,0.027084788802100756,0.46900281844687924
13.0,Georgia,GA,1999.0,10.484589718306127,0.0,,,610.0,0.02727839357988756,0.46208971411964467
13.0,Georgia,GA,1999.25,10.480204149744129,0.0,,,598.0,0.027612869848656574,0.47240450478113355
13.0,Georgia,GA,1999.5,10.475848455272152,0.0,,,612.0,0.02741661969802255,0.4694154446011295
13.0,Georgia,GA,1999.75,10.471522289777182,0.0,,,670.0,0.027602159553657534,0.47423713906174697
13.0,Georgia,GA,2000.0,10.46722531391516,0.0,,,667.0,0.027833908633242265,0.46745464461440156
13.0,Georgia,GA,2000.25,10.46927051108892,0.0,,,636.0,0.028268413993948447,0.47494152389870936
13.0,Georgia,GA,2000.5,10.471293146986248,0.0,,,643.0,0.02846918164352322,0.47225425367177576
13.0,Georgia,GA,2000.75,10.473293596950954,0.0,,,686.0,0.028049292626805403,0.4751176692027482
13.0,Georgia,GA,2001.0,10.475272227959971,0.0,,,687.0,0.02682738218449051,0.46045276783193934
13.0,Georgia,GA,2001.25,10.478952448561405,0.0,,,656.0,0.02715841586807363,0.4626196824336088
13.0,Georgia,GA,2001.5,10.482590731912618,0.0,,,656.0,0.02747716444854321,0.45910107734379196
13.0,Georgia,GA,2001.75,10.486187814458518,0.0,,,704.0,0.02782329649340805,0.4558144581835355
13.0,Georgia,GA,2002.0,10.489744414992035,0.0,,,698.0,0.027147514132155874,0.443272119064902
13.0,Georgia,GA,2002.25,10.497907761667104,0.0,,,670.0,0.027345554782082386,0.44758851151916823
13.0,Georgia,GA,2002.5,10.505951086872646,0.0,,,667.0,0.02746358381205961,0.4444799615014819
13.0,Georgia,GA,2002.75,10.513877272762237,0.0,,,714.0,0.027744658544968114,0.4458805619960573
13.0,Georgia,GA,2003.0,10.521689103421114,0.0,,,715.0,0.02756137135612556,0.4341580506455391
13.0,Georgia,GA,2003.25,10.5327425734143,0.0,,,683.0,0.02775801843954051,0.4367226307518933
13.0,Georgia,GA,2003.5,10.543583631965928,0.0,,,685.0,0.02788079262674401,0.4353776300218481
13.0,Georgia,GA,2003.75,10.55421896272766,0.0,,,735.0,0.027727362658972236,0.4376065202983211
13.0,Georgia,GA,2004.0,10.564654951484178,0.0,2171.4473480748416,2089.6017128940985,728.0,0.027967835797169473,0.4324009619064431
13.0,Georgia,GA,2004.25,10.591279563753844,0.0,2161.7917947709007,2080.310094222919,700.0,0.027873785983966816,0.4349550639211344
13.0,Georgia,GA,2004.5,10.61698696153096,0.0,2152.2217300604107,2071.100741931105,711.0,0.02792060705365203,0.43388447795615537
13.0,Georgia,GA,2004.75,10.641831814542568,0.0,2142.7360235955657,2061.9725682756284,773.0,0.028087194261977193,0.43893639685894326
13.0,Georgia,GA,2005.0,10.665864116135088,0.0,2262.1808705027897,2174.8554379032216,742.0,0.028178377539037423,0.4328635555333481
13.0,Georgia,GA,2005.25,10.66741914981308,0.0,2247.7081951675336,2160.941441430034,721.0,0.028178879704690702,0.4376183810320332
13.0,Georgia,GA,2005.5,10.669795405403235,0.0,2233.4195252833865,2147.2043473704266,748.0,0.028137675947579145,0.43611213193866627
13.0,Georgia,GA,2005.75,10.680976468255928,0.0,2219.3113738519505,2133.640803332234,795.0,0.028148760429134313,0.43869777970401436
13.0,Georgia,GA,2006.0,10.680702337390423,0.0,2373.21972390655,2493.9446666287313,798.0,0.028164511442075105,0.4331161707503929
13.0,Georgia,GA,2006.25,10.68308909912322,0.0,2360.7033701730434,2480.7916099079926,744.0,0.028255315071311203,0.4378879961745652
13.0,Georgia,GA,2006.5,10.691361087685005,0.0,2348.3183462310008,2467.7765636840036,751.0,0.028336844214416873,0.4350619210340224
13.0,Georgia,GA,2006.75,10.694135360726552,0.0,2336.0625958705286,2454.897367148118,812.0,0.02857523980751699,0.438340888118889
13.0,Georgia,GA,2007.0,10.688110458417343,0.0,2502.5250299786485,2684.6386326912934,836.0,0.028498325345444293,0.43185766655529395
13.0,Georgia,GA,2007.25,10.701089841668274,0.0,2492.2060177276376,2673.568685894192,792.0,0.02869416956396554,0.43511116965665675
13.0,Georgia,GA,2007.5,10.705841708052892,0.0,2481.971755673652,2662.5896567304158,782.0,0.02878402887832832,0.43218147469296686
13.0,Georgia,GA,2007.75,10.708510782438829,0.0,2471.8212040047943,2651.700429718937,834.0,0.02895893271265021,0.4343261352926629
13.0,Georgia,GA,2008.0,10.676253607470768,0.0,2480.9832208696134,2760.856649604838,843.0,0.028798897572532234,0.4255330677213711
13.0,Georgia,GA,2008.25,10.67891820190844,0.0,2473.4363828859687,2752.4584719568115,786.0,0.028838840577809974,0.42700084457890697
13.0,Georgia,GA,2008.5,10.67752428335056,0.0,2465.9353187223737,2744.1112317574543,794.0,0.02880826933868892,0.4205211116838719
13.0,Georgia,GA,2008.75,10.655566724065125,0.0,2458.479613190173,2735.814466981731,853.0,0.028724400031370396,0.4158643683984233
13.0,Georgia,GA,2009.0,10.646568751609076,0.0,2238.375710410498,2613.370071613245,832.0,0.02810729950359875,0.3990868024149505
13.0,Georgia,GA,2009.25,10.646398085690006,0.0,2232.998243807124,2607.091719763286,792.0,0.028022250795499873,0.3961047100914758
13.0,Georgia,GA,2009.5,10.639122887575278,0.0,2227.646552897232,2600.8434618004303,801.0,0.027885681491408538,0.3886700126601852
13.0,Georgia,GA,2009.75,10.640133719783751,0.0,2222.3204527988137,2594.625081869444,876.0,0.027919624903212367,0.3889207089109342
13.0,Georgia,GA,2010.0,10.639031743064832,0.0,2088.4555662153816,2600.762689451127,837.0,0.027331901583370233,0.3812440068505197
13.0,Georgia,GA,2010.25,10.648033202220688,0.0,2083.1964368200975,2594.213473019849,812.0,0.027383427363603052,0.38692345439452974
13.0,Georgia,GA,2010.5,10.655650398602386,0.0,2077.9637278746045,2587.6971580882096,823.0,0.027281455883701882,0.38419020082374866
13.0,Georgia,GA,2010.75,10.667572044381531,0.0,2072.7572407839093,2581.2134973450097,905.0,0.027306897294345808,0.38764881820948216
13.0,Georgia,GA,2011.0,10.657972720771207,0.0,2230.1854639554567,2614.204600468221,885.0,0.026918925640134494,0.3807000753868801
13.0,Georgia,GA,2011.25,10.666102432243338,0.0,2224.344513874103,2607.3578880218497,832.0,0.02692893312133232,0.38745175351411093
13.0,Georgia,GA,2011.5,10.676093066901348,0.0,2218.53407926219,2600.5469455515126,867.0,0.026936455017008278,0.384511225753451
13.0,Georgia,GA,2011.75,10.680729362002976,0.0,2212.7539216051605,2593.7714934724563,885.0,0.027030499387520567,0.38725810197257965
13.0,Georgia,GA,2012.0,10.68428602590642,0.0,2248.829411131064,2590.5358606057207,931.0,0.026841645126190812,0.38187212454651365
13.0,Georgia,GA,2012.25,10.696904098562998,0.0,2244.8518261573645,2585.9538872190456,848.0,0.026987076575057046,0.38817921034326397
13.0,Georgia,GA,2012.5,10.702566152340356,0.0,2240.8882869339222,2581.3880938145207,854.0,0.027104958761495077,0.38533359236693765
13.0,Georgia,GA,2012.75,10.69897656212888,0.0,2236.9387191937935,2576.838394840445,925.0,0.027299878137368325,0.39041901773391485
13.0,Georgia,GA,2013.0,10.717037818249365,0.0,2383.19336584764,2564.145816428705,940.0,0.027125456362373006,0.38610421683806817
13.0,Georgia,GA,2013.25,10.711759237057834,0.0,2377.105165333089,2557.595347590264,867.0,0.027287017933274888,0.391463522904487
13.0,Georgia,GA,2013.5,10.719083761932865,0.0,2371.0479918737233,2551.078261646761,867.0,0.027310750522277886,0.39039952948449835
13.0,Georgia,GA,2013.75,10.73769811061342,0.0,2365.02160888945,2544.5943040549155,923.0,0.02750968149358887,0.39558902044082483
13.0,Georgia,GA,2014.0,10.740805730529225,0.0,2418.4360405744646,2575.6738395303923,972.0,0.027509432469624222,0.3906455927631015
13.0,Georgia,GA,2014.25,10.758918693229004,0.0,2411.731606545162,2568.5335079076344,882.0,0.02766954553944183,0.3983530416089538
13.0,Georgia,GA,2014.5,10.774800649936845,0.0,2405.064242068014,2561.432655962704,891.0,0.027740340694355874,0.39898851603191443
13.0,Georgia,GA,2014.75,10.7831278208515,0.0,2398.4336405481813,2554.370957167094,958.0,0.027978078144691866,0.40436125057888256
13.0,Georgia,GA,2015.0,10.793666444234963,0.0,2516.2840002909975,2631.6197289291,989.0,0.027858506943252925,0.3991218893507244
13.0,Georgia,GA,2015.25,10.805784345749858,0.0,2509.458056033009,2624.4809124935086,905.0,0.028071969769655817,0.4053137201626766
13.0,Georgia,GA,2015.5,10.81480003598852,0.0,2502.6690451754966,2617.3807223279796,915.0,0.028210459123162234,0.4053925066960367
13.0,Georgia,GA,2015.75,10.81935731604577,0.0,2495.916668771754,2610.3188457833653,1002.0,0.02864802725159432,0.4114500141593994
13.0,Georgia,GA,2016.0,10.836741511660888,0.0,,,1007.0,0.028367941366998335,0.4057986856147078
15.0,Hawaii,HI,1990.0,10.28254085026614,0.0,,,426.0,0.024229203469089557,0.46966971443864386
15.0,Hawaii,HI,1990.25,10.291242665690246,0.0,,,430.0,0.02425072483481405,0.47416283933485315
15.0,Hawaii,HI,1990.5,10.299780608741228,0.0,,,447.0,0.02428535559461303,0.4738287016154537
15.0,Hawaii,HI,1990.75,10.30815956790276,0.0,,,478.0,0.024427505215249373,0.4801529467531347
15.0,Hawaii,HI,1991.0,10.31638422893944,0.0,,,444.0,0.026527287346250816,0.47311496887922394
15.0,Hawaii,HI,1991.25,10.324400022959654,0.0,,,450.0,0.026536072884462806,0.471584799321496
15.0,Hawaii,HI,1991.5,10.332276643938306,0.0,,,466.0,0.0263513416373068,0.47197594110222896
15.0,Hawaii,HI,1991.75,10.340017923346256,0.0,,,492.0,0.02642591704926058,0.47367803749431175
15.0,Hawaii,HI,1992.0,10.347627545872692,0.0,,,474.0,0.026475622144754116,0.46601122779277176
15.0,Hawaii,HI,1992.25,10.348726711488428,0.0,,,473.0,0.02613302666543621,0.46972934449952103
15.0,Hawaii,HI,1992.5,10.349817974887918,0.0,,,488.0,0.026901701987303187,0.4663041742388467
15.0,Hawaii,HI,1992.75,10.350901421625691,0.0,,,537.0,0.026805344391973962,0.467581344986641
15.0,Hawaii,HI,1993.0,10.351977136016664,0.0,,,466.0,0.027051476845054476,0.46331888973583735
15.0,Hawaii,HI,1993.25,10.353351298696555,0.0,,,495.0,0.02689474187482071,0.46334569330967584
15.0,Hawaii,HI,1993.5,10.354715036328264,0.0,,,510.0,0.0269787753974582,0.4548829973555038
15.0,Hawaii,HI,1993.75,10.356068468351332,0.0,,,543.0,0.026851958611712603,0.4585108421325749
15.0,Hawaii,HI,1994.0,10.35741171236915,0.0,,,498.0,0.026973498066584927,0.4523977939756493
15.0,Hawaii,HI,1994.25,10.357909209663532,0.0,,,498.0,0.026497952919888844,0.45516741177889436
15.0,Hawaii,HI,1994.5,10.358404516846823,0.0,,,526.0,0.026655035459803137,0.4488753937065665
15.0,Hawaii,HI,1994.75,10.358897648409766,0.0,,,535.0,0.02666416636912847,0.45497964531772545
15.0,Hawaii,HI,1995.0,10.35938861871502,0.0,,,510.0,0.02680109687564231,0.44967222401395657
15.0,Hawaii,HI,1995.25,10.36034182783964,0.0,,,508.0,0.02642461898118126,0.448488769794182
15.0,Hawaii,HI,1995.5,10.361291392952548,0.0,,,520.0,0.02654826337816779,0.44124247916535625
15.0,Hawaii,HI,1995.75,10.362237335335516,0.0,,,539.0,0.026332126971067064,0.44534200034011917
15.0,Hawaii,HI,1996.0,10.363179676101744,0.0,,,520.0,0.026175592209378155,0.44239539330400846
15.0,Hawaii,HI,1996.25,10.358456705165889,0.0,,,515.0,0.026099622530404393,0.44224272853532604
15.0,Hawaii,HI,1996.5,10.353726849766106,0.0,,,525.0,0.026206893696476146,0.4377804320480363
15.0,Hawaii,HI,1996.75,10.348990041815124,0.0,,,548.0,0.026274134964633912,0.4418801979191962
15.0,Hawaii,HI,1997.0,10.34424621271336,0.0,,,546.0,0.02619507444455449,0.43710287984329776
15.0,Hawaii,HI,1997.25,10.343040283066312,0.0,,,530.0,0.0259323778033394,0.44140958027509647
15.0,Hawaii,HI,1997.5,10.341834686016584,0.0,,,552.0,0.026085419385357207,0.43678841043598077
15.0,Hawaii,HI,1997.75,10.340629420550815,0.0,,,572.0,0.02620694170203068,0.4410044264977182
15.0,Hawaii,HI,1998.0,10.339424485657162,0.0,,,543.0,0.026088001231039645,0.43752871534375165
15.0,Hawaii,HI,1998.25,10.351282784562628,0.0,,,545.0,0.026056842268707223,0.4405885036906584
15.0,Hawaii,HI,1998.5,10.363025805717086,0.0,,,554.0,0.02608251464729608,0.4386876341543625
15.0,Hawaii,HI,1998.75,10.374656020012653,0.0,,,594.0,0.026201509533477517,0.4421730343210418
15.0,Hawaii,HI,1999.0,10.386175820568647,0.0,,,549.0,0.026999917375857226,0.4366253545952794
15.0,Hawaii,HI,1999.25,10.390375116645291,0.0,,,559.0,0.026889499029708205,0.4414019514001576
15.0,Hawaii,HI,1999.5,10.3945513102948,0.0,,,585.0,0.027024295130948308,0.44227339857747905
15.0,Hawaii,HI,1999.75,10.39870462776054,0.0,,,602.0,0.02696100915776326,0.4505447181807256
15.0,Hawaii,HI,2000.0,10.402835292024749,0.0,,,582.0,0.02719116882389151,0.4468093755982944
15.0,Hawaii,HI,2000.25,10.410484840224049,0.0,,,575.0,0.02763132884893779,0.4541997456764831
15.0,Hawaii,HI,2000.5,10.418037784165602,0.0,,,588.0,0.028098760917856236,0.4523326885203475
15.0,Hawaii,HI,2000.75,10.425496153774423,0.0,,,609.0,0.028550733200541443,0.4598333838645793
15.0,Hawaii,HI,2001.0,10.432861917930143,0.0,,,598.0,0.028955551132674468,0.4542318815044901
15.0,Hawaii,HI,2001.25,10.444199525352278,0.0,,,583.0,0.02853019355329391,0.45582638885640825
15.0,Hawaii,HI,2001.5,10.455348243639376,0.0,,,597.0,0.028775601171498088,0.4524987754646238
15.0,Hawaii,HI,2001.75,10.466313430165782,0.0,,,627.0,0.028886987447588743,0.4477534286781884
15.0,Hawaii,HI,2002.0,10.477100223191435,0.0,,,620.0,0.028472595882747278,0.44387993134416415
15.0,Hawaii,HI,2002.25,10.492057792531304,0.0,,,613.0,0.02857388330325616,0.4486123018684332
15.0,Hawaii,HI,2002.5,10.506727139832078,0.0,,,626.0,0.02877828395831485,0.4482463969264621
15.0,Hawaii,HI,2002.75,10.521118050253731,0.0,,,654.0,0.02893046869914832,0.455610754227939
15.0,Hawaii,HI,2003.0,10.535239825539715,0.0,,,636.0,0.029078754493851278,0.4520887649854987
15.0,Hawaii,HI,2003.25,10.547479276697752,0.0,,,634.0,0.029196557570462564,0.45165453193611366
15.0,Hawaii,HI,2003.5,10.559464023559055,0.0,,,647.0,0.02938223321924821,0.4492878360649201
15.0,Hawaii,HI,2003.75,10.571202769427368,0.0,,,678.0,0.029411689318772735,0.45562026772158515
15.0,Hawaii,HI,2004.0,10.582703796073,0.0,4091.123449141743,1060.8235596186778,656.0,0.02727453322120749,0.4518286798752168
15.0,Hawaii,HI,2004.25,10.613450619124963,0.0,4075.7940453346837,1056.8486630125028,652.0,0.027293584978867438,0.4560307394088828
15.0,Hawaii,HI,2004.5,10.64306076387337,0.0,4060.5790909707293,1052.9034430140223,675.0,0.027427056405764257,0.45550412825530523
15.0,Hawaii,HI,2004.75,10.671608415132912,0.0,4045.4773090961608,1048.9875685106203,723.0,0.0276410606402943,0.4640263759903743
15.0,Hawaii,HI,2005.0,10.699160789177652,0.0,4701.988583840852,1169.2690424675243,669.0,0.027420286850530932,0.4591552702332301
15.0,Hawaii,HI,2005.25,10.70641729275085,0.0,4686.579086253869,1165.437078997779,677.0,0.027591800795617818,0.4650487279611333
15.0,Hawaii,HI,2005.5,10.718723208061697,0.0,4671.270259677382,1161.6301499350614,714.0,0.027846729632732107,0.46430198094623293
15.0,Hawaii,HI,2005.75,10.74038353169075,0.0,4656.061120790391,1157.8480107515968,736.0,0.02809999842969696,0.47016251870479875
15.0,Hawaii,HI,2006.0,10.745342357917696,0.0,5128.9180755437565,1328.48424600166,718.0,0.027557567164555163,0.46598678150958733
15.0,Hawaii,HI,2006.25,10.759148324027704,0.0,5123.10548139629,1326.9786770610815,706.0,0.027701745782734665,0.47108653004549716
15.0,Hawaii,HI,2006.5,10.773086924586709,0.0,5117.306047140899,1325.4765167749295,721.0,0.028036044710799016,0.4708846301613287
15.0,Hawaii,HI,2006.75,10.778939295741468,0.0,5111.519728136515,1323.977753580345,762.0,0.028357412822660973,0.4767705913431528
15.0,Hawaii,HI,2007.0,10.7907873942985,0.0,5325.046839074999,1514.2987439907272,747.0,0.028521481368879092,0.47320906252177275
15.0,Hawaii,HI,2007.25,10.793251908919336,0.0,5308.365336057968,1509.5549774418203,735.0,0.02870414252966053,0.47433032317669077
15.0,Hawaii,HI,2007.5,10.815536493291212,0.0,5291.788021245611,1504.840839189573,760.0,0.028873577734405687,0.47033384090767183
15.0,Hawaii,HI,2007.75,10.825051319071182,0.0,5275.313921579183,1500.1560525224977,793.0,0.029075841525933895,0.47597939429032243
15.0,Hawaii,HI,2008.0,10.821883088179806,0.0,5411.395174795623,1651.8184404445835,772.0,0.028602032858109028,0.4700717277692581
15.0,Hawaii,HI,2008.25,10.82751939065726,0.0,5396.706489329927,1647.3347461782446,763.0,0.02879613486355766,0.46721024514680787
15.0,Hawaii,HI,2008.5,10.81568995139523,0.0,5382.097329904103,1642.875327089547,773.0,0.028810756533392063,0.45906114257060343
15.0,Hawaii,HI,2008.75,10.802542401995945,0.0,5367.567052418637,1638.4399865682967,821.0,0.029020371665062158,0.45682707525650407
15.0,Hawaii,HI,2009.0,10.796842107231535,0.0,5044.1369641877245,1814.2215476599758,774.0,0.028446956561772072,0.4449964865174594
15.0,Hawaii,HI,2009.25,10.786634593277393,0.0,5028.056496405688,1808.437895995926,775.0,0.028607189805658524,0.4404355511079004
15.0,Hawaii,HI,2009.5,10.778865778997792,0.0,5012.078230336353,1802.6910031571624,787.0,0.02886084653859463,0.43126709760690685
15.0,Hawaii,HI,2009.75,10.7798197498743,0.0,4996.201194729773,1796.980519814833,843.0,0.02892093336608715,0.4338287102890622
15.0,Hawaii,HI,2010.0,10.807440258384066,0.0,5043.7832903819435,1843.619060885886,766.0,0.027690999270498444,0.42766362768782223
15.0,Hawaii,HI,2010.25,10.808552371846687,0.0,5030.948138096813,1838.9275168523895,780.0,0.0278084772123658,0.4296258349865322
15.0,Hawaii,HI,2010.5,10.825535604363177,0.0,5018.178144429462,1834.2597897957148,804.0,0.02787283869882986,0.4251040097979108
15.0,Hawaii,HI,2010.75,10.823696537944569,0.0,5005.472814462186,1829.6156988120315,858.0,0.02808166638987605,0.43184550948300426
15.0,Hawaii,HI,2011.0,10.83099061406232,0.0,5196.823489110681,1856.2223847926934,789.0,0.027152171767315207,0.42836109611204976
15.0,Hawaii,HI,2011.25,10.82816016796363,0.0,5183.697432879214,1851.5339670598319,798.0,0.027150192601022333,0.4284864187503122
15.0,Hawaii,HI,2011.5,10.82765995830183,0.0,5170.637516770867,1846.8691735230443,835.0,0.027301309463462257,0.4260031108241951
15.0,Hawaii,HI,2011.75,10.841727032473388,0.0,5157.643242137502,1842.227826073177,845.0,0.027571955102925743,0.43405259024444937
15.0,Hawaii,HI,2012.0,10.853100570472176,0.0,5482.627782328174,1906.0079607995287,832.0,0.02685692115359745,0.4280026631796257
15.0,Hawaii,HI,2012.25,10.860028809025078,0.0,5468.22762906308,1901.0018199762414,810.0,0.02702429137104817,0.433459496138231
15.0,Hawaii,HI,2012.5,10.86340369200824,0.0,5453.902921808626,1896.0219075789203,826.0,0.027255109439620683,0.43116829342757146
15.0,Hawaii,HI,2012.75,10.852349898979169,0.0,5439.653069193157,1891.0680180201857,868.0,0.027379932111540665,0.4399019139422503
15.0,Hawaii,HI,2013.0,10.874990710579093,0.0,6038.947557770067,1911.7421422685413,841.0,0.026781733987163707,0.4342461789387841
15.0,Hawaii,HI,2013.25,10.871150357878268,0.0,6028.373651831012,1908.3947739732057,823.0,0.026942087287820417,0.43815858829897675
15.0,Hawaii,HI,2013.5,10.871434977793736,0.0,6017.8367099683655,1905.0591073497164,837.0,0.027155018190964386,0.43602885520322987
15.0,Hawaii,HI,2013.75,10.888616958582368,0.0,6007.336538692763,1901.7350811453857,871.0,0.02736084057934113,0.44505953584999786
15.0,Hawaii,HI,2014.0,10.884758689363602,0.0,5997.029686892144,2031.5367187042177,857.0,0.026763177719615717,0.43953197034535035
15.0,Hawaii,HI,2014.25,10.897486366144454,0.0,5987.720568382808,2028.3831881969697,844.0,0.026911263676808236,0.441497932279723
15.0,Hawaii,HI,2014.5,10.911557666833954,0.0,5978.440305950437,2025.2394328922762,869.0,0.02713842589105918,0.4374912458393542
15.0,Hawaii,HI,2014.75,10.918423894251228,0.0,5969.188765632083,2022.1054074092294,908.0,0.0274147812123363,0.445692239037777
15.0,Hawaii,HI,2015.0,10.942016153793473,0.0,6396.627880296698,2098.2298792343577,881.0,0.026961240059867088,0.4438341413144891
15.0,Hawaii,HI,2015.25,10.95243657938236,0.0,6392.815042282401,2096.9791873391923,875.0,0.027191311122596172,0.44618528053041345
15.0,Hawaii,HI,2015.5,10.959670909871663,0.0,6389.006746997072,2095.729985555665,896.0,0.02754936198932339,0.44469347664131725
15.0,Hawaii,HI,2015.75,10.970369587213655,0.0,6385.202986327026,2094.4822712223167,957.0,0.027876868293004096,0.4539488844699928
15.0,Hawaii,HI,2016.0,10.978938546026807,0.0,,,893.0,0.02735487628425047,0.45079941974080606
16.0,Idaho,ID,1990.0,9.786041288878904,0.0,,,301.0,0.027596248063975724,0.42401730305233326
16.0,Idaho,ID,1990.25,9.79062854115757,0.0,,,354.0,0.027810442548525573,0.37960855236165475
16.0,Idaho,ID,1990.5,9.795130662251845,0.0,,,361.0,0.027899888007011736,0.38915518332765253
16.0,Idaho,ID,1990.75,9.799550044581837,0.0,,,391.0,0.02793586201494464,0.3806641568745771
16.0,Idaho,ID,1991.0,9.803888990199331,0.0,,,368.0,0.030476819716589394,0.3612617751639912
16.0,Idaho,ID,1991.25,9.819955061059083,0.0,,,368.0,0.030710979725824445,0.3809605527143739
16.0,Idaho,ID,1991.5,9.835541593643203,0.0,,,377.0,0.0307647748391979,0.3904648727883549
16.0,Idaho,ID,1991.75,9.85067155368352,0.0,,,404.0,0.03079054903813601,0.38245412974260623
16.0,Idaho,ID,1992.0,9.865366371376547,0.0,,,384.0,0.03061813872546504,0.36704939728869335
16.0,Idaho,ID,1992.25,9.886219510922569,0.0,,,390.0,0.03083752503282396,0.388018041749936
16.0,Idaho,ID,1992.5,9.906302725175289,0.0,,,391.0,0.030937607919088374,0.39527290888636446
16.0,Idaho,ID,1992.75,9.925661717188332,0.0,,,433.0,0.031047826631671886,0.3858108785629068
16.0,Idaho,ID,1993.0,9.944338407501702,0.0,,,384.0,0.030960489480215878,0.3698005353689861
16.0,Idaho,ID,1993.25,9.961338493036836,0.0,,,396.0,0.03121497216559125,0.39144491130829323
16.0,Idaho,ID,1993.5,9.97778685657041,0.0,,,404.0,0.0313198231693574,0.40321137035466104
16.0,Idaho,ID,1993.75,9.99371204866864,0.0,,,448.0,0.031552391758439574,0.3922798381874459
16.0,Idaho,ID,1994.0,10.009140566062332,0.0,,,401.0,0.031596136716907974,0.38038260241833605
16.0,Idaho,ID,1994.25,10.024544112852745,0.0,,,408.0,0.03209891210043831,0.403915646413059
16.0,Idaho,ID,1994.5,10.03950534326427,0.0,,,431.0,0.03233981869240487,0.41099373567073794
16.0,Idaho,ID,1994.75,10.054044644317717,0.0,,,448.0,0.03245682265914007,0.40233911026747454
16.0,Idaho,ID,1995.0,10.068181090381849,0.0,,,428.0,0.03230297233891832,0.38757083165579737
16.0,Idaho,ID,1995.25,10.07305510963364,0.0,,,426.0,0.03254623130615966,0.40397160268739213
16.0,Idaho,ID,1995.5,10.077853122407522,0.0,,,432.0,0.03281038310707632,0.4127933411891394
16.0,Idaho,ID,1995.75,10.0825769467991,0.0,,,472.0,0.03302656536380637,0.4043899763177718
16.0,Idaho,ID,1996.0,10.087228341798552,0.0,,,440.0,0.03291792835573273,0.38885374769100167
16.0,Idaho,ID,1996.25,10.0869070155235,0.0,,,438.0,0.033234327641522364,0.4101827378143382
16.0,Idaho,ID,1996.5,10.086588948974232,0.0,,,464.0,0.03335824145635616,0.41520483949614034
16.0,Idaho,ID,1996.75,10.08627409278233,0.0,,,475.0,0.033449773280642504,0.40953750696597535
16.0,Idaho,ID,1997.0,10.08596239857158,0.0,,,448.0,0.03337267606550972,0.3942326267921293
16.0,Idaho,ID,1997.25,10.09504525405391,0.0,,,448.0,0.03365648080455417,0.4128559634445752
16.0,Idaho,ID,1997.5,10.103960349025058,0.0,,,461.0,0.03398270753975452,0.4218994833759934
16.0,Idaho,ID,1997.75,10.112712633452526,0.0,,,495.0,0.03424243457539951,0.4155116193395126
16.0,Idaho,ID,1998.0,10.121306853179354,0.0,,,459.0,0.034082869531193855,0.40066382928887223
16.0,Idaho,ID,1998.25,10.141708815707904,0.0,,,465.0,0.03399869333617345,0.41535192229536216
16.0,Idaho,ID,1998.5,10.161520035541129,0.0,,,474.0,0.03404978789590523,0.42641282740586384
16.0,Idaho,ID,1998.75,10.180769529347836,0.0,,,518.0,0.03410198781261862,0.4213637225115855
16.0,Idaho,ID,1999.0,10.199484274104924,0.0,,,475.0,0.03398673955885281,0.4042072399897361
16.0,Idaho,ID,1999.25,10.201732196659034,0.0,,,480.0,0.03426229290745334,0.423413568162412
16.0,Idaho,ID,1999.5,10.203954409207356,0.0,,,502.0,0.0344887041455413,0.43224351327169697
16.0,Idaho,ID,1999.75,10.20615135571276,0.0,,,545.0,0.03455764284405535,0.4273455839017563
16.0,Idaho,ID,2000.0,10.208323469855692,0.0,,,530.0,0.03433659373725403,0.41106408194362143
16.0,Idaho,ID,2000.25,10.21414150174374,0.0,,,520.0,0.034738069376488524,0.43450156616941205
16.0,Idaho,ID,2000.5,10.219880669082723,0.0,,,521.0,0.03475692068999218,0.4413143711721397
16.0,Idaho,ID,2000.75,10.22554265724226,0.0,,,561.0,0.034761934821942626,0.43459593097911087
16.0,Idaho,ID,2001.0,10.23112910161505,0.0,,,526.0,0.03491994466507369,0.41866508278268616
16.0,Idaho,ID,2001.25,10.240315342052977,0.0,,,524.0,0.034968109099594774,0.4352595666097763
16.0,Idaho,ID,2001.5,10.249348442479244,0.0,,,527.0,0.03505274149787207,0.43999462724104066
16.0,Idaho,ID,2001.75,10.258232560151423,0.0,,,558.0,0.03509853254343037,0.4273449417264954
16.0,Idaho,ID,2002.0,10.26697169278336,0.0,,,534.0,0.03437851581501255,0.40763782989597913
16.0,Idaho,ID,2002.25,10.274581041286456,0.0,,,527.0,0.03452430831037854,0.4269775047964873
16.0,Idaho,ID,2002.5,10.282068900669271,0.0,,,536.0,0.03465036734138338,0.43393624859084706
16.0,Idaho,ID,2002.75,10.289438362376613,0.0,,,569.0,0.03485932818121017,0.4269925193057303
16.0,Idaho,ID,2003.0,10.296692407988411,0.0,,,540.0,0.034888292332291806,0.4076579285794618
16.0,Idaho,ID,2003.25,10.31053078206718,0.0,,,538.0,0.035896767970182826,0.4213283054314207
16.0,Idaho,ID,2003.5,10.324040407512552,0.0,,,547.0,0.03496683703653697,0.42761046880629544
16.0,Idaho,ID,2003.75,10.3372340517784,0.0,,,580.0,0.03506905664887577,0.4197791116440799
16.0,Idaho,ID,2004.0,10.350123781812709,0.0,2563.9501883170165,1662.8960153814983,552.0,0.03468093881169879,0.4040816629568478
16.0,Idaho,ID,2004.25,10.35827023046938,0.0,2547.2775140903773,1652.082652601065,555.0,0.03476093337071375,0.4243269903808478
16.0,Idaho,ID,2004.5,10.366246852530905,0.0,2530.820274726307,1641.4090139760278,571.0,0.035273930220212954,0.43059036097440123
16.0,Idaho,ID,2004.75,10.374059149726756,0.0,2514.5743214378513,1630.8724087359785,618.0,0.03553723448764869,0.42380317770701853
16.0,Idaho,ID,2005.0,10.381712379338428,0.0,2751.3983984495617,1745.6976798733547,561.0,0.03549821073614327,0.41065571800090694
16.0,Idaho,ID,2005.25,10.38483001353396,0.0,2732.064841053764,1733.4309916654383,570.0,0.03577924118502616,0.4258612426663552
16.0,Idaho,ID,2005.5,10.401581054408814,0.0,2713.0010942694107,1721.3354919552212,605.0,0.03615438518973665,0.4362494289892794
16.0,Idaho,ID,2005.75,10.409783412484622,0.0,2694.2015491970856,1709.4076220277232,628.0,0.03635429964581554,0.43004708290311505
16.0,Idaho,ID,2006.0,10.43032878889087,0.0,2821.061110434005,1870.631163318624,608.0,0.036255956924262714,0.41942897503340326
16.0,Idaho,ID,2006.25,10.453189550298651,0.0,2803.672134786145,1859.1006226916359,612.0,0.03684721250417857,0.43769745297782664
16.0,Idaho,ID,2006.5,10.446145855280012,0.0,2786.4962165921147,1847.7113593702818,613.0,0.03707544689004612,0.4435598221877879
16.0,Idaho,ID,2006.75,10.46585243040164,0.0,2769.529463982524,1836.4607926759163,672.0,0.037321623854609236,0.4360575384782669
16.0,Idaho,ID,2007.0,10.476216351783354,0.0,3033.8461436245307,1877.1454483242032,633.0,0.03704990681713236,0.42319904591374025
16.0,Idaho,ID,2007.25,10.486418906567389,0.0,3019.1950423455296,1868.0803056713337,626.0,0.037372172040131345,0.4405643205471625
16.0,Idaho,ID,2007.5,10.492194107171164,0.0,3004.684767678097,1859.102297309524,635.0,0.03719124505457447,0.4441234773024503
16.0,Idaho,ID,2007.75,10.504635174606774,0.0,2990.31329889253,1850.2101729434771,686.0,0.03736306015080062,0.4351741508972154
16.0,Idaho,ID,2008.0,10.496375285332642,0.0,3103.636790239324,1994.0331873403204,636.0,0.03691667970175713,0.4166860020508542
16.0,Idaho,ID,2008.25,10.508793425987976,0.0,3093.4958088634503,1987.5177814528506,636.0,0.0367778667583504,0.4300289781448303
16.0,Idaho,ID,2008.5,10.508099106128164,0.0,3083.420881978814,1981.0448144384202,643.0,0.03673837939444288,0.43221630434747416
16.0,Idaho,ID,2008.75,10.476450806881434,0.0,3073.4113662997684,1974.6138729970796,693.0,0.03670947491761779,0.4154045592968202
16.0,Idaho,ID,2009.0,10.468358016595722,0.0,2738.411735680847,2071.3929591318793,638.0,0.03604773168969641,0.3883012885463287
16.0,Idaho,ID,2009.25,10.439051924988854,0.0,2731.1329675199904,2065.887143872947,632.0,0.035966031297363775,0.3964401182891647
16.0,Idaho,ID,2009.5,10.445519325395814,0.0,2723.8927910837774,2060.4105202164556,647.0,0.03570750954502857,0.3981429014945799
16.0,Idaho,ID,2009.75,10.444712293929976,0.0,2716.69090026612,2054.96285661724,708.0,0.035403765060505285,0.39032938708326015
16.0,Idaho,ID,2010.0,10.461713823862471,0.0,2580.236281118516,2092.279488991159,633.0,0.03478208286389011,0.3734854223291598
16.0,Idaho,ID,2010.25,10.456050178727494,0.0,2574.85509767637,2087.915958478511,652.0,0.034724153203350136,0.38690144503467405
16.0,Idaho,ID,2010.5,10.465578262467986,0.0,2569.4963128570944,2083.5705907130337,666.0,0.03464934980966058,0.3911214448237534
16.0,Idaho,ID,2010.75,10.47617330340603,0.0,2564.159787103189,2079.2432725293943,733.0,0.03448566515783579,0.3854961411556802
16.0,Idaho,ID,2011.0,10.468911940071017,0.0,2865.5481228651706,2050.207588582596,659.0,0.03382333539333254,0.3705021158653817
16.0,Idaho,ID,2011.25,10.480096916848122,0.0,2860.2362192321143,2046.4070922477374,667.0,0.033800962141284176,0.3838863912980926
16.0,Idaho,ID,2011.5,10.486880095609008,0.0,2854.943972649521,2042.6206599007442,697.0,0.033822067172444244,0.39041265756283805
16.0,Idaho,ID,2011.75,10.497707465884623,0.0,2849.6712742055875,2038.848213618721,717.0,0.033716287008723964,0.3848528544288474
16.0,Idaho,ID,2012.0,10.48834935526603,0.0,2886.465473325267,1800.2081569711595,691.0,0.03305635464634306,0.3700241847237513
16.0,Idaho,ID,2012.25,10.496819867630956,0.0,2879.203918156726,1795.6793271730871,670.0,0.033092573702948117,0.3847270557488966
16.0,Idaho,ID,2012.5,10.510491793953948,0.0,2871.9788074647704,1791.1732267804516,687.0,0.033087462849782506,0.39131957281588103
16.0,Idaho,ID,2012.75,10.49928358602359,0.0,2864.789867573474,1786.689685109199,732.0,0.03301396902709352,0.38814143904237974
16.0,Idaho,ID,2013.0,10.52639911840416,0.0,2976.918271649511,1843.9458539674977,695.0,0.03266913191039019,0.3746374352697759
16.0,Idaho,ID,2013.25,10.529005452471576,0.0,2967.0155566873505,1837.8119703565849,682.0,0.03292153336429884,0.3918639558198014
16.0,Idaho,ID,2013.5,10.532984318002791,0.0,2957.178506031194,1831.7187601581613,703.0,0.03291529337309658,0.39654237621665567
16.0,Idaho,ID,2013.75,10.546427542618831,0.0,2947.4064687152163,1825.665820154663,752.0,0.03304728812900886,0.39314455793202324
16.0,Idaho,ID,2014.0,10.54215928087605,0.0,3000.7082811968176,1896.1471216970344,720.0,0.03259685148500305,0.3822135103566995
16.0,Idaho,ID,2014.25,10.55522651181444,0.0,2991.8729506895934,1890.5640776485695,697.0,0.033308389629604314,0.39655707713504673
16.0,Idaho,ID,2014.5,10.563295012071556,0.0,2983.0894971944645,1885.0138146764202,721.0,0.033511240399712754,0.40056394714314114
16.0,Idaho,ID,2014.75,10.580991817993496,0.0,2974.3574651517833,1879.4960449125124,783.0,0.0338542867614399,0.39621465320067994
16.0,Idaho,ID,2015.0,10.589300427279335,0.0,3227.157332765418,1944.9821760037946,736.0,0.03333075189916918,0.3873076932384979
16.0,Idaho,ID,2015.25,10.589832585979975,0.0,3212.4287674219436,1936.105386272996,713.0,0.033455070627304406,0.4014622528064421
16.0,Idaho,ID,2015.5,10.588306303259351,0.0,3197.834031981122,1927.3092547650338,736.0,0.033732937486210895,0.4066437887493725
16.0,Idaho,ID,2015.75,10.580048533193311,0.0,3183.3713106408477,1918.5926871103547,803.0,0.03414376788205987,0.4023418212317221
16.0,Idaho,ID,2016.0,10.59083112143736,0.0,,,724.0,0.03406906139715057,0.3935234145703863
17.0,Illinois,IL,1990.0,10.100755863784062,0.0,,,480.0,0.021948665347223457,0.4445020987808247
17.0,Illinois,IL,1990.25,10.106669783957845,0.0,,,470.0,0.021437215843475674,0.45394950062537226
17.0,Illinois,IL,1990.5,10.112519488623564,0.0,,,467.0,0.02197801434089065,0.4543693037063807
17.0,Illinois,IL,1990.75,10.11830611652428,0.0,,,528.0,0.022062292266967255,0.45346881163678177
17.0,Illinois,IL,1991.0,10.12403077775133,0.0,,,493.0,0.022677311468857538,0.4363531600582386
17.0,Illinois,IL,1991.25,10.136605188564966,0.0,,,491.0,0.022581976331755755,0.44479459915972636
17.0,Illinois,IL,1991.5,10.14895701168922,0.0,,,494.0,0.02255593267084919,0.44205587882316416
17.0,Illinois,IL,1991.75,10.161093023326186,0.0,,,546.0,0.02263206194628273,0.43935481110624575
17.0,Illinois,IL,1992.0,10.173019701316004,0.0,,,523.0,0.022968169476382447,0.4279499393316655
17.0,Illinois,IL,1992.25,10.181793354140463,0.0,,,515.0,0.02285688402602134,0.43743785782167444
17.0,Illinois,IL,1992.5,10.1904481824197,0.0,,,515.0,0.02281421915290756,0.4341250094009769
17.0,Illinois,IL,1992.75,10.198986901517944,0.0,,,598.0,0.02305773871700356,0.4421854352647904
17.0,Illinois,IL,1993.0,10.207412137489555,0.0,,,517.0,0.023239693811269647,0.4307027089337111
17.0,Illinois,IL,1993.25,10.226785290423246,0.0,,,524.0,0.023132687338135595,0.44181650299781094
17.0,Illinois,IL,1993.5,10.245708499020145,0.0,,,531.0,0.023119644565310314,0.44338026384664286
17.0,Illinois,IL,1993.75,10.264200532143716,0.0,,,608.0,0.02332707024120427,0.4479988159448295
17.0,Illinois,IL,1994.0,10.282279017633984,0.0,,,546.0,0.023414817187033712,0.4361667653718036
17.0,Illinois,IL,1994.25,10.292039989960612,0.0,,,537.0,0.02347043718167095,0.45023066970450754
17.0,Illinois,IL,1994.5,10.30166805752583,0.0,,,558.0,0.023550582412406963,0.45153826064231983
17.0,Illinois,IL,1994.75,10.311166353716953,0.0,,,599.0,0.02319367541704375,0.45370001219911693
17.0,Illinois,IL,1995.0,10.32053790459317,0.0,,,582.0,0.023826914360295184,0.4461265025581597
17.0,Illinois,IL,1995.25,10.333687331339258,0.0,,,558.0,0.0238928826871362,0.45767699409102947
17.0,Illinois,IL,1995.5,10.346670334291716,0.0,,,581.0,0.023999690782314082,0.45949603737091216
17.0,Illinois,IL,1995.75,10.35949112687724,0.0,,,619.0,0.024142109900563744,0.46375483490742725
17.0,Illinois,IL,1996.0,10.372153764536828,0.0,,,606.0,0.025499021335625007,0.45118184552654955
17.0,Illinois,IL,1996.25,10.392831786965322,0.0,,,581.0,0.02537513386298291,0.46279012362280886
17.0,Illinois,IL,1996.5,10.41293731703686,0.0,,,578.0,0.02517768977370369,0.4616854405536853
17.0,Illinois,IL,1996.75,10.432497706183351,0.0,,,647.0,0.02528464907840333,0.4660540234991438
17.0,Illinois,IL,1997.0,10.45153842443928,0.0,,,631.0,0.025219365461936375,0.4522363001815377
17.0,Illinois,IL,1997.25,10.460647029609646,0.0,,,607.0,0.02537738235513852,0.4643936673250733
17.0,Illinois,IL,1997.5,10.46964177080371,0.0,,,616.0,0.02576225708842116,0.4628121151241485
17.0,Illinois,IL,1997.75,10.478525126980658,0.0,,,692.0,0.02543396030501749,0.4701265888640351
17.0,Illinois,IL,1998.0,10.487299498494629,0.0,,,661.0,0.025483857482903754,0.45783298417372165
17.0,Illinois,IL,1998.25,10.498712968236164,0.0,,,642.0,0.02557428016490071,0.47017765954229873
17.0,Illinois,IL,1998.5,10.50995792460596,0.0,,,641.0,0.025648386636166726,0.47054749094567666
17.0,Illinois,IL,1998.75,10.521038767784315,0.0,,,734.0,0.025697752535836307,0.4766476928590671
17.0,Illinois,IL,1999.0,10.53195973012022,0.0,,,687.0,0.025677116794050013,0.4604563576507954
17.0,Illinois,IL,1999.25,10.5320246902598,0.0,,,670.0,0.025708515651431823,0.4748209030568377
17.0,Illinois,IL,1999.5,10.532089449323502,0.0,,,672.0,0.025691338275633125,0.4730291768531033
17.0,Illinois,IL,1999.75,10.53215400824362,0.0,,,765.0,0.02579801098649793,0.47901232469746235
17.0,Illinois,IL,2000.0,10.532218367946705,0.0,,,747.0,0.025803590608164072,0.46732720178439596
17.0,Illinois,IL,2000.25,10.535901811340231,0.0,,,696.0,0.02587378969919982,0.4808344738356085
17.0,Illinois,IL,2000.5,10.539563757898849,0.0,,,703.0,0.025984602091771624,0.4781109968997624
17.0,Illinois,IL,2000.75,10.543204419600336,0.0,,,781.0,0.025574286361529582,0.48115494660173186
17.0,Illinois,IL,2001.0,10.54682400540112,0.0,,,779.0,0.025604148474850152,0.46707138745723215
17.0,Illinois,IL,2001.25,10.551785044337889,0.0,,,720.0,0.02563979105713479,0.4761219132234844
17.0,Illinois,IL,2001.5,10.55671428692814,0.0,,,719.0,0.025558646135818097,0.4706680070893097
17.0,Illinois,IL,2001.75,10.561612097192915,0.0,,,789.0,0.025446462090278316,0.46938172961545765
17.0,Illinois,IL,2002.0,10.566478833017294,0.0,,,780.0,0.02543607645041865,0.45385099072647955
17.0,Illinois,IL,2002.25,10.572701374269908,0.0,,,740.0,0.025598474958666677,0.46364721472201276
17.0,Illinois,IL,2002.5,10.57887795027336,0.0,,,732.0,0.025682929954681452,0.46075801286485535
17.0,Illinois,IL,2002.75,10.585009184990447,0.0,,,801.0,0.02572568353072447,0.46305189053350404
17.0,Illinois,IL,2003.0,10.591095689847158,0.0,,,791.0,0.025659035205940487,0.4473681360139522
17.0,Illinois,IL,2003.25,10.607430958597371,0.0,,,750.0,0.025764204399672083,0.45643942713943264
17.0,Illinois,IL,2003.5,10.623482258611949,0.0,,,750.0,0.025827794000734677,0.4537276282698049
17.0,Illinois,IL,2003.75,10.63925894593846,0.0,,,827.0,0.025881998774970653,0.4559138101277372
17.0,Illinois,IL,2004.0,10.654769922374552,0.0,2427.773717603963,2400.0394606002824,824.0,0.02591770320243264,0.4432337792481776
17.0,Illinois,IL,2004.25,10.675197889275855,0.0,2426.803653299767,2399.0804780589906,771.0,0.02598610990856508,0.4552908736859811
17.0,Illinois,IL,2004.5,10.695201061962884,0.0,2425.8343639021386,2398.122261571935,779.0,0.02603223946212642,0.45390652377170776
17.0,Illinois,IL,2004.75,10.71479643512871,0.0,2424.865848482934,2397.1648102215727,877.0,0.02627801689830927,0.45767298177848525
17.0,Illinois,IL,2005.0,10.734000003931474,0.0,2651.684156491926,2468.6185135603346,848.0,0.02643485838075043,0.44512697678959146
17.0,Illinois,IL,2005.25,10.740514082415451,0.0,2649.895200792239,2466.953062888401,804.0,0.026681875126006307,0.4580514701686804
17.0,Illinois,IL,2005.5,10.75479144084695,0.0,2648.1086572990157,2465.289857890228,825.0,0.02691374917844236,0.45770535337610596
17.0,Illinois,IL,2005.75,10.755831626471434,0.0,2646.324521136657,2463.6288940268178,887.0,0.02714325308129308,0.460697219772763
17.0,Illinois,IL,2006.0,10.7930516058193,0.0,2821.1956622749767,2816.4280875722825,914.0,0.027267022067066833,0.45049053085051316
17.0,Illinois,IL,2006.25,10.793030872899545,0.0,2818.3029573258973,2813.5402710423664,837.0,0.027480354590649146,0.462572550736407
17.0,Illinois,IL,2006.5,10.79960841266662,0.0,2815.41617835422,2810.6583704754667,833.0,0.02763752751055345,0.4611552175789508
17.0,Illinois,IL,2006.75,10.81704107518096,0.0,2812.535307168697,2807.7823677110773,928.0,0.027878744417699965,0.4644494127747282
17.0,Illinois,IL,2007.0,10.828757635540642,0.0,3006.635545775294,2881.4424317332905,955.0,0.028110016284040806,0.453313569419631
17.0,Illinois,IL,2007.25,10.83330862213506,0.0,3003.608956696375,2878.5418666123624,873.0,0.028204785414417052,0.4646697184966565
17.0,Illinois,IL,2007.5,10.84070844274385,0.0,3000.5884548399035,2875.6471352483977,866.0,0.028418847156755377,0.46283875456983997
17.0,Illinois,IL,2007.75,10.844312975393104,0.0,2997.574021859953,2872.758220059375,975.0,0.028557248584427267,0.4655249159516982
17.0,Illinois,IL,2008.0,10.828181077456922,0.0,3029.9768463858036,2977.3537193503303,980.0,0.02865708880761162,0.45317620715756346
17.0,Illinois,IL,2008.25,10.830398230753374,0.0,3027.0239217560165,2974.452079643101,893.0,0.028766626960220067,0.4624423490426812
17.0,Illinois,IL,2008.5,10.831450663681911,0.0,3024.07674718609,2971.5560901315603,891.0,0.028942582423863373,0.4587260050208108
17.0,Illinois,IL,2008.75,10.81659252777015,0.0,3021.1353058972213,2968.665734328311,985.0,0.02908323094898189,0.45608804457139485
17.0,Illinois,IL,2009.0,10.80802229209748,0.0,2844.3290959646247,3051.671366026667,950.0,0.02910818645130829,0.43460577863167327
17.0,Illinois,IL,2009.25,10.817355140689086,0.0,2841.841858254285,3049.002816838068,883.0,0.02918329497442922,0.43669320793649086
17.0,Illinois,IL,2009.5,10.8127266644723,0.0,2839.3589666981766,3046.3389306241006,881.0,0.029235883923290556,0.4302766006785563
17.0,Illinois,IL,2009.75,10.824355498797182,0.0,2836.8804099146573,3043.679695173439,1006.0,0.029332650994382238,0.4315709170844382
17.0,Illinois,IL,2010.0,10.81404780124862,0.0,2851.0771807016245,3120.6526176144394,946.0,0.029355192952143422,0.41908582678338546
17.0,Illinois,IL,2010.25,10.831122027467476,0.0,2850.0543721671797,3119.533100348496,910.0,0.02938303908323299,0.43133729479432154
17.0,Illinois,IL,2010.5,10.846872730072851,0.0,2849.032297223635,3118.414386036039,916.0,0.029464791866962315,0.42869674599898294
17.0,Illinois,IL,2010.75,10.85478510243857,0.0,2848.0109550820403,3117.296473813521,1035.0,0.02966884703385623,0.4338587790470106
17.0,Illinois,IL,2011.0,10.853700831180344,0.0,3115.2624896462,3126.5259317020855,1002.0,0.029780998649145896,0.4230098696641963
17.0,Illinois,IL,2011.25,10.87250535712016,0.0,3114.609415272064,3125.870496093416,938.0,0.029868281629798266,0.43496023148364643
17.0,Illinois,IL,2011.5,10.8808320317832,0.0,3113.956614657681,3125.215335234297,958.0,0.030055563738568665,0.434698065600474
17.0,Illinois,IL,2011.75,10.892868600318732,0.0,3113.3040876309533,3124.5604489520074,1013.0,0.03016179193177797,0.4382421913597744
17.0,Illinois,IL,2012.0,10.91682466009143,0.0,3495.279779855142,3177.0071288509075,1060.0,0.030215764399379123,0.42893188648183794
17.0,Illinois,IL,2012.25,10.922748716209371,0.0,3494.6887470590277,3176.469914228644,953.0,0.03040322905939049,0.43987936820896817
17.0,Illinois,IL,2012.5,10.92456097005094,0.0,3494.0979141099815,3175.932881255805,945.0,0.030561737467710574,0.43963930573295906
17.0,Illinois,IL,2012.75,10.914766417634324,0.0,3493.5072809066583,3175.3960298402735,1058.0,0.03072415273719531,0.4429488702363396
17.0,Illinois,IL,2013.0,10.9286265562238,0.0,3745.0761500539033,3214.8561610092934,1059.0,0.030926266188025082,0.43250875454193827
17.0,Illinois,IL,2013.25,10.924650913214078,0.0,3745.945850759034,3215.602731321377,970.0,0.031122629669647215,0.4432822942248406
17.0,Illinois,IL,2013.5,10.930446580299735,0.0,3746.815955490666,3216.3496484587417,958.0,0.031227656419964868,0.4438410009628676
17.0,Illinois,IL,2013.75,10.953310900759485,0.0,3747.686464530406,3217.0969126631244,1059.0,0.031304761105779275,0.4473736330460926
17.0,Illinois,IL,2014.0,10.947634286245352,0.0,3819.6122741060767,3240.075339940551,1103.0,0.03182557603844215,0.43683042130391525
17.0,Illinois,IL,2014.25,10.970930366595733,0.0,3821.7282138088844,3241.870235223076,989.0,0.03200859754208256,0.45031093690909013
17.0,Illinois,IL,2014.5,10.985770709986587,0.0,3823.846499133238,3243.6671202338725,982.0,0.03227024540126693,0.45044621695139064
17.0,Illinois,IL,2014.75,10.992056618438042,0.0,3825.9671339816528,3245.4659982833405,1090.0,0.03253700981138641,0.4551383354787521
17.0,Illinois,IL,2015.0,10.997385880705624,0.0,3914.4889024862982,3458.3450781043175,1132.0,0.03090494177644182,0.44427596534228747
17.0,Illinois,IL,2015.25,11.00529538391568,0.0,3917.349939632118,3460.8727270459804,1014.0,0.03140057382613894,0.45861447202720984
17.0,Illinois,IL,2015.5,11.023001871932925,0.0,3920.2151620091677,3463.4040735262447,1017.0,0.03179428114474451,0.45841986606702356
17.0,Illinois,IL,2015.75,11.022560316274232,0.0,3923.084578807636,3465.9391256643944,1145.0,0.0316571430177202,0.4627906908972525
17.0,Illinois,IL,2016.0,11.027841512278409,0.0,,,1124.0,0.030477194968511208,0.45175888617766974
18.0,Indiana,IN,1990.0,9.90082143632258,0.0,,,416.0,0.02268020536190772,0.4319320349534114
18.0,Indiana,IN,1990.25,9.9066708472323,0.0,,,410.0,0.022190257401350985,0.4398776683115758
18.0,Indiana,IN,1990.5,9.912455837383698,0.0,,,408.0,0.022359928499489805,0.4414867743684715
18.0,Indiana,IN,1990.75,9.918177560390497,0.0,,,435.0,0.022511931782630775,0.441995423862756
18.0,Indiana,IN,1991.0,9.923837140627048,0.0,,,426.0,0.022508772542067963,0.4255109036863787
18.0,Indiana,IN,1991.25,9.942989577486458,0.0,,,425.0,0.022510144975665867,0.4351083472286901
18.0,Indiana,IN,1991.5,9.961686181409595,0.0,,,424.0,0.02244667957082385,0.43397297625632125
18.0,Indiana,IN,1991.75,9.979946189306933,0.0,,,456.0,0.02253672024890074,0.4362642232775703
18.0,Indiana,IN,1992.0,9.997787658420226,0.0,,,441.0,0.022812569884433066,0.4259052455347243
18.0,Indiana,IN,1992.25,10.009664423268976,0.0,,,440.0,0.022785034789431464,0.438346719290862
18.0,Indiana,IN,1992.5,10.02133586899876,0.0,,,466.0,0.02312336039411346,0.4340238624808408
18.0,Indiana,IN,1992.75,10.032808048958396,0.0,,,518.0,0.023369790950428813,0.441487979610341
18.0,Indiana,IN,1993.0,10.044086759056356,0.0,,,443.0,0.02337385535750971,0.4313633857400832
18.0,Indiana,IN,1993.25,10.06273849705418,0.0,,,456.0,0.023577499101174446,0.44395751873532857
18.0,Indiana,IN,1993.5,10.080962951159073,0.0,,,458.0,0.023765266036247852,0.444615939788948
18.0,Indiana,IN,1993.75,10.098777563423692,0.0,,,503.0,0.024119278549708283,0.4516184833729296
18.0,Indiana,IN,1994.0,10.11619873960806,0.0,,,472.0,0.024322321156408033,0.44189485528041705
18.0,Indiana,IN,1994.25,10.12595607514718,0.0,,,467.0,0.02402217248534857,0.45579484341672954
18.0,Indiana,IN,1994.5,10.135571281701855,0.0,,,481.0,0.024164565261354996,0.4573875077268598
18.0,Indiana,IN,1994.75,10.145047877218534,0.0,,,501.0,0.024419152332438594,0.4620997440326868
18.0,Indiana,IN,1995.0,10.154389254031166,0.0,,,499.0,0.024708538502961397,0.4545562625207377
18.0,Indiana,IN,1995.25,10.16518247832553,0.0,,,484.0,0.024595499051806045,0.46347697828836887
18.0,Indiana,IN,1995.5,10.175811168930403,0.0,,,478.0,0.024728955340059495,0.4631568758998533
18.0,Indiana,IN,1995.75,10.186279646557024,0.0,,,511.0,0.024790345555938443,0.4673753622867431
18.0,Indiana,IN,1996.0,10.196592067496104,0.0,,,510.0,0.024944239032321805,0.453555215675956
18.0,Indiana,IN,1996.25,10.216910470375856,0.0,,,499.0,0.024827119625792867,0.4664641263032717
18.0,Indiana,IN,1996.5,10.23674236610967,0.0,,,494.0,0.024811824693456355,0.4651535078844779
18.0,Indiana,IN,1996.75,10.256108785961429,0.0,,,537.0,0.024818972586610345,0.4687907564255158
18.0,Indiana,IN,1997.0,10.275029435655862,0.0,,,531.0,0.025107186629919363,0.4576116682369853
18.0,Indiana,IN,1997.25,10.293010088249272,0.0,,,516.0,0.02488950093236109,0.47046746612703516
18.0,Indiana,IN,1997.5,10.310609261868729,0.0,,,516.0,0.02492239722332342,0.4685624160385513
18.0,Indiana,IN,1997.75,10.327841610594504,0.0,,,566.0,0.02510981693440944,0.47428796936015716
18.0,Indiana,IN,1998.0,10.34472096578526,0.0,,,551.0,0.02526004854239458,0.46390431769485857
18.0,Indiana,IN,1998.25,10.354235233031138,0.0,,,544.0,0.02507136689561834,0.4772165900654431
18.0,Indiana,IN,1998.5,10.363623934495273,0.0,,,543.0,0.02501758366449131,0.47323193773020567
18.0,Indiana,IN,1998.75,10.37288994538538,0.0,,,602.0,0.02522422195903196,0.4807994148065808
18.0,Indiana,IN,1999.0,10.382036045172962,0.0,,,570.0,0.02549012244727806,0.4673672713072088
18.0,Indiana,IN,1999.25,10.38109997183261,0.0,,,559.0,0.025208640044631615,0.48288896475536935
18.0,Indiana,IN,1999.5,10.380166643525078,0.0,,,564.0,0.025327031305937667,0.48072813052167224
18.0,Indiana,IN,1999.75,10.379236047788616,0.0,,,617.0,0.025310100706122517,0.48618625270263366
18.0,Indiana,IN,2000.0,10.37830817223906,0.0,,,609.0,0.025476922834481257,0.4749484531231208
18.0,Indiana,IN,2000.25,10.377679495103097,0.0,,,581.0,0.024999346401425575,0.4860865459581423
18.0,Indiana,IN,2000.5,10.377052270904722,0.0,,,585.0,0.024737909327175806,0.4809160280355553
18.0,Indiana,IN,2000.75,10.376426494489964,0.0,,,612.0,0.024734643053814676,0.4806262919398588
18.0,Indiana,IN,2001.0,10.375802160729751,0.0,,,624.0,0.02484708931159184,0.4644826168126689
18.0,Indiana,IN,2001.25,10.385285129670836,0.0,,,596.0,0.02453310812674896,0.47295643043434327
18.0,Indiana,IN,2001.5,10.394657545701644,0.0,,,594.0,0.024702111989300966,0.46757014381710044
18.0,Indiana,IN,2001.75,10.40392173542812,0.0,,,631.0,0.024560754842083733,0.46600994649693156
18.0,Indiana,IN,2002.0,10.413079953448188,0.0,,,629.0,0.024849223525727153,0.4514089067295737
18.0,Indiana,IN,2002.25,10.422509970811465,0.0,,,613.0,0.024518114853069015,0.46163100798275614
18.0,Indiana,IN,2002.5,10.43182127747984,0.0,,,614.0,0.024486818772234683,0.46047264254516895
18.0,Indiana,IN,2002.75,10.441016497186965,0.0,,,652.0,0.024391776554651662,0.46243768811464014
18.0,Indiana,IN,2003.0,10.450098169010548,0.0,,,642.0,0.024770528793193986,0.4482816865102227
18.0,Indiana,IN,2003.25,10.46642052769898,0.0,,,623.0,0.02446561385745054,0.4570293721677638
18.0,Indiana,IN,2003.5,10.482434122366392,0.0,,,627.0,0.02450673369995684,0.4536015844914852
18.0,Indiana,IN,2003.75,10.498149628568354,0.0,,,675.0,0.02442706979558163,0.4586217487420866
18.0,Indiana,IN,2004.0,10.513577180684706,0.0,2637.615199212836,1926.201911854102,661.0,0.024695303566962142,0.44664525485050793
18.0,Indiana,IN,2004.25,10.52473743067072,0.0,2632.7989313000267,1922.684679899864,646.0,0.02445531576906174,0.4592778732431735
18.0,Indiana,IN,2004.5,10.535734489548254,0.0,2628.00022027518,1919.1802694182843,655.0,0.02447931815081065,0.45679088423087344
18.0,Indiana,IN,2004.75,10.546572561403892,0.0,2623.218970311967,1915.6886104291561,706.0,0.024492702199601857,0.4604970324066789
18.0,Indiana,IN,2005.0,10.557255692265016,0.0,2757.5280921782764,2397.8931025563597,667.0,0.024700029433238152,0.44861043686485474
18.0,Indiana,IN,2005.25,10.566271308751656,0.0,2751.6059051075595,2392.7432832057607,664.0,0.024305126917092492,0.4594092956158945
18.0,Indiana,IN,2005.5,10.576257296569844,0.0,2745.709101015479,2387.6155364025158,689.0,0.02438403382367459,0.45650420767325983
18.0,Indiana,IN,2005.75,10.577775813390115,0.0,2739.837517060724,2382.50972054297,705.0,0.024356576430324572,0.4603957313970831
18.0,Indiana,IN,2006.0,10.592767280292849,0.0,3526.6556644599614,2426.471050358072,718.0,0.024645690466373656,0.4492308587948199
18.0,Indiana,IN,2006.25,10.601598983146507,0.0,3520.1339322550757,2421.9838545842345,684.0,0.024614930186874207,0.4588512670055113
18.0,Indiana,IN,2006.5,10.611282905035148,0.0,3513.6362763906486,2417.513224233473,687.0,0.024495707610947156,0.45473569311156753
18.0,Indiana,IN,2006.75,10.618602172527051,0.0,3507.1625637880443,2413.0590677427044,723.0,0.02453097909637396,0.45907835327054464
18.0,Indiana,IN,2007.0,10.626872507165748,0.0,3070.1290159459863,2323.3353695114693,739.0,0.024863945210349427,0.446861158514822
18.0,Indiana,IN,2007.25,10.649407631275162,0.0,3064.699760827924,2319.226753756112,702.0,0.02493341803187915,0.4579129684236347
18.0,Indiana,IN,2007.5,10.660848703870714,0.0,3059.289674139485,2315.1326438050028,702.0,0.024854571532218796,0.4547290301007088
18.0,Indiana,IN,2007.75,10.66757768992992,0.0,3053.898654545992,2311.0529629726216,744.0,0.02490011603251062,0.4575287111306324
18.0,Indiana,IN,2008.0,10.66460718303623,0.0,3252.3680870675316,2388.196001560203,757.0,0.025019276846647197,0.44324513456126147
18.0,Indiana,IN,2008.25,10.66454738828778,0.0,3248.00539120951,2384.992497982124,715.0,0.02496535385466467,0.4517215652097974
18.0,Indiana,IN,2008.5,10.65908106393055,0.0,3243.6543838307757,2381.797577190111,718.0,0.02506168246814628,0.4468036429206337
18.0,Indiana,IN,2008.75,10.638735887451752,0.0,3239.3150180207317,2378.6112047379697,764.0,0.024951263974220452,0.4429824831672214
18.0,Indiana,IN,2009.0,10.600698099302427,0.0,3177.0946654642707,2521.770308817098,739.0,0.024809403459339793,0.41852066585904873
18.0,Indiana,IN,2009.25,10.59477348199207,0.0,3173.262403317269,2518.7285093381706,710.0,0.0247419033099828,0.4196703097456651
18.0,Indiana,IN,2009.5,10.604357587039637,0.0,3169.4393751033313,2515.694039152413,714.0,0.024707307488355274,0.4150804903602638
18.0,Indiana,IN,2009.75,10.635694303906709,0.0,3165.62554748852,2512.6668718015244,781.0,0.024627135130511624,0.419003540009595
18.0,Indiana,IN,2010.0,10.648808076972266,0.0,2988.9605283268174,2553.3232427315625,739.0,0.024385843493780476,0.40718510625535137
18.0,Indiana,IN,2010.25,10.673809199871922,0.0,2985.9757156208325,2550.773462771217,733.0,0.02424743913205693,0.42030033479985274
18.0,Indiana,IN,2010.5,10.691262614307185,0.0,2982.996858308998,2548.2287702137187,742.0,0.02440515143836307,0.4179617121272881
18.0,Indiana,IN,2010.75,10.70022070833948,0.0,2980.023938585485,2545.689149848418,804.0,0.024320459994420885,0.4220532068242173
18.0,Indiana,IN,2011.0,10.690757985543645,0.0,3159.9045803869576,2367.593393979572,773.0,0.024478245924179926,0.41329081549139
18.0,Indiana,IN,2011.25,10.701727533578628,0.0,3157.3290224552034,2365.6636287635965,749.0,0.024419654663364765,0.42443126189592795
18.0,Indiana,IN,2011.5,10.712308036104368,0.0,3154.7576596477634,2363.7370067908296,785.0,0.024556038302700974,0.42341547252563405
18.0,Indiana,IN,2011.75,10.724755972994965,0.0,3152.1904817233135,2361.8135203878464,789.0,0.024449258122239324,0.4283808901201311
18.0,Indiana,IN,2012.0,10.724427263989822,0.0,3332.3027534119956,2278.4953461768073,822.0,0.024532778360972587,0.4209238060698725
18.0,Indiana,IN,2012.25,10.737923899175732,0.0,3328.3116006745163,2275.7663555624595,763.0,0.024509811597752697,0.4315930973958481
18.0,Indiana,IN,2012.5,10.738942928592268,0.0,3324.3299970359,2273.043894239994,772.0,0.024448904370197404,0.4307608734214832
18.0,Indiana,IN,2012.75,10.727166342115904,0.0,3320.357908266813,2270.327938804763,816.0,0.0242616426435325,0.434293010210548
18.0,Indiana,IN,2013.0,10.766944396199758,0.0,3376.6790346686657,2311.124564666525,831.0,0.024291600282656596,0.42402411572642146
18.0,Indiana,IN,2013.25,10.755982824751344,0.0,3373.3243775439323,2308.8285127150652,775.0,0.02422929588660623,0.43448875157388167
18.0,Indiana,IN,2013.5,10.7632548298199,0.0,3369.9763793613574,2306.5370183909786,784.0,0.024258726323813547,0.4344849423334588
18.0,Indiana,IN,2013.75,10.770405855677604,0.0,3366.6350203137563,2304.2500681374904,814.0,0.0240880589460721,0.4393726972174823
18.0,Indiana,IN,2014.0,10.78920402157466,0.0,3366.714261649285,2372.477666823901,845.0,0.024123635965552694,0.42721998348403056
18.0,Indiana,IN,2014.25,10.799686212060172,0.0,3364.477944874602,2370.9017648638464,784.0,0.02397230111884906,0.44015197296620795
18.0,Indiana,IN,2014.5,10.81763175164946,0.0,3362.2445970438675,2369.3279550781376,799.0,0.024019531797430965,0.4392098395510418
18.0,Indiana,IN,2014.75,10.8211537334943,0.0,3360.0142122486295,2367.756233303171,846.0,0.023817773610848976,0.44489573983231984
18.0,Indiana,IN,2015.0,10.820934770791776,0.0,3499.3573039308194,2518.667825636708,857.0,0.023997666332767155,0.4348501767086541
18.0,Indiana,IN,2015.25,10.83263019249272,0.0,3496.675746543707,2516.7377705646145,811.0,0.02401916909662017,0.4460602957881356
18.0,Indiana,IN,2015.5,10.837472408599886,0.0,3493.998295764377,2514.8106712298168,818.0,0.02415569408645942,0.4456436989950768
18.0,Indiana,IN,2015.75,10.844311722649866,0.0,3491.324942166595,2512.886520847768,891.0,0.024077163459298903,0.4509649814088077
18.0,Indiana,IN,2016.0,10.846924271457643,0.0,,,853.0,0.024378366945055317,0.44181032977323315
19.0,Iowa,IA,1990.0,9.912448305294223,0.0,,,364.0,0.02975313356475938,0.409745280325406
19.0,Iowa,IA,1990.25,9.919045656500373,0.0,,,361.0,0.02962587428562401,0.4277034160821191
19.0,Iowa,IA,1990.5,9.925580334536452,0.0,,,362.0,0.029591130870638332,0.431729576664956
19.0,Iowa,IA,1990.75,9.932053365808097,0.0,,,394.0,0.029764476133890026,0.4293408563697686
19.0,Iowa,IA,1991.0,9.93846575227878,0.0,,,371.0,0.029590940562543855,0.41634147872966465
19.0,Iowa,IA,1991.25,9.953406727762491,0.0,,,375.0,0.029862530817286938,0.4311106829693534
19.0,Iowa,IA,1991.5,9.968073659673552,0.0,,,373.0,0.029790524026471445,0.43497410559636546
19.0,Iowa,IA,1991.75,9.982475554393172,0.0,,,406.0,0.02985457151347716,0.429182052445065
19.0,Iowa,IA,1992.0,9.996620985668969,0.0,,,388.0,0.029678175674788646,0.4177266944389153
19.0,Iowa,IA,1992.25,10.001082103092145,0.0,,,390.0,0.02961909463854395,0.4340833659886898
19.0,Iowa,IA,1992.5,10.005508855270469,0.0,,,393.0,0.02963836337585514,0.43395758334596146
19.0,Iowa,IA,1992.75,10.009901680645443,0.0,,,440.0,0.02968863877672414,0.4333081449952661
19.0,Iowa,IA,1993.0,10.014261009654208,0.0,,,389.0,0.029662612108966886,0.42135781859437926
19.0,Iowa,IA,1993.25,10.039418375610856,0.0,,,402.0,0.029958645134840308,0.4386027325931717
19.0,Iowa,IA,1993.5,10.063899641576146,0.0,,,408.0,0.030335540545434917,0.439611809164941
19.0,Iowa,IA,1993.75,10.087738752886413,0.0,,,451.0,0.029791355151059642,0.44237273700282986
19.0,Iowa,IA,1994.0,10.110967165665356,0.0,,,411.0,0.03005634314667108,0.42939029526540307
19.0,Iowa,IA,1994.25,10.120058452414916,0.0,,,414.0,0.0302686317423597,0.45223653707060013
19.0,Iowa,IA,1994.5,10.129041751828636,0.0,,,433.0,0.02962092953994137,0.4502760435730701
19.0,Iowa,IA,1994.75,10.13791933269505,0.0,,,454.0,0.02986920739919662,0.4549218616186139
19.0,Iowa,IA,1995.0,10.146693394045066,0.0,,,434.0,0.02976103911140964,0.4465154457872531
19.0,Iowa,IA,1995.25,10.164829324134487,0.0,,,429.0,0.029758966964198854,0.462459586074661
19.0,Iowa,IA,1995.5,10.182603403391266,0.0,,,431.0,0.029851899293816497,0.4622015426294181
19.0,Iowa,IA,1995.75,10.200029080297284,0.0,,,466.0,0.030049256246408283,0.4648265073183949
19.0,Iowa,IA,1996.0,10.217119069385411,0.0,,,447.0,0.02975416666666667,0.45438564814814814
19.0,Iowa,IA,1996.25,10.23174226309577,0.0,,,444.0,0.02985868067097391,0.4698310140874735
19.0,Iowa,IA,1996.5,10.246127128151116,0.0,,,447.0,0.02994843807587402,0.46861541640942306
19.0,Iowa,IA,1996.75,10.26028089660877,0.0,,,485.0,0.030095148968390745,0.47087208794234725
19.0,Iowa,IA,1997.0,10.27421047734373,0.0,,,464.0,0.029941693856254274,0.45800316993754553
19.0,Iowa,IA,1997.25,10.27872121982564,0.0,,,462.0,0.02996001547654249,0.4765684346200592
19.0,Iowa,IA,1997.5,10.28320261835547,0.0,,,467.0,0.03034419625436077,0.4754737566328057
19.0,Iowa,IA,1997.75,10.287655002908284,0.0,,,518.0,0.030614837321714678,0.4797259017842505
19.0,Iowa,IA,1998.0,10.29207869804976,0.0,,,486.0,0.031054073345293903,0.46785424917116564
19.0,Iowa,IA,1998.25,10.299725545969494,0.0,,,490.0,0.03129745188689388,0.48724280543310755
19.0,Iowa,IA,1998.5,10.307295188939731,0.0,,,496.0,0.03178349098858416,0.485905177316199
19.0,Iowa,IA,1998.75,10.314789003943806,0.0,,,548.0,0.032003022707887095,0.48891064634575104
19.0,Iowa,IA,1999.0,10.322208331996023,0.0,,,495.0,0.032213430471402515,0.4772514304398701
19.0,Iowa,IA,1999.25,10.32906505376551,0.0,,,499.0,0.03268079208222518,0.4952095547134791
19.0,Iowa,IA,1999.5,10.335861809297567,0.0,,,514.0,0.0329830446263628,0.49248046034849396
19.0,Iowa,IA,1999.75,10.342599536785553,0.0,,,568.0,0.03310085105855828,0.493955645964538
19.0,Iowa,IA,2000.0,10.3492791528368,0.0,,,532.0,0.03274660497694317,0.4818117851179232
19.0,Iowa,IA,2000.25,10.353748081104875,0.0,,,527.0,0.03271418402522084,0.4956671380868668
19.0,Iowa,IA,2000.5,10.358194907692369,0.0,,,530.0,0.03310422817427006,0.49457902751673305
19.0,Iowa,IA,2000.75,10.362619839797553,0.0,,,565.0,0.03314508124394779,0.4945634668360134
19.0,Iowa,IA,2001.0,10.367023081725938,0.0,,,550.0,0.03192909133263097,0.48042454795599493
19.0,Iowa,IA,2001.25,10.38018693661714,0.0,,,540.0,0.03196460425950909,0.4945352142293377
19.0,Iowa,IA,2001.5,10.39317483093285,0.0,,,545.0,0.030086438805427197,0.4893816830602136
19.0,Iowa,IA,2001.75,10.405991343232282,0.0,,,584.0,0.0301410372775646,0.48536532551878836
19.0,Iowa,IA,2002.0,10.41864087569856,0.0,,,566.0,0.03018470919497218,0.47189669717320887
19.0,Iowa,IA,2002.25,10.430174271909548,0.0,,,557.0,0.03037829570969921,0.4867288944463834
19.0,Iowa,IA,2002.5,10.441561182852638,0.0,,,561.0,0.030284707907259633,0.4820702877733632
19.0,Iowa,IA,2002.75,10.45280510608537,0.0,,,598.0,0.03025484788521586,0.4825269163505377
19.0,Iowa,IA,2003.0,10.463909415702007,0.0,,,583.0,0.030381383542278567,0.4674952869347225
19.0,Iowa,IA,2003.25,10.48013454125458,0.0,,,572.0,0.030500443477351414,0.4805830946161985
19.0,Iowa,IA,2003.5,10.496069347832348,0.0,,,580.0,0.030637247834584033,0.4775343923995282
19.0,Iowa,IA,2003.75,10.511723528564705,0.0,,,626.0,0.030728369899475586,0.4809600529948675
19.0,Iowa,IA,2004.0,10.527106300483572,0.0,2667.3854420062057,2103.7247324060017,606.0,0.030889734175008083,0.46880753151060756
19.0,Iowa,IA,2004.25,10.553220079302164,0.0,2664.9450557906953,2101.8000383751564,591.0,0.030934536532886654,0.4854810750354387
19.0,Iowa,IA,2004.5,10.578623309092595,0.0,2662.509130903574,2099.8788629234878,604.0,0.03103873564591543,0.4828705121985605
19.0,Iowa,IA,2004.75,10.603352476362511,0.0,2660.0776551222225,2097.9611964112087,667.0,0.030794301712071,0.4865525556110689
19.0,Iowa,IA,2005.0,10.62744133038835,0.0,2841.206171524335,2217.37392450684,616.0,0.03077936105603258,0.47478973643488254
19.0,Iowa,IA,2005.25,10.63133174650722,0.0,2836.8544104810994,2213.9776621871024,614.0,0.03083797701011603,0.4916594574528395
19.0,Iowa,IA,2005.5,10.64328424583209,0.0,2832.5159598849727,2210.5917877929705,641.0,0.030915246394123654,0.489191871396772
19.0,Iowa,IA,2005.75,10.63311687338176,0.0,2828.190758761511,2207.2162537379163,672.0,0.030861659452606723,0.49172527932971055
19.0,Iowa,IA,2006.0,10.64684442499216,0.0,3063.729362270522,2342.871291377717,662.0,0.03075593332627025,0.48133468157782155
19.0,Iowa,IA,2006.25,10.6668914871589,0.0,3059.480659143306,2339.6222561643185,639.0,0.030952334716983405,0.4977156046666885
19.0,Iowa,IA,2006.5,10.663365548669743,0.0,3055.2437236870965,2336.3822198327744,641.0,0.031112751627588493,0.4930570043812489
19.0,Iowa,IA,2006.75,10.680880389169936,0.0,3051.018507079968,2333.151145048363,698.0,0.030990260661687374,0.49616480861326556
19.0,Iowa,IA,2007.0,10.707954195468377,0.0,3247.8627719547667,2513.5435574410876,685.0,0.03100347691326922,0.48359391289000797
19.0,Iowa,IA,2007.25,10.734119598450633,0.0,3243.1260232538207,2509.877754722054,664.0,0.03119431147867096,0.49929842347122655
19.0,Iowa,IA,2007.5,10.73772733789257,0.0,3238.4030707722445,2506.2226289930127,668.0,0.03129715592526928,0.49580387412608645
19.0,Iowa,IA,2007.75,10.745932901464627,0.0,3233.6938543235383,2502.5781336752143,733.0,0.031165664985865704,0.498299861996055
19.0,Iowa,IA,2008.0,10.739355734076778,0.0,3441.8599717442767,2629.876548611843,710.0,0.03097820358042837,0.48510419988415726
19.0,Iowa,IA,2008.25,10.733908409514802,0.0,3437.263636267333,2626.3645536499325,683.0,0.03116889479761438,0.49937168296274326
19.0,Iowa,IA,2008.5,10.72703950968962,0.0,3432.6795605133825,2622.861926169052,696.0,0.031264195144012734,0.49480197381514557
19.0,Iowa,IA,2008.75,10.707270963493452,0.0,3428.1076954975442,2619.368628740546,755.0,0.031175012447025856,0.4931609590835115
19.0,Iowa,IA,2009.0,10.69665271640044,0.0,3487.2177178711913,2790.5848255942387,708.0,0.031048478833580074,0.4728611293373383
19.0,Iowa,IA,2009.25,10.704143014878316,0.0,3482.089080006598,2786.4807230807774,686.0,0.03107886941751936,0.4812654418437379
19.0,Iowa,IA,2009.5,10.720403710505684,0.0,3476.9755053251297,2782.3886746154585,694.0,0.03109306188038414,0.47400862558315177
19.0,Iowa,IA,2009.75,10.744127692413969,0.0,3471.876927561599,2778.308627170728,771.0,0.030876438767266604,0.4742768015933798
19.0,Iowa,IA,2010.0,10.72116772389882,0.0,3399.2004557585738,2860.942827604337,706.0,0.03084761785508949,0.4596954354432709
19.0,Iowa,IA,2010.25,10.741631857156296,0.0,3395.17036183612,2857.550892220684,708.0,0.03091614059479087,0.4757931907758831
19.0,Iowa,IA,2010.5,10.75111641228952,0.0,3391.149812760415,2854.1669902734825,720.0,0.030874951622484187,0.4707723501397954
19.0,Iowa,IA,2010.75,10.76267078937119,0.0,3387.138774662642,2850.7910932569853,799.0,0.03058301100069596,0.4736394383539052
19.0,Iowa,IA,2011.0,10.768868901432308,0.0,3606.057373313459,2992.690580750568,737.0,0.030438242176833465,0.46124724585019317
19.0,Iowa,IA,2011.25,10.773968116858804,0.0,3602.799515872705,2989.986863569437,725.0,0.03048212517312815,0.47740607552647646
19.0,Iowa,IA,2011.5,10.795062387459993,0.0,3599.5475396777974,2987.2880272726693,760.0,0.030547421954746478,0.4761825209872953
19.0,Iowa,IA,2011.75,10.817961707637997,0.0,3596.3014288174227,2984.5940586553625,792.0,0.03083547113819065,0.4783814441439493
19.0,Iowa,IA,2012.0,10.830650891011338,0.0,3899.2520259661737,3038.61151834503,785.0,0.03079338558207723,0.4674941732140129
19.0,Iowa,IA,2012.25,10.854480001116036,0.0,3894.3086765047246,3034.7592619346374,742.0,0.030887129632184766,0.48336928861567563
19.0,Iowa,IA,2012.5,10.854122003856286,0.0,3889.3778452200304,3030.9167606967303,756.0,0.031028948289949808,0.4813487585869983
19.0,Iowa,IA,2012.75,10.845637392259096,0.0,3884.4594846220484,3027.083977623238,821.0,0.031248451680281085,0.48314429665131164
19.0,Iowa,IA,2013.0,10.872231346250318,0.0,4046.363598140967,2923.207187743578,800.0,0.031309246975190254,0.47125581756378704
19.0,Iowa,IA,2013.25,10.854562426591963,0.0,4041.1029876080243,2919.4067743232704,757.0,0.03153534208346052,0.48624910030453716
19.0,Iowa,IA,2013.5,10.86496778795983,0.0,4035.8560377808885,2915.616229782128,772.0,0.03161923625313712,0.4869285178183945
19.0,Iowa,IA,2013.75,10.874062264935583,0.0,4030.6226955175657,2911.835515728873,834.0,0.031611740316139954,0.4876735056805643
19.0,Iowa,IA,2014.0,10.882797809966116,0.0,4076.688448953195,3010.6347107331653,824.0,0.031690813795233634,0.4755186833245925
19.0,Iowa,IA,2014.25,10.917209137523404,0.0,4072.1135887930077,3007.256176178103,780.0,0.031969244630862696,0.49173452400474676
19.0,Iowa,IA,2014.5,10.92679408346682,0.0,4067.5489849401933,3003.885215906769,799.0,0.03203774237254509,0.4894234540770583
19.0,Iowa,IA,2014.75,10.930094505355337,0.0,4062.994602943189,3000.5218044766802,870.0,0.03203618143660332,0.4908633711615525
19.0,Iowa,IA,2015.0,10.941860808979534,0.0,4411.194181160328,3125.253163279786,847.0,0.03195294550251009,0.4799106682891325
19.0,Iowa,IA,2015.25,10.959182157928634,0.0,4406.714064606385,3122.0790798327516,802.0,0.03208560427573403,0.4944259583448927
19.0,Iowa,IA,2015.5,10.973162633504474,0.0,4402.243039051001,3118.911437197624,822.0,0.03217643834040044,0.49060136696346895
19.0,Iowa,IA,2015.75,10.977972077071684,0.0,4397.781076851203,3115.7502157898452,920.0,0.03205057992622749,0.49264281434451884
19.0,Iowa,IA,2016.0,10.972029002369077,0.0,,,844.0,0.03213552331918947,0.4816191994984304
20.0,Kansas,KS,1990.0,9.947770616337015,0.0,,,380.0,0.02807827516403376,0.42073605929677765
20.0,Kansas,KS,1990.25,9.956124991000456,0.0,,,385.0,0.028313239500988106,0.4310996262711122
20.0,Kansas,KS,1990.5,9.964381364139998,0.0,,,380.0,0.02844778719018263,0.4262695585397611
20.0,Kansas,KS,1990.75,9.972541726653892,0.0,,,413.0,0.028393041754384733,0.4316964026947926
20.0,Kansas,KS,1991.0,9.980608010613285,0.0,,,398.0,0.02934580157376451,0.41802249309847195
20.0,Kansas,KS,1991.25,9.990681973284737,0.0,,,400.0,0.029322654498751564,0.42893416402753737
20.0,Kansas,KS,1991.5,10.000589042045087,0.0,,,394.0,0.029560439473071184,0.42500431315835296
20.0,Kansas,KS,1991.75,10.010333804544766,0.0,,,427.0,0.029138549653403994,0.4292680807318823
20.0,Kansas,KS,1992.0,10.019920668490506,0.0,,,408.0,0.029221756172222807,0.4212945010399909
20.0,Kansas,KS,1992.25,10.026509851878393,0.0,,,412.0,0.029093941742979353,0.4328967219826332
20.0,Kansas,KS,1992.5,10.033024934280688,0.0,,,407.0,0.029008392905321558,0.42659497657109147
20.0,Kansas,KS,1992.75,10.039467294672518,0.0,,,463.0,0.028816211667574164,0.43316286080832567
20.0,Kansas,KS,1993.0,10.04583827537688,0.0,,,406.0,0.02883655180209869,0.42299411406609516
20.0,Kansas,KS,1993.25,10.061780408599692,0.0,,,423.0,0.028666496132643472,0.43619025951545054
20.0,Kansas,KS,1993.5,10.077399734025771,0.0,,,426.0,0.028967931073415533,0.430641261733365
20.0,Kansas,KS,1993.75,10.092707807020345,0.0,,,469.0,0.028862839172250066,0.4355455308232358
20.0,Kansas,KS,1994.0,10.107715580911698,0.0,,,424.0,0.028807062781702707,0.42973767877420754
20.0,Kansas,KS,1994.25,10.113513252193668,0.0,,,435.0,0.028720587754697924,0.44309747329139265
20.0,Kansas,KS,1994.5,10.119254770641913,0.0,,,439.0,0.02883323812317621,0.4412133891213389
20.0,Kansas,KS,1994.75,10.124941041396545,0.0,,,463.0,0.028826794422785153,0.44634771424321107
20.0,Kansas,KS,1995.0,10.1305729486881,0.0,,,449.0,0.02894532771345867,0.44070828465026557
20.0,Kansas,KS,1995.25,10.145732699530976,0.0,,,448.0,0.02905705022522036,0.45160721185112657
20.0,Kansas,KS,1995.5,10.160627559317131,0.0,,,443.0,0.02897406434322214,0.44677546033239124
20.0,Kansas,KS,1995.75,10.175266020705264,0.0,,,482.0,0.029129118404805362,0.45475230793176247
20.0,Kansas,KS,1996.0,10.189656176482954,0.0,,,469.0,0.02911662945190652,0.44881255719586083
20.0,Kansas,KS,1996.25,10.20743107244768,0.0,,,466.0,0.029312467637514203,0.4620384820851394
20.0,Kansas,KS,1996.5,10.224827139731458,0.0,,,461.0,0.029325431641232906,0.456621267239712
20.0,Kansas,KS,1996.75,10.241858911870828,0.0,,,500.0,0.029545560400097714,0.46463373328529983
20.0,Kansas,KS,1997.0,10.25854010838352,0.0,,,483.0,0.029417233460276887,0.45788297210834067
20.0,Kansas,KS,1997.25,10.26918017640262,0.0,,,483.0,0.02973631506593401,0.47336875732308303
20.0,Kansas,KS,1997.5,10.279658179410822,0.0,,,480.0,0.030167545020761383,0.471664882264045
20.0,Kansas,KS,1997.75,10.289978354482402,0.0,,,528.0,0.029901990056405307,0.4771923294207092
20.0,Kansas,KS,1998.0,10.300144778361208,0.0,,,499.0,0.03014623028356783,0.4711398214486618
20.0,Kansas,KS,1998.25,10.309556098331718,0.0,,,507.0,0.030321200525471916,0.48422840042380966
20.0,Kansas,KS,1998.5,10.318848834050543,0.0,,,501.0,0.030630073108199835,0.4794748117102983
20.0,Kansas,KS,1998.75,10.328025606539349,0.0,,,557.0,0.030986165167547215,0.4879525048839343
20.0,Kansas,KS,1999.0,10.337088952270582,0.0,,,513.0,0.030789616545783244,0.47611030920419056
20.0,Kansas,KS,1999.25,10.338599914554443,0.0,,,527.0,0.030174033281773784,0.48813317929161004
20.0,Kansas,KS,1999.5,10.340104291572562,0.0,,,526.0,0.029425808062108493,0.4828689796766045
20.0,Kansas,KS,1999.75,10.341602127973673,0.0,,,592.0,0.02953143865804176,0.48958206796469056
20.0,Kansas,KS,2000.0,10.34309346798976,0.0,,,557.0,0.02963862461813407,0.47955703242762104
20.0,Kansas,KS,2000.25,10.3520358948276,0.0,,,554.0,0.030143542666581966,0.49328327400496114
20.0,Kansas,KS,2000.5,10.360885193545242,0.0,,,561.0,0.02988115110094938,0.4846145449376492
20.0,Kansas,KS,2000.75,10.3696431525479,0.0,,,586.0,0.02993287048246569,0.4910726534753274
20.0,Kansas,KS,2001.0,10.3783115094953,0.0,,,577.0,0.029778747536232098,0.48523207219503
20.0,Kansas,KS,2001.25,10.384772959803726,0.0,,,569.0,0.029784415390691016,0.49311734237854066
20.0,Kansas,KS,2001.5,10.391179488784054,0.0,,,570.0,0.029720643529355502,0.4837990997896177
20.0,Kansas,KS,2001.75,10.39753192352357,0.0,,,604.0,0.029723409162993174,0.4882708137753644
20.0,Kansas,KS,2002.0,10.403831072834416,0.0,,,593.0,0.029743489580934094,0.4747808056035147
20.0,Kansas,KS,2002.25,10.413638310949157,0.0,,,584.0,0.030601985030941376,0.48618919673317895
20.0,Kansas,KS,2002.5,10.42333346655538,0.0,,,579.0,0.030015051855601514,0.4764070180188781
20.0,Kansas,KS,2002.75,10.432918898112778,0.0,,,614.0,0.029929023049475457,0.481018153807805
20.0,Kansas,KS,2003.0,10.44239689082735,0.0,,,607.0,0.02995625419573383,0.4675001089483037
20.0,Kansas,KS,2003.25,10.456173336694286,0.0,,,591.0,0.03014293267641196,0.4749067071067074
20.0,Kansas,KS,2003.5,10.469734449849511,0.0,,,593.0,0.030088447252223916,0.46725841614631597
20.0,Kansas,KS,2003.75,10.483086458149872,0.0,,,631.0,0.02974778885428985,0.47459640227980837
20.0,Kansas,KS,2004.0,10.49623532425062,0.0,2537.927707741409,2293.329403120935,622.0,0.029429781525783058,0.46397559269833827
20.0,Kansas,KS,2004.25,10.50686700044704,0.0,2535.3949766989163,2291.040769543143,608.0,0.029880116013108013,0.4780341171969625
20.0,Kansas,KS,2004.5,10.517365966233394,0.0,2532.86729570675,2288.75669930609,619.0,0.029820762994573397,0.4728662591483578
20.0,Kansas,KS,2004.75,10.527735259037662,0.0,2530.3446496758966,2286.4771787749983,669.0,0.02988513500579293,0.4790348216892869
20.0,Kansas,KS,2005.0,10.537977813819468,0.0,2681.270418996255,2270.496219173212,631.0,0.029706053876098742,0.4674901835222077
20.0,Kansas,KS,2005.25,10.544069049106898,0.0,2676.972128303125,2266.856432339882,635.0,0.029983921923317648,0.479081831870329
20.0,Kansas,KS,2005.5,10.558682950885574,0.0,2672.6875965600566,2263.2282965671366,658.0,0.03028885867147886,0.47240498914049217
20.0,Kansas,KS,2005.75,10.552348872297356,0.0,2668.416757808436,2259.611756001309,681.0,0.030541344045346006,0.4785052242329198
20.0,Kansas,KS,2006.0,10.602046906449743,0.0,2929.623287733208,2429.462045921523,688.0,0.03027980068991951,0.47117294399799825
20.0,Kansas,KS,2006.25,10.61851333215408,0.0,2924.1056599465815,2424.886417598503,670.0,0.03032572902173279,0.4817088366111909
20.0,Kansas,KS,2006.5,10.62239374089414,0.0,2918.608776796937,2420.3279922750685,662.0,0.029905623435560788,0.4779763978060772
20.0,Kansas,KS,2006.75,10.633589903853082,0.0,2913.132521513303,2415.786673116024,726.0,0.029900976095090587,0.4858073054205491
20.0,Kansas,KS,2007.0,10.670276504565765,0.0,3396.1153609204734,2569.112916406978,720.0,0.030341064414098073,0.47889797523874866
20.0,Kansas,KS,2007.25,10.685662756466272,0.0,3388.7229554983583,2563.5206669587365,703.0,0.03060980438877215,0.48848093897738454
20.0,Kansas,KS,2007.5,10.693610379652863,0.0,3381.362662626986,2557.952710197911,680.0,0.030374145566207742,0.48595390097619856
20.0,Kansas,KS,2007.75,10.705086198441755,0.0,3374.0342735148506,2552.4088881767,746.0,0.030450714145317283,0.4900882966499057
20.0,Kansas,KS,2008.0,10.724751532547726,0.0,3564.456232666067,2709.226174790141,736.0,0.030508077416708093,0.4814504070877474
20.0,Kansas,KS,2008.25,10.73662284481625,0.0,3556.657888668067,2703.2989095074927,720.0,0.03067372175651412,0.4910735299221256
20.0,Kansas,KS,2008.5,10.733695747785378,0.0,3548.893592730083,2697.397523037594,710.0,0.03063831597757757,0.48234712220650333
20.0,Kansas,KS,2008.75,10.70405235778163,0.0,3541.163122353882,2691.5218462668404,770.0,0.030820644411715073,0.4858083024977119
20.0,Kansas,KS,2009.0,10.680795152914676,0.0,3445.4718883441406,2924.537120715754,719.0,0.030728943087594045,0.4683789764126432
20.0,Kansas,KS,2009.25,10.676468086059923,0.0,3437.5397223306727,2917.8042508198937,718.0,0.030744137384628036,0.46830716406963996
20.0,Kansas,KS,2009.5,10.678330320069842,0.0,3429.643995295485,2911.102310546469,706.0,0.030703038221195827,0.45688131337533944
20.0,Kansas,KS,2009.75,10.697175802264796,0.0,3421.784456722587,2904.431087256012,792.0,0.030748723799119557,0.4598089702738964
20.0,Kansas,KS,2010.0,10.680950547081345,0.0,3354.8682162407963,2878.078947828672,719.0,0.030251324833412037,0.4470688097195259
20.0,Kansas,KS,2010.25,10.701953049911111,0.0,3351.7457939431174,2875.400279904348,733.0,0.030310535867691685,0.45714098999891056
20.0,Kansas,KS,2010.5,10.72368554921106,0.0,3348.6291784043337,2872.7265934903103,731.0,0.030558870935502754,0.4513125034950418
20.0,Kansas,KS,2010.75,10.74105970689748,0.0,3345.5183534412763,2870.0578747033205,812.0,0.030697216333769616,0.45773759532018954
20.0,Kansas,KS,2011.0,10.747350804203792,0.0,3501.4136594385855,2899.1274795670192,749.0,0.030206624631512843,0.4470081868997291
20.0,Kansas,KS,2011.25,10.76666977996902,0.0,3496.612904502795,2895.1525134788226,755.0,0.03027866137232071,0.4571357245009783
20.0,Kansas,KS,2011.5,10.781809557724928,0.0,3491.825296080726,2891.1884325424235,772.0,0.030452329504332496,0.4510609903271463
20.0,Kansas,KS,2011.75,10.786387081119395,0.0,3487.050780245076,2887.2351921066797,800.0,0.030398543585327883,0.4584963263538699
20.0,Kansas,KS,2012.0,10.816868947600373,0.0,3801.8245830014744,2876.270855125115,804.0,0.02888680473385086,0.45146564390570654
20.0,Kansas,KS,2012.25,10.799911733941872,1.0,3799.336145043294,2874.3882270822796,763.0,0.02900471026505621,0.4606985644819905
20.0,Kansas,KS,2012.5,10.780512745697218,1.0,3796.8509625078073,2872.5080619298824,761.0,0.0290965013828981,0.45357661586608106
20.0,Kansas,KS,2012.75,10.784979276998126,1.0,3794.3690290109803,2870.630354838082,835.0,0.028951224627012488,0.46283805607622114
20.0,Kansas,KS,2013.0,10.815759949379366,1.0,3941.102819704365,2928.5762928297327,807.0,0.028863866793002402,0.4541080603788943
20.0,Kansas,KS,2013.25,10.804594875300952,1.0,3938.876937400062,2926.922272002258,779.0,0.029100807638879952,0.464655805039226
20.0,Kansas,KS,2013.5,10.803637304215192,1.0,3936.6535679737913,2925.270118457969,776.0,0.02919694671143737,0.4597794854822389
20.0,Kansas,KS,2013.75,10.819162007846325,1.0,3934.432707172635,2923.6198290365865,833.0,0.029216020393927962,0.46852244992286046
20.0,Kansas,KS,2014.0,10.809223913758789,1.0,3937.307888637493,2969.0590337177855,839.0,0.029142638375365598,0.4601847764104262
20.0,Kansas,KS,2014.25,10.833376211301715,1.0,3934.8104288905943,2967.1757404543173,797.0,0.029358194078468042,0.47140029946801043
20.0,Kansas,KS,2014.5,10.85793120442864,1.0,3932.31613544489,2965.2948348464306,795.0,0.029519050802081472,0.4652998583152158
20.0,Kansas,KS,2014.75,10.8690585420143,1.0,3929.825002282796,2963.4163123563676,855.0,0.02955680710817475,0.47358524671509034
20.0,Kansas,KS,2015.0,10.84779857946016,1.0,4188.435009758418,2783.645902031877,850.0,0.02956527303446048,0.4647127582362853
20.0,Kansas,KS,2015.25,10.864587622428417,1.0,4188.23040507929,2783.509921176196,819.0,0.029732395369166005,0.4733866026709893
20.0,Kansas,KS,2015.5,10.86505178648751,1.0,4188.025820389025,2783.3739536051708,809.0,0.030024372163102574,0.4679066599472653
20.0,Kansas,KS,2015.75,10.862514344926543,1.0,4187.821255684697,2783.237999316856,897.0,0.030096517307174355,0.4754659235784545
20.0,Kansas,KS,2016.0,10.843842765851878,1.0,,,832.0,0.03081324216477963,0.46651491016774277
21.0,Kentucky,KY,1990.0,9.82658065108256,0.0,,,372.0,0.021642923968502845,0.3749602062561179
21.0,Kentucky,KY,1990.25,9.83653658158234,0.0,,,380.0,0.021760181653219378,0.38458820641042335
21.0,Kentucky,KY,1990.5,9.846356962268022,0.0,,,373.0,0.02181928208602153,0.3790519790258746
21.0,Kentucky,KY,1990.75,9.856045006725909,0.0,,,409.0,0.02185285651763619,0.3854763249281746
21.0,Kentucky,KY,1991.0,9.865603817657172,0.0,,,385.0,0.02279944163974803,0.3720539046173971
21.0,Kentucky,KY,1991.25,9.882915499145255,0.0,,,396.0,0.022890277973752874,0.3815914237265639
21.0,Kentucky,KY,1991.5,9.899835359869396,0.0,,,391.0,0.022900727677312833,0.3748091283279537
21.0,Kentucky,KY,1991.75,9.916378895441474,0.0,,,422.0,0.02285065952625171,0.38391000751172893
21.0,Kentucky,KY,1992.0,9.932560713475812,0.0,,,405.0,0.02296818802651144,0.37538918348108385
21.0,Kentucky,KY,1992.25,9.94255503518176,0.0,,,414.0,0.023019452546702998,0.3865625521019037
21.0,Kentucky,KY,1992.5,9.952389724938676,0.0,,,407.0,0.023032658434150317,0.3791133824029138
21.0,Kentucky,KY,1992.75,9.962069041418983,0.0,,,456.0,0.023134455157374115,0.38938083523225026
21.0,Kentucky,KY,1993.0,9.971597080655547,0.0,,,399.0,0.02320913402895856,0.3817192285341698
21.0,Kentucky,KY,1993.25,9.987476995727675,0.0,,,423.0,0.023282405143733628,0.39289882979562735
21.0,Kentucky,KY,1993.5,10.00303400623712,0.0,,,421.0,0.023376207726788712,0.38719560081277826
21.0,Kentucky,KY,1993.75,10.018279688736142,0.0,,,462.0,0.023453934282888667,0.3980727633614094
21.0,Kentucky,KY,1994.0,10.03322501613397,0.0,,,417.0,0.023493097585713812,0.3893080646636294
21.0,Kentucky,KY,1994.25,10.04284125987646,0.0,,,434.0,0.023581165311310735,0.4042889272397268
21.0,Kentucky,KY,1994.5,10.052318934242487,0.0,,,436.0,0.023619937400754732,0.39843504041117567
21.0,Kentucky,KY,1994.75,10.06166142961122,0.0,,,462.0,0.023701583013078988,0.409119358409521
21.0,Kentucky,KY,1995.0,10.07087201672298,0.0,,,444.0,0.023743725605651245,0.4005947893040821
21.0,Kentucky,KY,1995.25,10.081517185020244,0.0,,,451.0,0.023806981163171224,0.41165129062406247
21.0,Kentucky,KY,1995.5,10.092007133035958,0.0,,,437.0,0.024176882121368082,0.40448794294118506
21.0,Kentucky,KY,1995.75,10.10234579593684,0.0,,,475.0,0.024320799037097714,0.4136771973025919
21.0,Kentucky,KY,1996.0,10.112536963837002,0.0,,,457.0,0.024535053265247027,0.4034096731712648
21.0,Kentucky,KY,1996.25,10.13145214795554,0.0,,,470.0,0.024520614139381513,0.4137756360284377
21.0,Kentucky,KY,1996.5,10.14993858026932,0.0,,,457.0,0.024675945297691317,0.40862729934386666
21.0,Kentucky,KY,1996.75,10.1680137299829,0.0,,,499.0,0.024761157719567068,0.4186586668911174
21.0,Kentucky,KY,1997.0,10.185694028412598,0.0,,,480.0,0.024765814761228078,0.4100060034199001
21.0,Kentucky,KY,1997.25,10.19498526036065,0.0,,,488.0,0.024770079535429725,0.4213572002528966
21.0,Kentucky,KY,1997.5,10.20415327697773,0.0,,,474.0,0.02501040231480006,0.4162933947851996
21.0,Kentucky,KY,1997.75,10.213200890908292,0.0,,,525.0,0.024987496006170628,0.4240023797136327
21.0,Kentucky,KY,1998.0,10.222130821680812,0.0,,,494.0,0.025063544596639224,0.414517023428071
21.0,Kentucky,KY,1998.25,10.23322265847063,0.0,,,510.0,0.025103693619401707,0.42646481146532134
21.0,Kentucky,KY,1998.5,10.244148288016415,0.0,,,496.0,0.02543355403418254,0.42266409593970994
21.0,Kentucky,KY,1998.75,10.254912056097734,0.0,,,554.0,0.025297968166062525,0.4300411854888605
21.0,Kentucky,KY,1999.0,10.265518143147562,0.0,,,511.0,0.025707724611895362,0.4199093441525037
21.0,Kentucky,KY,1999.25,10.259018900865518,0.0,,,531.0,0.026002069156526846,0.4326403439155082
21.0,Kentucky,KY,1999.5,10.252502336557471,0.0,,,520.0,0.02625487258453313,0.42944814935378056
21.0,Kentucky,KY,1999.75,10.24596824195726,0.0,,,575.0,0.026362446146380884,0.4361507829575736
21.0,Kentucky,KY,2000.0,10.239416406179696,0.0,,,546.0,0.026446639817378076,0.4289301043388019
21.0,Kentucky,KY,2000.25,10.246673694836735,0.0,,,553.0,0.02656915319242229,0.43541094222630894
21.0,Kentucky,KY,2000.5,10.25386179189597,0.0,,,538.0,0.02664678120518364,0.4320387538175844
21.0,Kentucky,KY,2000.75,10.260981865258682,0.0,,,581.0,0.026645720096887933,0.4378495098394797
21.0,Kentucky,KY,2001.0,10.268035053926926,0.0,,,571.0,0.026498648519762878,0.42488952341435005
21.0,Kentucky,KY,2001.25,10.277589798969204,0.0,,,574.0,0.026262973041260945,0.43004922814077823
21.0,Kentucky,KY,2001.5,10.2870290082694,0.0,,,561.0,0.026622678798878207,0.4236667117348637
21.0,Kentucky,KY,2001.75,10.296355177824887,0.0,,,604.0,0.02661883145893283,0.4254738272824109
21.0,Kentucky,KY,2002.0,10.305570724535013,0.0,,,585.0,0.026598856933280356,0.4146389967093534
21.0,Kentucky,KY,2002.25,10.317508543804,0.0,,,592.0,0.026310453020251978,0.42224697792745114
21.0,Kentucky,KY,2002.5,10.329266526439374,0.0,,,576.0,0.02644167297730182,0.41716240945025485
21.0,Kentucky,KY,2002.75,10.34084950054875,0.0,,,623.0,0.026277348289088783,0.421965829926534
21.0,Kentucky,KY,2003.0,10.35226210458586,0.0,,,604.0,0.02581773402604216,0.4101719546840832
21.0,Kentucky,KY,2003.25,10.358270426279708,0.0,,,608.0,0.025692204768314637,0.4176564311846929
21.0,Kentucky,KY,2003.5,10.364222015209606,0.0,,,593.0,0.025599789720075743,0.41347903673174136
21.0,Kentucky,KY,2003.75,10.370117775068952,0.0,,,645.0,0.02538471718687832,0.4195746023082518
21.0,Kentucky,KY,2004.0,10.375958588793894,0.0,2794.477751506777,1243.1050280733632,624.0,0.025262047403090276,0.40979472842878967
21.0,Kentucky,KY,2004.25,10.38753561050962,0.0,2788.317341057677,1240.3646100470817,627.0,0.025211892513376865,0.41794267448286193
21.0,Kentucky,KY,2004.5,10.398930075184635,0.0,2782.1840320438264,1237.6362479158267,619.0,0.025353341394477,0.41346407098000687
21.0,Kentucky,KY,2004.75,10.410146989689794,0.0,2776.077646017117,1234.9198622981328,681.0,0.025444571679948524,0.4213431305137368
21.0,Kentucky,KY,2005.0,10.421191161357788,0.0,2944.640142758028,1290.7202978333353,628.0,0.025041707090707483,0.41265442621132264
21.0,Kentucky,KY,2005.25,10.436593358751074,0.0,2938.2306747024672,1287.910844006533,650.0,0.025117452161075034,0.4220628461129932
21.0,Kentucky,KY,2005.5,10.450960188341812,0.0,2931.8490484565486,1285.1135940440713,652.0,0.025394011245681226,0.41731690022468115
21.0,Kentucky,KY,2005.75,10.460548290841867,0.0,2925.495083002191,1282.328468600529,682.0,0.025538258784989176,0.4236427680900305
21.0,Kentucky,KY,2006.0,10.479535473216316,0.0,3187.060747210575,1396.382617813307,672.0,0.02578853674797754,0.4167234897098742
21.0,Kentucky,KY,2006.25,10.492334546697776,0.0,3180.0075072176714,1393.2923027843333,672.0,0.025846159740088748,0.4238858012153636
21.0,Kentucky,KY,2006.5,10.494615382196557,0.0,3172.9854171427705,1390.21563581779,656.0,0.026199897568532752,0.4154938232204971
21.0,Kentucky,KY,2006.75,10.49153385766193,0.0,3165.994271084871,1387.152526699964,708.0,0.026413636148259593,0.4250371975306353
21.0,Kentucky,KY,2007.0,10.491168547670371,0.0,3223.1903233324065,1525.05337503101,697.0,0.02661046000255599,0.4176994766490504
21.0,Kentucky,KY,2007.25,10.502059692035266,0.0,3216.916588110102,1522.0849555102745,700.0,0.026613998891200613,0.4266447767299531
21.0,Kentucky,KY,2007.5,10.502856162013831,0.0,3210.667228296798,1519.1280692209136,676.0,0.026917294112829154,0.417338302199913
21.0,Kentucky,KY,2007.75,10.51415385435155,0.0,3204.4421021088842,1516.182649077974,732.0,0.027221281693787323,0.42661614633457245
21.0,Kentucky,KY,2008.0,10.5164184234445,0.0,3311.796512628098,1624.1916436784447,714.0,0.02756208917829365,0.4165136320116019
21.0,Kentucky,KY,2008.25,10.52803281825935,0.0,3306.55597337198,1621.621546139028,718.0,0.02587208673121112,0.4227489445137874
21.0,Kentucky,KY,2008.5,10.521660574181022,0.0,3301.331993021455,1619.059569520081,693.0,0.025028140043072158,0.4119874259784416
21.0,Kentucky,KY,2008.75,10.501986125125844,0.0,3296.12449321679,1616.5056753919412,755.0,0.025143639326957096,0.41479557568832615
21.0,Kentucky,KY,2009.0,10.491160553750136,0.0,3239.376485091523,1712.4506089077927,712.0,0.02530093299304112,0.39566405394023824
21.0,Kentucky,KY,2009.25,10.480471263155168,0.0,3233.46168101474,1709.3238313043023,723.0,0.024698200288510604,0.39863142049584455
21.0,Kentucky,KY,2009.5,10.490676230894824,0.0,3227.5684373491185,1706.2084513075404,706.0,0.024864131563666375,0.3892736481548326
21.0,Kentucky,KY,2009.75,10.514634714643936,0.0,3221.6966364223817,1703.10440671172,781.0,0.02494168654603509,0.39713207234208714
21.0,Kentucky,KY,2010.0,10.518073299460143,0.0,3153.4340907617097,1764.2088532058826,711.0,0.025030917555790722,0.3856095660381668
21.0,Kentucky,KY,2010.25,10.546339877941156,0.0,3149.6873446053883,1762.112712126206,743.0,0.025290117792704594,0.3973296339127842
21.0,Kentucky,KY,2010.5,10.56138364104058,0.0,3145.949491260397,1760.0215461866555,729.0,0.025370680668629193,0.3898279914451484
21.0,Kentucky,KY,2010.75,10.565163837184846,0.0,3142.2204991039553,1757.935337695664,794.0,0.025375436994936735,0.3993082932780897
21.0,Kentucky,KY,2011.0,10.556073793818385,0.0,3328.4510707990244,1799.433508935188,738.0,0.025222263977695558,0.39009931445243395
21.0,Kentucky,KY,2011.25,10.571085919223975,0.0,3325.5122761222424,1797.844732202468,760.0,0.02460912483098105,0.39935735307487247
21.0,Kentucky,KY,2011.5,10.582634874956,0.0,3322.578666376976,1796.2587585572242,764.0,0.02478503631362166,0.39304346938723445
21.0,Kentucky,KY,2011.75,10.602957465460456,0.0,3319.6502278536145,1794.6755805877406,787.0,0.024680104162630476,0.40326343372489143
21.0,Kentucky,KY,2012.0,10.6023259525386,0.0,3303.559182530373,1791.5190639297264,785.0,0.024849485689081758,0.3960119190564189
21.0,Kentucky,KY,2012.25,10.611534732198898,0.0,3300.608822370357,1789.919084580157,772.0,0.02516907839953736,0.4041980971590378
21.0,Kentucky,KY,2012.5,10.608422775107496,0.0,3297.663727354724,1788.3219605166646,752.0,0.025443708313774092,0.39700873749821103
21.0,Kentucky,KY,2012.75,10.596382799733671,0.0,3294.7238834019568,1786.7276841028463,802.0,0.02579540924916824,0.40711678019298814
21.0,Kentucky,KY,2013.0,10.624373606514965,0.0,3373.071601101426,1681.4979376099454,790.0,0.02627487883699881,0.39884532214727325
21.0,Kentucky,KY,2013.25,10.616594429088751,0.0,3370.662604555977,1680.2970373024752,782.0,0.026649653398952044,0.4060008632287997
21.0,Kentucky,KY,2013.5,10.623580499245076,0.0,3368.25704649236,1679.0978511003646,762.0,0.026952412051737703,0.4002470140430237
21.0,Kentucky,KY,2013.75,10.632238497299518,0.0,3365.85491955395,1677.9003753362879,803.0,0.02712026906659362,0.4109670820339877
21.0,Kentucky,KY,2014.0,10.629258122430324,0.0,3512.159484910347,1692.5244790629263,811.0,0.027317798070589164,0.40142347281412105
21.0,Kentucky,KY,2014.25,10.646224109977204,0.0,3509.862157492659,1691.4173872843312,798.0,0.0273719410712836,0.4114669591521604
21.0,Kentucky,KY,2014.5,10.654751186072057,0.0,3507.5678335054004,1690.311742871536,781.0,0.027483494514616298,0.40610509469240075
21.0,Kentucky,KY,2014.75,10.66010112331656,0.0,3505.276507062576,1689.207542988055,836.0,0.027496298105545974,0.4173130116902029
21.0,Kentucky,KY,2015.0,10.656669072356664,0.0,3632.8151785546797,1817.0377011674022,822.0,0.027556546778914576,0.4076135355929218
21.0,Kentucky,KY,2015.25,10.673863854567944,0.0,3630.279297832109,1815.7693209575375,822.0,0.027570736895275297,0.41633856661641677
21.0,Kentucky,KY,2015.5,10.681778919143312,0.0,3627.746954974759,1814.5027102939262,805.0,0.027687371954339998,0.4108820261838035
21.0,Kentucky,KY,2015.75,10.693538473732485,0.0,3625.218142584156,1813.2378654760475,886.0,0.027652284258950662,0.42281537295777916
21.0,Kentucky,KY,2016.0,10.67144256742134,0.0,,,822.0,0.027713932964222913,0.4137211532003568
22.0,Louisiana,LA,1990.0,10.023295499608954,0.0,,,386.0,0.02118591070729773,0.35772574190286055
22.0,Louisiana,LA,1990.25,10.023689326788809,0.0,,,389.0,0.021122747389964756,0.36671579616234307
22.0,Louisiana,LA,1990.5,10.024081524506547,0.0,,,386.0,0.02138926756006712,0.3665592857075711
22.0,Louisiana,LA,1990.75,10.02447210288414,0.0,,,427.0,0.02139615480942673,0.37009572078670455
22.0,Louisiana,LA,1991.0,10.024861071959643,0.0,,,399.0,0.02209048595213246,0.3622088589376181
22.0,Louisiana,LA,1991.25,10.009024855960702,0.0,,,407.0,0.022206271799887878,0.3686384985335776
22.0,Louisiana,LA,1991.5,9.993009208294747,0.0,,,404.0,0.022225571306914514,0.3673847879112812
22.0,Louisiana,LA,1991.75,9.976808972360253,0.0,,,444.0,0.02213714828982562,0.3699573577096066
22.0,Louisiana,LA,1992.0,9.960418775058615,0.0,,,415.0,0.02231328512931391,0.36177426384281586
22.0,Louisiana,LA,1992.25,9.972649621265337,0.0,,,420.0,0.022406409328242137,0.3692775007695355
22.0,Louisiana,LA,1992.5,9.984700000683716,0.0,,,415.0,0.022021199774990938,0.3667636107426844
22.0,Louisiana,LA,1992.75,9.996574734211976,0.0,,,469.0,0.02206807020437602,0.3728288093878343
22.0,Louisiana,LA,1993.0,10.008278453660196,0.0,,,411.0,0.022023070928091467,0.3657758992697975
22.0,Louisiana,LA,1993.25,10.030325039873922,0.0,,,429.0,0.02241135842453777,0.3736802806767624
22.0,Louisiana,LA,1993.5,10.05181955097905,0.0,,,428.0,0.022582878005759293,0.37347791472263464
22.0,Louisiana,LA,1993.75,10.07278725285584,0.0,,,472.0,0.02257174444121395,0.379620617800163
22.0,Louisiana,LA,1994.0,10.093251723826617,0.0,,,435.0,0.02299722528977125,0.3758570384398076
22.0,Louisiana,LA,1994.25,10.109733600741702,0.0,,,433.0,0.02358984920805211,0.38213239767757584
22.0,Louisiana,LA,1994.5,10.125890535458936,0.0,,,446.0,0.023646785679088178,0.3856163656213162
22.0,Louisiana,LA,1994.75,10.141734091755914,0.0,,,468.0,0.02362962140191576,0.391477879717119
22.0,Louisiana,LA,1995.0,10.157275231635449,0.0,,,452.0,0.02351363245324781,0.3858232321536818
22.0,Louisiana,LA,1995.25,10.169178989420384,0.0,,,449.0,0.023765663766635525,0.3923512234676273
22.0,Louisiana,LA,1995.5,10.180915935373836,0.0,,,455.0,0.024079321404256445,0.3943354960975155
22.0,Louisiana,LA,1995.75,10.192490343246238,0.0,,,484.0,0.02369150989934232,0.3972777875452123
22.0,Louisiana,LA,1996.0,10.203906325658274,0.0,,,466.0,0.02402499547043484,0.39146188144534766
22.0,Louisiana,LA,1996.25,10.200908258397751,0.0,,,461.0,0.024184538937030493,0.40008608008770574
22.0,Louisiana,LA,1996.5,10.197908753900617,0.0,,,462.0,0.024172024596970414,0.39922011633931026
22.0,Louisiana,LA,1996.75,10.194907797630046,0.0,,,501.0,0.024233598628474885,0.40412650296010644
22.0,Louisiana,LA,1997.0,10.191905375009002,0.0,,,484.0,0.0243217084729017,0.3978135614650839
22.0,Louisiana,LA,1997.25,10.196122752550997,0.0,,,478.0,0.024293649010760945,0.4067832620679938
22.0,Louisiana,LA,1997.5,10.200313303601876,0.0,,,486.0,0.024531296638290838,0.4044474462223772
22.0,Louisiana,LA,1997.75,10.204477319759134,0.0,,,536.0,0.02468343239806465,0.4132079118993579
22.0,Louisiana,LA,1998.0,10.208615088018789,0.0,,,503.0,0.02494446376226707,0.40743449906884094
22.0,Louisiana,LA,1998.25,10.21955668227193,0.0,,,506.0,0.025469800852476316,0.4165107820001185
22.0,Louisiana,LA,1998.5,10.2303551000881,0.0,,,505.0,0.025687228230493683,0.41299082347553023
22.0,Louisiana,LA,1998.75,10.241013750950524,0.0,,,558.0,0.025599153263265315,0.4159776747099138
22.0,Louisiana,LA,1999.0,10.251535924877407,0.0,,,504.0,0.02574643938064177,0.40979566271693646
22.0,Louisiana,LA,1999.25,10.261100317008976,0.0,,,510.0,0.02588550287947151,0.41440111760826337
22.0,Louisiana,LA,1999.5,10.270562408104173,0.0,,,513.0,0.02628971141523231,0.4121249247334362
22.0,Louisiana,LA,1999.75,10.279924247637208,0.0,,,565.0,0.026098894490667227,0.41762139489240585
22.0,Louisiana,LA,2000.0,10.289187824303534,0.0,,,535.0,0.02633140163488104,0.41399655849826195
22.0,Louisiana,LA,2000.25,10.291449783347542,0.0,,,525.0,0.026356342208608365,0.42225243798549905
22.0,Louisiana,LA,2000.5,10.293705128686112,0.0,,,523.0,0.0261857301201373,0.4163132866132723
22.0,Louisiana,LA,2000.75,10.295953894994405,0.0,,,565.0,0.0258896842368634,0.419443549313405
22.0,Louisiana,LA,2001.0,10.29819611667903,0.0,,,552.0,0.02634776540211596,0.4157033563167053
22.0,Louisiana,LA,2001.25,10.29463729830361,0.0,,,546.0,0.02584009763708353,0.42067176579949284
22.0,Louisiana,LA,2001.5,10.291073500027023,0.0,,,547.0,0.025554804592506725,0.41505690569203996
22.0,Louisiana,LA,2001.75,10.287504688710278,0.0,,,596.0,0.025538802146460513,0.4162663070089114
22.0,Louisiana,LA,2002.0,10.283930830993382,0.0,,,573.0,0.025453236376670543,0.40782020132078733
22.0,Louisiana,LA,2002.25,10.29878373962685,0.0,,,567.0,0.02543829422151739,0.41312012767779077
22.0,Louisiana,LA,2002.5,10.313380960767862,0.0,,,563.0,0.02569306507461654,0.40822523749555856
22.0,Louisiana,LA,2002.75,10.327730556401884,0.0,,,613.0,0.025758464945917842,0.4110256072500748
22.0,Louisiana,LA,2003.0,10.34184021522374,0.0,,,581.0,0.025599629465950548,0.4069432813644878
22.0,Louisiana,LA,2003.25,10.375201580037178,0.0,,,580.0,0.025689133268313017,0.4113332012907202
22.0,Louisiana,LA,2003.5,10.407376568647017,0.0,,,579.0,0.025627997813359667,0.40715963062236954
22.0,Louisiana,LA,2003.75,10.438443168888766,0.0,,,627.0,0.02517076365201513,0.41202166721422234
22.0,Louisiana,LA,2004.0,10.468471938868802,0.0,2610.0109440675114,1847.7245697610713,602.0,0.0251781651135112,0.40635602385756925
22.0,Louisiana,LA,2004.25,10.51711312338331,0.0,2606.519638582987,1845.252943755456,592.0,0.025378561977283155,0.41130357049556066
22.0,Louisiana,LA,2004.5,10.563376578903814,0.0,2603.037660975635,1842.7879213036974,596.0,0.02552912924781676,0.4064903570717327
22.0,Louisiana,LA,2004.75,10.607478616995138,0.0,2599.5649739127657,1840.3294759765852,661.0,0.025587839310994644,0.4114553004295672
22.0,Louisiana,LA,2005.0,10.649607330064024,0.0,2859.9374910960646,1955.5364779483934,619.0,0.02575870269552168,0.40585288266091685
22.0,Louisiana,LA,2005.25,10.693022992157196,0.0,2903.387646416488,1985.2463453724706,617.0,0.026441519720811518,0.42104108520653405
22.0,Louisiana,LA,2005.5,10.722915312150633,0.0,2948.178419160174,2015.8728853749958,638.0,0.027028278039704288,0.41634403399760167
22.0,Louisiana,LA,2005.75,10.758884075121964,0.0,2994.3728269119674,2047.4591874242872,712.0,0.027575315750302424,0.40268854143056637
22.0,Louisiana,LA,2006.0,10.773319303281514,0.0,3241.6583675466254,2244.779224039055,699.0,0.027827637057498085,0.4100928145695749
22.0,Louisiana,LA,2006.25,10.77913509492213,0.0,3227.9824499281863,2235.3089430104046,683.0,0.02803586480020107,0.41867824883770194
22.0,Louisiana,LA,2006.5,10.78276171526898,0.0,3214.421439539741,2225.9182327857493,685.0,0.0281148978722198,0.4168560482536832
22.0,Louisiana,LA,2006.75,10.774140110715429,0.0,3200.973894236683,2216.6060947107326,748.0,0.02832087010643161,0.4240889114918112
22.0,Louisiana,LA,2007.0,10.757736046376683,0.0,3451.7523501450437,2511.232222646547,730.0,0.027277291861355097,0.42126001857429524
22.0,Louisiana,LA,2007.25,10.769579285409767,0.0,3439.958789064936,2502.6521254669583,711.0,0.02727724779555149,0.42603005558089707
22.0,Louisiana,LA,2007.5,10.774130660472936,0.0,3428.245543410992,2494.130459676908,716.0,0.027474453724461244,0.42333507014451094
22.0,Louisiana,LA,2007.75,10.782634605982238,0.0,3416.6117955322543,2485.6666304158066,783.0,0.02734253652754876,0.42915740200810915
22.0,Louisiana,LA,2008.0,10.78398276720469,0.0,3719.9928036566084,2607.5111608702887,766.0,0.027660832187674865,0.4232030822233334
22.0,Louisiana,LA,2008.25,10.815336238457862,0.0,3708.27544893627,2599.297937129875,751.0,0.027732820568313814,0.42656621422540125
22.0,Louisiana,LA,2008.5,10.821019332006443,0.0,3696.631677852289,2591.1362914873744,759.0,0.027908084407779612,0.4208178404792944
22.0,Louisiana,LA,2008.75,10.784832359313418,0.0,3685.060799429163,2583.0257396068123,830.0,0.028067064458729026,0.4257733672128444
22.0,Louisiana,LA,2009.0,10.761277185101877,0.0,3463.9406293636544,2742.443085477758,773.0,0.027655105653871363,0.41517916512306097
22.0,Louisiana,LA,2009.25,10.73718626158156,0.0,3453.6856393528506,2734.3240876495706,753.0,0.027515074966953275,0.4123895344083647
22.0,Louisiana,LA,2009.5,10.745578613017674,0.0,3443.49118987093,2726.2530204797267,760.0,0.02782581675232531,0.40485811620626716
22.0,Louisiana,LA,2009.75,10.765182026902986,0.0,3433.356746392436,2718.2294607780505,834.0,0.02796238640197773,0.4071983350909678
22.0,Louisiana,LA,2010.0,10.814166080842288,0.0,3121.3893257551817,2703.098308557367,764.0,0.028219386771737534,0.3986750850092424
22.0,Louisiana,LA,2010.25,10.834942353690565,0.0,3116.177180590072,2698.584632335207,770.0,0.0285103143304109,0.4048535949509855
22.0,Louisiana,LA,2010.5,10.857562469156946,0.0,3110.982413052059,2694.0860049997805,790.0,0.028715407218981623,0.40041949914477437
22.0,Louisiana,LA,2010.75,10.854705186574964,0.0,3105.804936378591,2689.602351415407,865.0,0.02765816031430434,0.40464144461603196
22.0,Louisiana,LA,2011.0,10.840576346579317,0.0,3148.597588322255,2773.313788246896,797.0,0.027446975174214124,0.3998519766414798
22.0,Louisiana,LA,2011.25,10.845205035675136,0.0,3143.7835580085825,2769.073545957611,794.0,0.02737882318589873,0.4041928226162931
22.0,Louisiana,LA,2011.5,10.848795594310896,0.0,3138.9842259903844,2764.8462500625083,820.0,0.02718188684770711,0.40145691723555704
22.0,Louisiana,LA,2011.75,10.863798964376736,0.0,3134.1995250545656,2760.631841359675,849.0,0.027106296956693116,0.4067249181260942
22.0,Louisiana,LA,2012.0,10.873710688616882,0.0,3067.843991946004,2797.7448984224584,836.0,0.027307470148882497,0.4027579586144734
22.0,Louisiana,LA,2012.25,10.8817975105528,0.0,3064.0213109848523,2794.2587739045766,805.0,0.027362396794782404,0.4083240759769826
22.0,Louisiana,LA,2012.5,10.860724325512193,0.0,3060.2081446561697,2790.781326331977,804.0,0.027448173211405497,0.40232712097689904
22.0,Louisiana,LA,2012.75,10.845240163203432,0.0,3056.4044574813065,2787.31252334962,885.0,0.02733246639345526,0.409322011354622
22.0,Louisiana,LA,2013.0,10.842921415028774,0.0,3139.1007525934842,2839.6075395091043,846.0,0.02707633275275257,0.40528694508893376
22.0,Louisiana,LA,2013.25,10.824699150842893,0.0,3135.4616694713895,2836.3156515816895,823.0,0.027293876651730338,0.40952970154076035
22.0,Louisiana,LA,2013.5,10.826419555240031,0.0,3131.831013980381,2833.031387227604,826.0,0.027440614809858058,0.40698057991623143
22.0,Louisiana,LA,2013.75,10.834482641771412,0.0,3128.2087568784177,2829.7547199947094,889.0,0.02765938816939671,0.41275031400934187
22.0,Louisiana,LA,2014.0,10.834404398389442,0.0,3256.7534015508145,2819.233715156157,868.0,0.02651854178679312,0.4079854327851264
22.0,Louisiana,LA,2014.25,10.862798949666086,0.0,3253.0649130159136,2816.040746591019,843.0,0.026771112042379894,0.4132957960378095
22.0,Louisiana,LA,2014.5,10.883172791647665,0.0,3249.3847699434573,2812.855002339849,852.0,0.026638645721081395,0.41235361631912393
22.0,Louisiana,LA,2014.75,10.877458085437752,0.0,3245.712944042164,2809.6764579120827,923.0,0.026862848945791853,0.4191249132482362
22.0,Louisiana,LA,2015.0,10.857024447386236,0.0,2893.710162434461,2912.678198142627,883.0,0.02650333264795586,0.41200517174417145
22.0,Louisiana,LA,2015.25,10.852772237663078,0.0,2891.7427819157256,2910.69792160396,850.0,0.026659751914354386,0.4144086971774048
22.0,Louisiana,LA,2015.5,10.8522996537763,0.0,2889.7780747513593,2908.7203359432833,858.0,0.026900231064743686,0.4106910774387369
22.0,Louisiana,LA,2015.75,10.834560157567012,0.0,2887.816035496072,2906.745435679614,941.0,0.027142734850639293,0.415269572226962
22.0,Louisiana,LA,2016.0,10.827839829834822,0.0,,,859.0,0.026979498323887265,0.40715819254655644
23.0,Maine,ME,1990.0,9.845907687558174,0.0,,,385.0,0.029997913485137438,0.41915106719416795
23.0,Maine,ME,1990.25,9.84614132896866,0.0,,,377.0,0.03003018102532765,0.43447538419678855
23.0,Maine,ME,1990.5,9.846374408534205,0.0,,,384.0,0.029837167854828258,0.43666207604234175
23.0,Maine,ME,1990.75,9.846606928285311,0.0,,,405.0,0.0299027182486938,0.4241343550688838
23.0,Maine,ME,1991.0,9.84683889024268,0.0,,,400.0,0.030179915462285815,0.3967611390577227
23.0,Maine,ME,1991.25,9.856657988097629,0.0,,,388.0,0.030203539531584517,0.4084771132931737
23.0,Maine,ME,1991.5,9.866376030192626,0.0,,,396.0,0.029958930985716933,0.41633162855385125
23.0,Maine,ME,1991.75,9.875995020511702,0.0,,,422.0,0.030001181196562213,0.40815315037911026
23.0,Maine,ME,1992.0,9.88551690405898,0.0,,,415.0,0.030056325837217037,0.38719168547962546
23.0,Maine,ME,1992.25,9.893682133574112,0.0,,,402.0,0.030172095591898547,0.40558233924842596
23.0,Maine,ME,1992.5,9.901768895408708,0.0,,,412.0,0.03018207762787154,0.41704255196219514
23.0,Maine,ME,1992.75,9.909778575921932,0.0,,,449.0,0.030429688239490202,0.4126208475936414
23.0,Maine,ME,1993.0,9.91771252527635,0.0,,,409.0,0.03054571271719759,0.38948312621783326
23.0,Maine,ME,1993.25,9.930854895871176,0.0,,,410.0,0.030919387761672645,0.41054970304595223
23.0,Maine,ME,1993.5,9.943824915580146,0.0,,,422.0,0.030976706302385065,0.4214306525164952
23.0,Maine,ME,1993.75,9.9566270225394,0.0,,,453.0,0.03132856687580277,0.41984636168635164
23.0,Maine,ME,1994.0,9.969265485640026,0.0,,,421.0,0.031364924653687,0.40002510739042474
23.0,Maine,ME,1994.25,9.98415118120134,0.0,,,419.0,0.03157619905275426,0.41895113701538605
23.0,Maine,ME,1994.5,9.998813748265109,0.0,,,431.0,0.03150825656780667,0.43118400584788263
23.0,Maine,ME,1994.75,10.013259707869814,0.0,,,452.0,0.031774936448116284,0.42888885045993425
23.0,Maine,ME,1995.0,10.02749529932843,0.0,,,441.0,0.03174638916588928,0.40870085030184106
23.0,Maine,ME,1995.25,10.036121112768956,0.0,,,434.0,0.032069886534792647,0.4267065635773337
23.0,Maine,ME,1995.5,10.044654093572264,0.0,,,434.0,0.032114228858915,0.4330706829178268
23.0,Maine,ME,1995.75,10.053096038050112,0.0,,,469.0,0.03213122112105413,0.42702701980633156
23.0,Maine,ME,1996.0,10.06144869140884,0.0,,,456.0,0.03202568331385202,0.4079945452313473
23.0,Maine,ME,1996.25,10.072738332515138,0.0,,,445.0,0.032233803029775965,0.4257157636129134
23.0,Maine,ME,1996.5,10.083876604072298,0.0,,,446.0,0.03227769892093486,0.4370846203595499
23.0,Maine,ME,1996.75,10.094867207386606,0.0,,,489.0,0.03265978933981093,0.4323311755085356
23.0,Maine,ME,1997.0,10.10571371057543,0.0,,,476.0,0.033036228037877736,0.4116672271925728
23.0,Maine,ME,1997.25,10.118377886206416,0.0,,,462.0,0.0337027408857938,0.43323169665569083
23.0,Maine,ME,1997.5,10.130862164049606,0.0,,,464.0,0.03447072895869806,0.44434526260182877
23.0,Maine,ME,1997.75,10.143171302875825,0.0,,,514.0,0.0342437782619971,0.4405900321697828
23.0,Maine,ME,1998.0,10.15530987576225,0.0,,,477.0,0.034152234047876026,0.42167019953772206
23.0,Maine,ME,1998.25,10.170766076401495,0.0,,,481.0,0.03412322575541876,0.44372273388910155
23.0,Maine,ME,1998.5,10.185941079313636,0.0,,,489.0,0.034179026776223455,0.4532098675012091
23.0,Maine,ME,1998.75,10.200844189914475,0.0,,,542.0,0.03452084977500968,0.44997220767877094
23.0,Maine,ME,1999.0,10.215484262235996,0.0,,,487.0,0.03466902640336973,0.4314237043024673
23.0,Maine,ME,1999.25,10.219739208266386,0.0,,,499.0,0.034361819290453406,0.4517633626233613
23.0,Maine,ME,1999.5,10.22395906739118,0.0,,,528.0,0.034503986037077224,0.4624791001671987
23.0,Maine,ME,1999.75,10.228144308937926,0.0,,,551.0,0.03480171925436208,0.45928252462784275
23.0,Maine,ME,2000.0,10.23229539335244,0.0,,,528.0,0.03481166292894997,0.4433487957870295
23.0,Maine,ME,2000.25,10.24114964373782,0.0,,,515.0,0.03496408377871949,0.46415713030864214
23.0,Maine,ME,2000.5,10.249896792285211,0.0,,,524.0,0.035182326581768744,0.47240791582837904
23.0,Maine,ME,2000.75,10.258539099242242,0.0,,,562.0,0.035356207105833336,0.46418789122038034
23.0,Maine,ME,2001.0,10.267078755330113,0.0,,,556.0,0.035410502670935186,0.4471161574208027
23.0,Maine,ME,2001.25,10.278844516735113,0.0,,,535.0,0.035680713272719225,0.4645222738595267
23.0,Maine,ME,2001.5,10.290427468370714,0.0,,,541.0,0.03608154778413202,0.46970053800176526
23.0,Maine,ME,2001.75,10.301832597262791,0.0,,,585.0,0.03614833233209087,0.45854997926642044
23.0,Maine,ME,2002.0,10.313064692188624,0.0,,,571.0,0.035694002901324115,0.439529255018159
23.0,Maine,ME,2002.25,10.323257760462702,0.0,,,552.0,0.03605426081546005,0.458264388800257
23.0,Maine,ME,2002.5,10.333307266764493,0.0,,,561.0,0.03549623761706654,0.4653335500502791
23.0,Maine,ME,2002.75,10.34321671977514,0.0,,,603.0,0.03568210826998529,0.4555532142434182
23.0,Maine,ME,2003.0,10.352989503535609,0.0,,,588.0,0.03553810792544736,0.4356632246802494
23.0,Maine,ME,2003.25,10.365545942272004,0.0,,,569.0,0.035856269945867054,0.4524392565683341
23.0,Maine,ME,2003.5,10.377912921717904,0.0,,,578.0,0.03603158688970808,0.46273956336428645
23.0,Maine,ME,2003.75,10.39009562253743,0.0,,,631.0,0.03609437269810429,0.455923943564811
23.0,Maine,ME,2004.0,10.402099017407236,0.0,3261.239350591617,2013.6828531584365,604.0,0.03640818824561083,0.4372037602028285
23.0,Maine,ME,2004.25,10.415046578269946,0.0,3258.077842889466,2011.7307505478766,587.0,0.03722843099547877,0.4560440970666279
23.0,Maine,ME,2004.5,10.42780403923171,0.0,3254.922458902744,2009.7824290828976,603.0,0.038126857804917424,0.46454331633412155
23.0,Maine,ME,2004.75,10.44037657219693,0.0,3251.7731808565727,2007.8378777882333,660.0,0.03888540694782914,0.4580379929421276
23.0,Maine,ME,2005.0,10.452769141708432,0.0,3502.4162355255244,2061.3017871726065,614.0,0.03627727601197161,0.4342690164016883
23.0,Maine,ME,2005.25,10.4591816849582,0.0,3499.2109818597796,2059.4153765733963,609.0,0.036564532441410766,0.45206610631100874
23.0,Maine,ME,2005.5,10.464980708696158,0.0,3496.0115894378077,2057.532415533419,631.0,0.036752111522604776,0.4607502909595775
23.0,Maine,ME,2005.75,10.480125735007432,0.0,3492.8180421971683,2055.652894599334,661.0,0.036797939521071736,0.45352466063878777
23.0,Maine,ME,2006.0,10.486830302439168,0.0,3772.5463294195683,1988.634947065583,653.0,0.03675604535746314,0.4348129383656979
23.0,Maine,ME,2006.25,10.502306159157268,0.0,3770.110290932421,1987.350829961398,632.0,0.037044887811144685,0.45402870862406974
23.0,Maine,ME,2006.5,10.503836242665498,0.0,3767.6773964512217,1986.0683701675698,635.0,0.03725941360242868,0.4621391636318868
23.0,Maine,ME,2006.75,10.522987679342547,0.0,3765.2476398933104,1984.7875644777246,679.0,0.03757018017286053,0.4559978037248078
23.0,Maine,ME,2007.0,10.510935054368456,0.0,3879.8958584518928,2030.7277851458884,677.0,0.037753948637569326,0.437367122819709
23.0,Maine,ME,2007.25,10.528222547874948,0.0,3877.361916654947,2029.401526349073,658.0,0.037671305733137615,0.4541007413482129
23.0,Maine,ME,2007.5,10.531774184237374,0.0,3874.831282508808,2028.0769987684141,660.0,0.03796505727646038,0.46381785121052016
23.0,Maine,ME,2007.75,10.528226729974495,0.0,3872.3039495412954,2026.7541990163893,707.0,0.03809296752301889,0.45844579313688566
23.0,Maine,ME,2008.0,10.531833871921464,0.0,3806.972369221103,2144.0230768826063,701.0,0.038246265151156436,0.43927524478727065
23.0,Maine,ME,2008.25,10.533909286572747,0.0,3807.629864180773,2144.3933670317715,676.0,0.03819949833841278,0.4560776744181093
23.0,Maine,ME,2008.5,10.537198646145212,0.0,3808.287586289082,2144.763785107246,683.0,0.03836849681158483,0.4630975513818596
23.0,Maine,ME,2008.75,10.53086740865044,0.0,3808.9455356637623,2145.134331175334,735.0,0.03855635322005106,0.45207831111446994
23.0,Maine,ME,2009.0,10.528507221197456,0.0,3602.373664061854,2244.2068607615884,688.0,0.037813912559510825,0.42586311068324323
23.0,Maine,ME,2009.25,10.537295375446735,0.0,3603.633969716919,2244.9920060189975,681.0,0.03772331421047682,0.4399761748017179
23.0,Maine,ME,2009.5,10.549746932415562,0.0,3604.8951575271326,2245.777700841449,689.0,0.037711679436424665,0.4464595908659853
23.0,Maine,ME,2009.75,10.55822757543192,0.0,3606.1572284190197,2246.5639458061505,759.0,0.036874103576658546,0.43893052852430053
23.0,Maine,ME,2010.0,10.554697432391585,0.0,3603.123375987588,2257.4085092601654,690.0,0.03688400503114338,0.42001561562466266
23.0,Maine,ME,2010.25,10.566606643110578,0.0,3602.7835112298576,2257.1955791115033,699.0,0.036929477064612276,0.43687291969512493
23.0,Maine,ME,2010.5,10.57362662553519,0.0,3602.4437105815937,2256.982689128342,713.0,0.03712102700303205,0.4452008143191862
23.0,Maine,ME,2010.75,10.56445655949656,0.0,3602.1039740246592,2256.7698392993175,769.0,0.03725456350143804,0.438345365193999
23.0,Maine,ME,2011.0,10.556556120493378,0.0,3770.2011171249583,2274.244465006464,723.0,0.03712682507786673,0.4200961027612416
23.0,Maine,ME,2011.25,10.559365596657308,0.0,3769.7299828289288,2273.9602694074138,712.0,0.03698894231167339,0.43661244843722674
23.0,Maine,ME,2011.5,10.56440387943165,0.0,3769.2589662665605,2273.6761448271554,734.0,0.03719808545021952,0.44870460289300046
23.0,Maine,ME,2011.75,10.579955025485212,0.0,3768.7880673937275,2273.3920912390713,755.0,0.037037650265780306,0.44045148910475096
23.0,Maine,ME,2012.0,10.582676630169248,0.0,3824.23216281196,2300.792763912875,757.0,0.03723770501055388,0.42239028165004255
23.0,Maine,ME,2012.25,10.596830170489437,0.0,3824.101948902518,2300.7144226386404,719.0,0.03724621930895689,0.44133887885478673
23.0,Maine,ME,2012.5,10.589339106054418,0.0,3823.97174386026,2300.6360866992154,722.0,0.037320196495748074,0.45019703626061636
23.0,Maine,ME,2012.75,10.573760307864866,0.0,3823.84154768428,2300.557756094056,773.0,0.03740846477780894,0.4414129118783244
23.0,Maine,ME,2013.0,10.596163618223384,0.0,3882.8674959144546,2335.1606680129653,771.0,0.036780439944743566,0.42271974414304875
23.0,Maine,ME,2013.25,10.591044239641674,0.0,3881.6678691983957,2334.439211221925,731.0,0.037066183623116214,0.44278941980178943
23.0,Maine,ME,2013.5,10.599152432000023,0.0,3880.468983511887,2333.718200086849,735.0,0.03719835551236091,0.4541550507965213
23.0,Maine,ME,2013.75,10.61208761441702,0.0,3879.270838168522,2332.9976341949323,786.0,0.03699443343300322,0.444717230010413
23.0,Maine,ME,2014.0,10.615196379538151,0.0,3880.777985434942,2435.020466379454,786.0,0.03660126593217652,0.42467743628319227
23.0,Maine,ME,2014.25,10.627732453166889,0.0,3881.7012144820837,2435.599752706418,746.0,0.036845992096376845,0.4455664106664462
23.0,Maine,ME,2014.5,10.643460833830138,0.0,3882.624882902309,2436.179314721003,754.0,0.03724947108683198,0.4569619307824206
23.0,Maine,ME,2014.75,10.66062968527974,0.0,3883.5489910093447,2436.7591526200595,826.0,0.03740497883279771,0.44804832717249116
23.0,Maine,ME,2015.0,10.65258038453444,0.0,3929.7297459932765,2580.288283978448,795.0,0.037477819825146134,0.4283290446020531
23.0,Maine,ME,2015.25,10.670244015796712,0.0,3928.2331529644325,2579.305610434002,768.0,0.03793649355487893,0.45048765269418606
23.0,Maine,ME,2015.5,10.674984409077112,0.0,3926.737699422608,2578.3236850847743,779.0,0.03829485308155188,0.4615701065140585
23.0,Maine,ME,2015.75,10.686108691123277,0.0,3925.2433840669128,2577.3425070765925,873.0,0.038954974651993185,0.4514576121344856
23.0,Maine,ME,2016.0,10.692233750214124,0.0,,,802.0,0.03892288199813891,0.4353259295365029
24.0,Maryland,MD,1990.0,10.065113853506872,0.0,,,478.0,0.02382259983290866,0.4398785775151726
24.0,Maryland,MD,1990.25,10.067313644353607,0.0,,,463.0,0.024086634153997692,0.4494280387176985
24.0,Maryland,MD,1990.5,10.069493213574418,0.0,,,465.0,0.024410258341142216,0.4417237803723596
24.0,Maryland,MD,1990.75,10.071652843831629,0.0,,,506.0,0.024438257101733248,0.44023558997712325
24.0,Maryland,MD,1991.0,10.073792812453425,0.0,,,489.0,0.025449083036320878,0.4185055964480536
24.0,Maryland,MD,1991.25,10.07979061174072,0.0,,,490.0,0.025476420483541908,0.4254617872214783
24.0,Maryland,MD,1991.5,10.085718818338703,0.0,,,493.0,0.025632087561149215,0.4166406819426544
24.0,Maryland,MD,1991.75,10.091578738873237,0.0,,,529.0,0.025514538456426643,0.4211674337693389
24.0,Maryland,MD,1992.0,10.097371645349638,0.0,,,509.0,0.02586420515387028,0.4070684268709279
24.0,Maryland,MD,1992.25,10.107340097430912,0.0,,,502.0,0.02560430448942009,0.41619621011245755
24.0,Maryland,MD,1992.5,10.117161998906958,0.0,,,509.0,0.02578730395784566,0.41026220946055264
24.0,Maryland,MD,1992.75,10.126841021462855,0.0,,,570.0,0.025941584356295556,0.41604584093934005
24.0,Maryland,MD,1993.0,10.136380703945006,0.0,,,505.0,0.02630951736854946,0.4046720136618765
24.0,Maryland,MD,1993.25,10.149219690919072,0.0,,,517.0,0.02622012929912727,0.41698369208826624
24.0,Maryland,MD,1993.5,10.161831434853193,0.0,,,528.0,0.026406938144456764,0.41258132816218807
24.0,Maryland,MD,1993.75,10.174222892917866,0.0,,,581.0,0.026711349579206577,0.41956857025274785
24.0,Maryland,MD,1994.0,10.186400713642994,0.0,,,539.0,0.027003858205954138,0.4054427646361647
24.0,Maryland,MD,1994.25,10.19480760567619,0.0,,,527.0,0.027226883195485344,0.4210123470730129
24.0,Maryland,MD,1994.5,10.2031057719365,0.0,,,553.0,0.026424209110131058,0.41557085953070416
24.0,Maryland,MD,1994.75,10.211297588341004,0.0,,,575.0,0.02657696704701426,0.42389749091248347
24.0,Maryland,MD,1995.0,10.219385356015009,0.0,,,562.0,0.026633554456154427,0.4143777104935346
24.0,Maryland,MD,1995.25,10.227963407990032,0.0,,,544.0,0.026803745777069628,0.42533371944857035
24.0,Maryland,MD,1995.5,10.236433606810674,0.0,,,553.0,0.027117608010749146,0.41827932161587994
24.0,Maryland,MD,1995.75,10.244798272058116,0.0,,,588.0,0.02656553166175561,0.4263804683634331
24.0,Maryland,MD,1996.0,10.253059651096098,0.0,,,583.0,0.026771982552377883,0.41189040815057004
24.0,Maryland,MD,1996.25,10.27828948894242,0.0,,,567.0,0.026411967314563415,0.42664561782169375
24.0,Maryland,MD,1996.5,10.302791080178435,0.0,,,565.0,0.026446362434725434,0.42458603693813757
24.0,Maryland,MD,1996.75,10.326602555540385,0.0,,,620.0,0.02666599300329334,0.42950865811276123
24.0,Maryland,MD,1997.0,10.349759143135744,0.0,,,607.0,0.026545335103759157,0.41964488846420733
24.0,Maryland,MD,1997.25,10.361728202294035,0.0,,,589.0,0.026733411851010386,0.4326936618900887
24.0,Maryland,MD,1997.5,10.37350220780614,0.0,,,593.0,0.027273660772190757,0.4307594670883183
24.0,Maryland,MD,1997.75,10.385086685747732,0.0,,,662.0,0.027479066686181317,0.4372588592659924
24.0,Maryland,MD,1998.0,10.396486934800862,0.0,,,618.0,0.027577671783299874,0.42739463660426896
24.0,Maryland,MD,1998.25,10.409485966286258,0.0,,,625.0,0.027696316941507437,0.4380340888142032
24.0,Maryland,MD,1998.5,10.422257178668422,0.0,,,627.0,0.027953413781639937,0.43588326820743617
24.0,Maryland,MD,1998.75,10.434807523777618,0.0,,,700.0,0.028207948009897562,0.44381858042575467
24.0,Maryland,MD,1999.0,10.44714364541662,0.0,,,1226.0,0.028341753720471312,0.43411966116466194
24.0,Maryland,MD,1999.25,10.44298302180096,0.0,,,643.0,0.02727895494477916,0.4473411015932115
24.0,Maryland,MD,1999.5,10.438827413631468,0.0,,,655.0,0.027104522692302704,0.44408716144546473
24.0,Maryland,MD,1999.75,10.434676776027478,0.0,,,723.0,0.027243467892628385,0.4524006662824484
24.0,Maryland,MD,2000.0,10.43053106438689,0.0,,,698.0,0.02748240738055904,0.4415031674309246
24.0,Maryland,MD,2000.25,10.443205297521974,0.0,,,676.0,0.02747445500338773,0.4528352607893272
24.0,Maryland,MD,2000.5,10.455646806780916,0.0,,,685.0,0.027296042149690357,0.4494951910141801
24.0,Maryland,MD,2000.75,10.46786288078026,0.0,,,743.0,0.027167580735659495,0.4567492634085444
24.0,Maryland,MD,2001.0,10.479860479029016,0.0,,,740.0,0.027336083134825797,0.44391699293348524
24.0,Maryland,MD,2001.25,10.490549212901692,0.0,,,716.0,0.02741195212753279,0.45223355599288
24.0,Maryland,MD,2001.5,10.501060997628423,0.0,,,714.0,0.027003776208775154,0.44735018141335986
24.0,Maryland,MD,2001.75,10.511400757803711,0.0,,,772.0,0.027268430683866016,0.4506985619098355
24.0,Maryland,MD,2002.0,10.52157322133998,0.0,,,757.0,0.02743370005343368,0.43969692853458336
24.0,Maryland,MD,2002.25,10.532007166061394,0.0,,,738.0,0.02748608956616167,0.4478392419714214
24.0,Maryland,MD,2002.5,10.542280875988377,0.0,,,733.0,0.027255309620178303,0.4443355547919666
24.0,Maryland,MD,2002.75,10.552398544048936,0.0,,,802.0,0.02739325235635634,0.4458813720302377
24.0,Maryland,MD,2003.0,10.562364204795523,0.0,,,775.0,0.027200815680600787,0.43434767597194873
24.0,Maryland,MD,2003.25,10.581315783829275,0.0,,,760.0,0.027313080721311767,0.444722578436433
24.0,Maryland,MD,2003.5,10.599830323290128,0.0,,,763.0,0.027068774605630758,0.44208969305164214
24.0,Maryland,MD,2003.75,10.61792583553795,0.0,,,831.0,0.027508603892275916,0.4442678076304634
24.0,Maryland,MD,2004.0,10.63561925189817,0.0,2968.8022304209444,2363.2777380661573,815.0,0.027532321903898278,0.4340928819248828
24.0,Maryland,MD,2004.25,10.661406355503336,0.0,2962.734082531769,2358.447265133055,786.0,0.027886064362171427,0.4446148603816709
24.0,Maryland,MD,2004.5,10.68644388374408,0.0,2956.6906902884684,2353.6364986210106,794.0,0.028021294668594494,0.4416262976337681
24.0,Maryland,MD,2004.75,10.710771570415682,0.0,2950.671902509542,2348.845318183887,879.0,0.028293762894153,0.44768827718049525
24.0,Maryland,MD,2005.0,10.734426085515492,0.0,3176.9753087192407,2459.7921564328885,831.0,0.028596774288723995,0.437191995273091
24.0,Maryland,MD,2005.25,10.747628466738384,0.0,3172.013984331007,2455.9508213169993,817.0,0.028711012749936354,0.44823731275937495
24.0,Maryland,MD,2005.5,10.772414051641782,0.0,3167.0681314888943,2452.1214651383375,854.0,0.028394760451796324,0.4462092695027737
24.0,Maryland,MD,2005.75,10.78161591871302,0.0,3162.137677935151,2448.304031950906,910.0,0.028531561130669097,0.45050071607144343
24.0,Maryland,MD,2006.0,10.793059227387568,0.0,3416.7616933461068,2602.8931470081834,898.0,0.0288275138266262,0.4421281450691475
24.0,Maryland,MD,2006.25,10.798448428781528,0.0,3412.813440335428,2599.8853631395677,854.0,0.029009329232368347,0.45187855900362994
24.0,Maryland,MD,2006.5,10.810310942005223,0.0,3408.874301632645,2596.884522561615,857.0,0.028650868402215274,0.448174999796852
24.0,Maryland,MD,2006.75,10.816696141811086,0.0,3404.944245714383,2593.89060125978,942.0,0.029166279839226768,0.45304816554659
24.0,Maryland,MD,2007.0,10.819812245649192,0.0,3600.4675409947417,2562.570046244672,937.0,0.029345308175175045,0.4437463797647956
24.0,Maryland,MD,2007.25,10.832991922680852,0.0,3595.4501417497554,2558.9989997433895,895.0,0.029580852692375408,0.4531275348007326
24.0,Maryland,MD,2007.5,10.834196819092488,0.0,3590.4467069481666,2555.437892191411,892.0,0.02932537146202546,0.4485851129904911
24.0,Maryland,MD,2007.75,10.840033737563138,0.0,3585.4571783721576,2551.8866821532197,986.0,0.029701030499725143,0.4531069245171395
24.0,Maryland,MD,2008.0,10.845042352713008,0.0,3750.271637556256,2657.9913860507495,963.0,0.029572565530306696,0.4427343000352685
24.0,Maryland,MD,2008.25,10.855174523181432,0.0,3742.795382440499,2652.6926174232726,920.0,0.029198496239875537,0.45047387239678643
24.0,Maryland,MD,2008.5,10.854466565999164,0.0,3735.3488762020766,2647.414933204431,919.0,0.028831171493338838,0.4430986350867409
24.0,Maryland,MD,2008.75,10.854993952892343,0.0,3727.931941632258,2642.158207798181,1009.0,0.02879438212645155,0.4439509848890955
24.0,Maryland,MD,2009.0,10.853523348108665,0.0,3647.343251451734,2881.604526604481,963.0,0.02882509875422048,0.42716636290596727
24.0,Maryland,MD,2009.25,10.865359848126436,0.0,3638.1063882858944,2874.3068897013145,934.0,0.028759584308757434,0.4327583284783338
24.0,Maryland,MD,2009.5,10.866240749061753,0.0,3628.916191479587,2867.0461218240653,941.0,0.028312075070587896,0.42450067014081927
24.0,Maryland,MD,2009.75,10.874856555545431,0.0,3619.7723082731573,2859.821944272939,1052.0,0.02827017848004039,0.42700353103736527
24.0,Maryland,MD,2010.0,10.88179526713669,0.0,3569.864927243001,2866.001771763181,975.0,0.028071632026070624,0.4132806917892182
24.0,Maryland,MD,2010.25,10.893538522265516,0.0,3561.4023741719666,2859.2077634212583,957.0,0.028042830143276277,0.42763296667801987
24.0,Maryland,MD,2010.5,10.899092568254272,0.0,3552.979848071562,2852.4458900119125,966.0,0.02819452610244316,0.4219082791567914
24.0,Maryland,MD,2010.75,10.915348366253424,0.0,3544.5970656268796,2845.7159240808714,1080.0,0.028388560542720816,0.42631446996354777
24.0,Maryland,MD,2011.0,10.908350891331692,0.0,3707.220528157029,2904.7733050996108,1010.0,0.028307877862339383,0.4161274588069495
24.0,Maryland,MD,2011.25,10.918534590500451,0.0,3699.931598269206,2899.0621021107186,985.0,0.02829970034747396,0.42618001525162186
24.0,Maryland,MD,2011.5,10.931327436954604,0.0,3692.671274311457,2893.373313149106,1023.0,0.02796513226424656,0.4223860377237778
24.0,Maryland,MD,2011.75,10.9325363397019,0.0,3685.4393882145355,2887.7068065249905,1059.0,0.02781169346284598,0.4268395717306674
24.0,Maryland,MD,2012.0,10.939398280664498,0.0,3885.979152245184,3012.855430652852,1072.0,0.028054293879212877,0.4188984485951148
24.0,Maryland,MD,2012.25,10.93582678121384,0.0,3879.1494029554647,3007.5602279686996,991.0,0.02821210536471865,0.4282650656326816
24.0,Maryland,MD,2012.5,10.94507547940385,0.0,3872.3436186106164,3002.283605650389,1007.0,0.028540417806608362,0.425163201300309
24.0,Maryland,MD,2012.75,10.9339103203827,0.0,3865.561673295462,2997.025466074074,1086.0,0.028768944254533562,0.42897520157675717
24.0,Maryland,MD,2013.0,10.94538075715264,0.0,4123.016039610671,3070.450836594517,1067.0,0.028775465851442448,0.4201005688236871
24.0,Maryland,MD,2013.25,10.946601730646792,0.0,4116.740420161341,3065.777320701485,1004.0,0.028675776225615072,0.4292802145437857
24.0,Maryland,MD,2013.5,10.952479895281831,0.0,4110.48387584776,3061.1180102507697,1011.0,0.028195330742962262,0.4252003458609308
24.0,Maryland,MD,2013.75,10.965611735431782,0.0,4104.24631983181,3056.4728405731653,1075.0,0.028090110633929893,0.42887528479052905
24.0,Maryland,MD,2014.0,10.960901907788235,0.0,4230.1221910430095,3146.0385316965226,1086.0,0.02805659850903969,0.4180507248259052
24.0,Maryland,MD,2014.25,10.97771239638009,0.0,4225.220978749182,3142.3933881209873,1019.0,0.02807665004468368,0.430318483577011
24.0,Maryland,MD,2014.5,10.99254573317322,0.0,4220.331110846947,3138.7566816287,1042.0,0.02778668076431596,0.4272908554708392
24.0,Maryland,MD,2014.75,10.98906825753118,0.0,4215.452547995085,3135.1283829606946,1113.0,0.02796998894967837,0.4324201106167756
24.0,Maryland,MD,2015.0,11.012019976386291,0.0,4413.454383440287,3276.305704286401,1112.0,0.027981563917695847,0.42196188601924867
24.0,Maryland,MD,2015.25,11.01293490674715,0.0,4409.507513646289,3273.3757653096513,1044.0,0.02815252912788906,0.4348861485668028
24.0,Maryland,MD,2015.5,11.020906847906614,0.0,4405.567696768828,3270.451062030083,1067.0,0.02808474927631431,0.4314271767252803
24.0,Maryland,MD,2015.75,11.031852964141237,0.0,4401.634913919808,3267.5315804262164,1174.0,0.028249328199037745,0.43829127129268985
24.0,Maryland,MD,2016.0,11.038433553999903,0.0,,,1107.0,0.02831322207276155,0.4281569061164061
25.0,Massachusetts,MA,1990.0,10.184305013321303,0.0,,,506.0,0.02784643077561182,0.4868757145607875
25.0,Massachusetts,MA,1990.25,10.186393116626787,0.0,,,504.0,0.028125762489824648,0.4903693802921404
25.0,Massachusetts,MA,1990.5,10.188477589548112,0.0,,,502.0,0.028151393696377966,0.4817037478303147
25.0,Massachusetts,MA,1990.75,10.19055844606152,0.0,,,544.0,0.027673172357112488,0.48135212284018525
25.0,Massachusetts,MA,1991.0,10.192635700063487,0.0,,,529.0,0.027740106704860205,0.45808641288123614
25.0,Massachusetts,MA,1991.25,10.202588655540652,0.0,,,529.0,0.027716023160324028,0.46140983331519553
25.0,Massachusetts,MA,1991.5,10.212435190501113,0.0,,,529.0,0.02748029227423283,0.4514470427751869
25.0,Massachusetts,MA,1991.75,10.222177472490282,0.0,,,570.0,0.02632792408850478,0.4588600257452966
25.0,Massachusetts,MA,1992.0,10.231817603599618,0.0,,,558.0,0.02618835973008483,0.44533824184691395
25.0,Massachusetts,MA,1992.25,10.239552244283834,0.0,,,551.0,0.025971751994558593,0.4535670911940361
25.0,Massachusetts,MA,1992.5,10.247207369038332,0.0,,,550.0,0.025690864251777485,0.44840394935082145
25.0,Massachusetts,MA,1992.75,10.254784418674442,0.0,,,625.0,0.025154792879230163,0.45950365605723864
25.0,Massachusetts,MA,1993.0,10.26228479579526,0.0,,,548.0,0.02555733628311137,0.4478485985941804
25.0,Massachusetts,MA,1993.25,10.278255354729492,0.0,,,581.0,0.025603218328761917,0.4595046021984861
25.0,Massachusetts,MA,1993.5,10.293930371995971,0.0,,,580.0,0.025884741535117776,0.4552278567477884
25.0,Massachusetts,MA,1993.75,10.309319849695257,0.0,,,635.0,0.025956314004613106,0.46645936884351835
25.0,Massachusetts,MA,1994.0,10.324433293428518,0.0,,,578.0,0.026321190581307614,0.45422442415867287
25.0,Massachusetts,MA,1994.25,10.336840098665164,0.0,,,584.0,0.02655011010691047,0.46725105423600477
25.0,Massachusetts,MA,1994.5,10.34904886861121,0.0,,,590.0,0.026817228128596257,0.4643274058569997
25.0,Massachusetts,MA,1994.75,10.361065195796687,0.0,,,636.0,0.02682672816202042,0.4744686177825152
25.0,Massachusetts,MA,1995.0,10.37289444220982,0.0,,,615.0,0.027308231206173792,0.4630456947292806
25.0,Massachusetts,MA,1995.25,10.3892755107475,0.0,,,604.0,0.027119067312830213,0.4763330347515514
25.0,Massachusetts,MA,1995.5,10.40534284580944,0.0,,,605.0,0.027152872516242533,0.4720645333194386
25.0,Massachusetts,MA,1995.75,10.421107390884394,0.0,,,665.0,0.027223848840995803,0.4820975255725662
25.0,Massachusetts,MA,1996.0,10.436579530189894,0.0,,,647.0,0.027508853100348944,0.46762401838087675
25.0,Massachusetts,MA,1996.25,10.465787352412654,0.0,,,635.0,0.02743367884598006,0.4814694545107139
25.0,Massachusetts,MA,1996.5,10.49406179746337,0.0,,,629.0,0.027314773540857536,0.4782016453468242
25.0,Massachusetts,MA,1996.75,10.521457686828944,0.0,,,704.0,0.027537932563169984,0.4878121924606487
25.0,Massachusetts,MA,1997.0,10.548025164491795,0.0,,,679.0,0.02781021313967843,0.47826093707018685
25.0,Massachusetts,MA,1997.25,10.558613940455247,0.0,,,658.0,0.027896419448615897,0.4909049876742878
25.0,Massachusetts,MA,1997.5,10.569053587210911,0.0,,,668.0,0.028487354991592186,0.4831268132385376
25.0,Massachusetts,MA,1997.75,10.579347790262874,0.0,,,745.0,0.028533352458863206,0.49691859068059574
25.0,Massachusetts,MA,1998.0,10.589500102291288,0.0,,,700.0,0.028901894468575242,0.4839993741334943
25.0,Massachusetts,MA,1998.25,10.603272896714987,0.0,,,702.0,0.029009194696074967,0.4982856904580573
25.0,Massachusetts,MA,1998.5,10.6168097972528,0.0,,,706.0,0.029237481097859966,0.4944504076767068
25.0,Massachusetts,MA,1998.75,10.630118022038216,0.0,,,798.0,0.02914889398626452,0.5017572043753947
25.0,Massachusetts,MA,1999.0,10.643204466310303,0.0,,,745.0,0.029096400465701968,0.4899195785571312
25.0,Massachusetts,MA,1999.25,10.653081302270598,0.0,,,737.0,0.029490771571238163,0.5048135146994873
25.0,Massachusetts,MA,1999.5,10.662827947647695,0.0,,,764.0,0.02953405420489525,0.5009496561185574
25.0,Massachusetts,MA,1999.75,10.67244741368822,0.0,,,859.0,0.029691043030894832,0.5114053545937808
25.0,Massachusetts,MA,2000.0,10.681942610015346,0.0,,,872.0,0.029567037419919562,0.5012973114939377
25.0,Massachusetts,MA,2000.25,10.685824851596474,0.0,,,803.0,0.02975556715986918,0.5149162567721518
25.0,Massachusetts,MA,2000.5,10.689681028567176,0.0,,,829.0,0.030168187480611328,0.511303651923359
25.0,Massachusetts,MA,2000.75,10.693511430922891,0.0,,,904.0,0.02963136190857903,0.5221345986483164
25.0,Massachusetts,MA,2001.0,10.6973163440389,0.0,,,906.0,0.029699260695438344,0.5101868388636591
25.0,Massachusetts,MA,2001.25,10.701025708407943,0.0,,,830.0,0.02986726959527074,0.5185445267678424
25.0,Massachusetts,MA,2001.5,10.70471573028357,0.0,,,823.0,0.030045166385222134,0.5082732207347107
25.0,Massachusetts,MA,2001.75,10.708386585491606,0.0,,,902.0,0.030184427990336715,0.509050842236387
25.0,Massachusetts,MA,2002.0,10.71203844751948,0.0,,,886.0,0.03029386932568473,0.4936811025442121
25.0,Massachusetts,MA,2002.25,10.719829014734373,0.0,,,836.0,0.03068919466687606,0.5041980628296266
25.0,Massachusetts,MA,2002.5,10.727556143870316,0.0,,,830.0,0.030963169047173816,0.49695169797031424
25.0,Massachusetts,MA,2002.75,10.735220834546851,0.0,,,907.0,0.03119653838650186,0.5006281316793862
25.0,Massachusetts,MA,2003.0,10.742824062956112,0.0,,,900.0,0.031236429681910576,0.4828056495600538
25.0,Massachusetts,MA,2003.25,10.75605365910649,0.0,,,849.0,0.03167401714082599,0.4937421540684721
25.0,Massachusetts,MA,2003.5,10.769120909658982,0.0,,,860.0,0.0319502080508017,0.48836461821720856
25.0,Massachusetts,MA,2003.75,10.782029880184757,0.0,,,954.0,0.03214337602800501,0.49255082840050973
25.0,Massachusetts,MA,2004.0,10.794784485579022,0.0,3752.1490402557215,2044.2765998558082,953.0,0.03230628851106182,0.47978127180223906
25.0,Massachusetts,MA,2004.25,10.817064283484893,0.0,3753.464773369155,2044.9934483569177,897.0,0.03268422983609329,0.4937464247942864
25.0,Massachusetts,MA,2004.5,10.838873615798256,0.0,3754.7814295594007,2045.7107997763035,906.0,0.03298378199457519,0.48971858790633155
25.0,Massachusetts,MA,2004.75,10.860232256162702,0.0,3756.0990097982017,2046.4286546433984,1006.0,0.03321344878499857,0.4957456798481387
25.0,Massachusetts,MA,2005.0,10.881158757532734,0.0,4123.594277316816,2170.031343262604,964.0,0.033424536449231566,0.48254949148536663
25.0,Massachusetts,MA,2005.25,10.88705198136962,0.0,4122.500766394818,2169.4558858302403,916.0,0.03386860101310096,0.49724898022845787
25.0,Massachusetts,MA,2005.5,10.9030492840454,0.0,4121.407835282104,2168.8807335210854,947.0,0.03412777930309378,0.49395842188013867
25.0,Massachusetts,MA,2005.75,10.905555021423412,0.0,4120.315483517651,2168.3058860925266,1026.0,0.03242517167545554,0.4993957266355673
25.0,Massachusetts,MA,2006.0,10.921857020794455,0.0,4318.527495115509,2305.443111197919,1046.0,0.03203499361318822,0.48740583326729153
25.0,Massachusetts,MA,2006.25,10.933837766712632,0.0,4314.913549943922,2303.5138089046013,962.0,0.0324175094267509,0.5015491177402354
25.0,Massachusetts,MA,2006.5,10.93005976374648,0.0,4311.305648350449,2301.587732971552,950.0,0.03246484892937765,0.4980637861785547
25.0,Massachusetts,MA,2006.75,10.95892316036024,0.0,4307.703775187794,2299.664875312398,1075.0,0.03250230570126678,0.5041398621316365
25.0,Massachusetts,MA,2007.0,10.967526746192544,0.0,4507.769111657065,2348.56712035138,1107.0,0.032381884392260106,0.4920257022182854
25.0,Massachusetts,MA,2007.25,10.9770121236348,0.0,4501.223972819994,2345.1570748299428,1008.0,0.0326284589245217,0.5061871423674902
25.0,Massachusetts,MA,2007.5,10.986428499581034,0.0,4494.697813096924,2341.756917508635,1002.0,0.03278781035750015,0.5021694464241225
25.0,Massachusetts,MA,2007.75,10.994904081759696,0.0,4488.190550056002,2338.3666054401074,1134.0,0.03279607221173398,0.5067644124301526
25.0,Massachusetts,MA,2008.0,11.000671442680243,0.0,4905.872297694516,2490.609706310142,1143.0,0.03265637311181213,0.4942011607108214
25.0,Massachusetts,MA,2008.25,10.999133745393731,0.0,4896.666683896176,2485.936206942973,1044.0,0.03285538930450152,0.5062415699158976
25.0,Massachusetts,MA,2008.5,10.9885447423415,0.0,4887.49555310174,2481.280213882331,1024.0,0.032887950484269145,0.5008594513207737
25.0,Massachusetts,MA,2008.75,10.98086777536546,0.0,4878.358711920302,2476.64162894766,1155.0,0.03287811768329992,0.5001527821192221
25.0,Massachusetts,MA,2009.0,10.98421249149862,0.0,4514.932997709438,2598.166230489598,1100.0,0.032558392159829065,0.47786293335714575
25.0,Massachusetts,MA,2009.25,10.984797191167097,0.0,4506.65089538728,2593.4002065902832,1028.0,0.0326153672035265,0.484107522358886
25.0,Massachusetts,MA,2009.5,10.982231860473412,0.0,4498.399122473456,2588.6516360716855,1023.0,0.03264324144889716,0.4773817370151109
25.0,Massachusetts,MA,2009.75,10.990922055075345,0.0,4490.177512671098,2583.9204232365037,1178.0,0.03265468676596278,0.47968146507956155
25.0,Massachusetts,MA,2010.0,11.001486754776415,0.0,4405.2497561504615,2649.4767211269045,1095.0,0.03306560146608253,0.4688587435417696
25.0,Massachusetts,MA,2010.25,11.01494957014895,0.0,4397.48043360139,2644.803969212226,1061.0,0.03331152162067803,0.48240610748226637
25.0,Massachusetts,MA,2010.5,11.035758667619254,0.0,4389.738467549898,2640.147670485793,1070.0,0.03355187085935538,0.47902364294591104
25.0,Massachusetts,MA,2010.75,11.03271722287564,0.0,4382.023713762807,2635.5077382005497,1217.0,0.03382925222639664,0.4832148688071199
25.0,Massachusetts,MA,2011.0,11.02466970564701,0.0,4671.2328622096775,2743.549493846193,1161.0,0.03443945127612648,0.4708623093967267
25.0,Massachusetts,MA,2011.25,11.058308344162556,0.0,4663.107415752764,2738.777185299023,1122.0,0.0345400355713721,0.48396406446691237
25.0,Massachusetts,MA,2011.5,11.052121710667334,0.0,4655.010188071061,2734.0214504506466,1115.0,0.03446347987792853,0.48316488357525494
25.0,Massachusetts,MA,2011.75,11.064482289059155,0.0,4646.941032418367,2729.282203112795,1191.0,0.03403707981513692,0.4866353390884791
25.0,Massachusetts,MA,2012.0,11.071002057511189,0.0,4746.542959996444,2737.728161335943,1227.0,0.03446451250884649,0.47571085325620915
25.0,Massachusetts,MA,2012.25,11.084179017674195,0.0,4737.865304689026,2732.723032021891,1109.0,0.03316346092940956,0.48887696188134216
25.0,Massachusetts,MA,2012.5,11.092880436979762,0.0,4729.219320552192,2727.7361701197938,1102.0,0.033244956862036185,0.4873022360090249
25.0,Massachusetts,MA,2012.75,11.081626620564853,0.0,4720.604834514548,2722.767475804909,1248.0,0.033017399194558775,0.4906273469660795
25.0,Massachusetts,MA,2013.0,11.079829724775932,0.0,4841.93472104224,2763.499834346884,1234.0,0.03347892716421845,0.4789859603889752
25.0,Massachusetts,MA,2013.25,11.082573309750794,0.0,4834.163736879597,2759.0646003581132,1131.0,0.033819386028476305,0.49407881501546064
25.0,Massachusetts,MA,2013.5,11.104225735367413,0.0,4826.417656576498,2754.643580070206,1130.0,0.03418654666891883,0.4919406795491246
25.0,Massachusetts,MA,2013.75,11.107929187314122,0.0,4818.69636060947,2750.236705265988,1258.0,0.03318855821109543,0.49578740736764515
25.0,Massachusetts,MA,2014.0,11.103320485676946,0.0,5167.764137927152,2845.047734703465,1299.0,0.03372800026548498,0.48390559026136293
25.0,Massachusetts,MA,2014.25,11.11040515774446,0.0,5161.201869958218,2841.4349603737487,1157.0,0.034159536964840496,0.4994543224063539
25.0,Massachusetts,MA,2014.5,11.13961220846509,0.0,5154.656247000643,2837.8313497462827,1162.0,0.03444811573330311,0.498924683195865
25.0,Massachusetts,MA,2014.75,11.151986627311915,0.0,5148.127205805222,2834.236868000011,1314.0,0.034735520695389314,0.5050434156496959
25.0,Massachusetts,MA,2015.0,11.167599306349292,0.0,5414.018224591112,2948.853519333042,1341.0,0.034411076259094606,0.49073824039243896
25.0,Massachusetts,MA,2015.25,11.180298097924036,0.0,5408.529566475716,2945.8640117014493,1209.0,0.03485829059464708,0.5079138032326678
25.0,Massachusetts,MA,2015.5,11.184681481164905,0.0,5403.052025743713,2942.880559375505,1196.0,0.03522928292465611,0.5076828249014166
25.0,Massachusetts,MA,2015.75,11.204481252661123,0.0,5397.585568651563,2939.903143976117,1385.0,0.03556866442119949,0.5117278151187532
25.0,Massachusetts,MA,2016.0,11.19970404451083,0.0,,,1326.0,0.035593198193893255,0.5001184467865639
26.0,Michigan,MI,1990.0,9.93974824741609,0.0,,,503.0,0.019923385720111188,0.4059816874494365
26.0,Michigan,MI,1990.25,9.94331385682116,0.0,,,473.0,0.019960035252204248,0.4190175301138024
26.0,Michigan,MI,1990.5,9.946849904496723,0.0,,,475.0,0.020022803834913488,0.41661706774677143
26.0,Michigan,MI,1990.75,9.950356778394925,0.0,,,522.0,0.01996136930529874,0.416066431480269
26.0,Michigan,MI,1991.0,9.953834859375,0.0,,,549.0,0.02041722275730322,0.3917525473436757
26.0,Michigan,MI,1991.25,9.969715763138137,0.0,,,492.0,0.020317723247280556,0.40330018055627836
26.0,Michigan,MI,1991.5,9.985283807232763,0.0,,,490.0,0.019991301681489528,0.4028206027158225
26.0,Michigan,MI,1991.75,10.000549978954146,0.0,,,542.0,0.020206650832170006,0.4087471168370847
26.0,Michigan,MI,1992.0,10.015524702729357,0.0,,,521.0,0.020620177201021408,0.3940879893393142
26.0,Michigan,MI,1992.25,10.030646794463308,0.0,,,508.0,0.02060598869709278,0.406460780743224
26.0,Michigan,MI,1992.5,10.045496147441268,0.0,,,505.0,0.02052591229095641,0.40496150403407705
26.0,Michigan,MI,1992.75,10.060081668269712,0.0,,,590.0,0.020777226270214652,0.4120358093762457
26.0,Michigan,MI,1993.0,10.07441183749082,0.0,,,510.0,0.02099167787722453,0.3998170951276543
26.0,Michigan,MI,1993.25,10.100263247497184,0.0,,,526.0,0.021131465032556973,0.41117231454778247
26.0,Michigan,MI,1993.5,10.125388238330164,0.0,,,533.0,0.02099953646833179,0.4083651816497056
26.0,Michigan,MI,1993.75,10.149824613169496,0.0,,,605.0,0.02125179592430346,0.41888196932216726
26.0,Michigan,MI,1994.0,10.173607306689307,0.0,,,555.0,0.021353262753501166,0.4107262298741186
26.0,Michigan,MI,1994.25,10.17665307486881,0.0,,,543.0,0.021658448624468547,0.4222893358435868
26.0,Michigan,MI,1994.5,10.17967724997296,0.0,,,561.0,0.021528957118697217,0.4238633413351535
26.0,Michigan,MI,1994.75,10.18268007450111,0.0,,,612.0,0.021727643576137233,0.43187601285512117
26.0,Michigan,MI,1995.0,10.185661787155508,0.0,,,600.0,0.022134180414213788,0.4233654061491631
26.0,Michigan,MI,1995.25,10.196797606114792,0.0,,,565.0,0.022454063417391652,0.43331090845474296
26.0,Michigan,MI,1995.5,10.207764325294452,0.0,,,560.0,0.022378040773752068,0.43146224837820596
26.0,Michigan,MI,1995.75,10.218566412151915,0.0,,,626.0,0.022622527652263368,0.4391883997011786
26.0,Michigan,MI,1996.0,10.229208162568431,0.0,,,604.0,0.022955748467128376,0.4283745677123549
26.0,Michigan,MI,1996.25,10.257516526498826,0.0,,,586.0,0.02302827996407623,0.4388789086428226
26.0,Michigan,MI,1996.5,10.284975589090784,0.0,,,581.0,0.022947004082647236,0.43760788188859845
26.0,Michigan,MI,1996.75,10.311632912055575,0.0,,,652.0,0.023247606186302498,0.44592951762778954
26.0,Michigan,MI,1997.0,10.337532177150653,0.0,,,634.0,0.02331346834673405,0.434852362374301
26.0,Michigan,MI,1997.25,10.345254957744036,0.0,,,1400.0,0.0234087275918747,0.5018133077293214
26.0,Michigan,MI,1997.5,10.352903449327284,0.0,,,608.0,0.024374938730455875,0.4434656239978651
26.0,Michigan,MI,1997.75,10.360478939230545,0.0,,,681.0,0.024533708170815568,0.44751266004431306
26.0,Michigan,MI,1998.0,10.367982681945543,0.0,,,663.0,0.024796957577532443,0.4393413703424871
26.0,Michigan,MI,1998.25,10.385883557178396,0.0,,,635.0,0.024946970079974255,0.45043386641221705
26.0,Michigan,MI,1998.5,10.403426203051843,0.0,,,629.0,0.025142595174954666,0.4409178235890723
26.0,Michigan,MI,1998.75,10.420623886831844,0.0,,,733.0,0.025134492804499017,0.44967976578908386
26.0,Michigan,MI,1999.0,10.43748915478956,0.0,,,672.0,0.025105495378653742,0.4376640966250505
26.0,Michigan,MI,1999.25,10.436341896030772,0.0,,,659.0,0.02368582344204256,0.45042559578507924
26.0,Michigan,MI,1999.5,10.43519652324166,0.0,,,669.0,0.023747219460616923,0.4440121931801095
26.0,Michigan,MI,1999.75,10.4340530310261,0.0,,,748.0,0.025321934899087815,0.46089158049982776
26.0,Michigan,MI,2000.0,10.432911414010592,0.0,,,745.0,0.0255713919688117,0.4513286008302813
26.0,Michigan,MI,2000.25,10.43247443565514,0.0,,,684.0,0.025820614944563742,0.46611328699278376
26.0,Michigan,MI,2000.5,10.432038114109764,0.0,,,681.0,0.02655221708049261,0.45980721271734865
26.0,Michigan,MI,2000.75,10.43160244785328,0.0,,,739.0,0.02681142849700482,0.46363429237044074
26.0,Michigan,MI,2001.0,10.43116743536933,0.0,,,734.0,0.026498030250862767,0.4444802985050725
26.0,Michigan,MI,2001.25,10.439801622607762,0.0,,,695.0,0.025748835869401313,0.45323234573847304
26.0,Michigan,MI,2001.5,10.448351421950573,0.0,,,692.0,0.025892257793963362,0.44621545075689983
26.0,Michigan,MI,2001.75,10.456818372526254,0.0,,,755.0,0.025680343171841927,0.4466746673493472
26.0,Michigan,MI,2002.0,10.465203971896264,0.0,,,730.0,0.025518310733837143,0.43007838019804223
26.0,Michigan,MI,2002.25,10.474476130842444,0.0,,,714.0,0.025443943943519454,0.442261207402203
26.0,Michigan,MI,2002.5,10.483651505770334,0.0,,,713.0,0.02570481863015261,0.4383927721760928
26.0,Michigan,MI,2002.75,10.49273198444635,0.0,,,776.0,0.025577213039254476,0.4409192092664141
26.0,Michigan,MI,2003.0,10.501719400134911,0.0,,,762.0,0.025070430165781775,0.4240697016969102
26.0,Michigan,MI,2003.25,10.5022725897186,0.0,,,731.0,0.02501589707659301,0.43345175158958116
26.0,Michigan,MI,2003.5,10.502825083915155,0.0,,,732.0,0.0250927687936392,0.42871469232212145
26.0,Michigan,MI,2003.75,10.503376884119126,0.0,,,808.0,0.024992901128872844,0.43420321210125334
26.0,Michigan,MI,2004.0,10.503927991721133,0.0,3130.4031748383813,1867.181783962014,771.0,0.025320738335894998,0.4191728454056387
26.0,Michigan,MI,2004.25,10.523815057652332,0.0,3130.728380542377,1867.375758390427,743.0,0.025308648698083067,0.43144492680995605
26.0,Michigan,MI,2004.5,10.543318340356228,0.0,3131.053653822166,1867.5697731255618,756.0,0.025369170055462794,0.42773367805849916
26.0,Michigan,MI,2004.75,10.56245244810076,0.0,3131.378994698812,1867.7638281799825,835.0,0.02523213493508847,0.43314889741429097
26.0,Michigan,MI,2005.0,10.581231170659985,0.0,3255.5988441904633,1972.4216275233339,779.0,0.02546080110140773,0.4188849480412017
26.0,Michigan,MI,2005.25,10.58222185319943,0.0,3256.8184738438595,1973.1605465428624,769.0,0.025684027058615222,0.4321505067377645
26.0,Michigan,MI,2005.5,10.577583296487331,0.0,3258.0390176479395,1973.9000194053751,788.0,0.025719440093695405,0.42826418272555217
26.0,Michigan,MI,2005.75,10.578701203563512,0.0,3259.2604766308646,1974.6400467337894,834.0,0.02548395916470822,0.4317300051279012
26.0,Michigan,MI,2006.0,10.578378774239132,0.0,3339.196445305693,2089.223173866373,818.0,0.02572597809842308,0.4165583491537517
26.0,Michigan,MI,2006.25,10.585613559680564,0.0,3342.0933635043866,2091.035678381348,784.0,0.025682576610788755,0.427542613504268
26.0,Michigan,MI,2006.5,10.58760009633808,0.0,3344.9953125074085,2092.85133050179,789.0,0.02603695645610089,0.42163594531183785
26.0,Michigan,MI,2006.75,10.580972405982257,0.0,3347.9023054309314,2094.670138434048,852.0,0.026498745639759187,0.4246375736942417
26.0,Michigan,MI,2007.0,10.604402583797953,0.0,3450.279284139916,2291.454577232283,849.0,0.025716597988818236,0.410958399608157
26.0,Michigan,MI,2007.25,10.60721315498409,0.0,3454.9770178230237,2294.5745111461138,806.0,0.025840121463579363,0.4227307156413778
26.0,Michigan,MI,2007.5,10.61030538120228,0.0,3459.6875613621355,2297.7029525460803,808.0,0.025919767188704448,0.4191655379501003
26.0,Michigan,MI,2007.75,10.58727042167319,0.0,3464.4109672239697,2300.839936277217,872.0,0.02592031700455633,0.4220157123664284
26.0,Michigan,MI,2008.0,10.575328496124648,0.0,3614.4519155687776,2249.059982472912,857.0,0.02614656703216453,0.4075741671591992
26.0,Michigan,MI,2008.25,10.57186642994378,0.0,3618.5716473382067,2251.623448270101,824.0,0.026106820603902275,0.4155290824190211
26.0,Michigan,MI,2008.5,10.55951936906622,0.0,3622.7007811177486,2254.192764382966,820.0,0.02624795450331713,0.40981102835078553
26.0,Michigan,MI,2008.75,10.54718001282713,0.0,3626.8393491299307,2256.7679508616816,903.0,0.026042388841103305,0.4069421688637751
26.0,Michigan,MI,2009.0,10.503527729654976,0.0,3365.4603588453606,2230.988434080947,825.0,0.025622144966399845,0.3800202411915418
26.0,Michigan,MI,2009.25,10.507439675477812,0.0,3367.5091078661785,2232.346564881022,810.0,0.02583965122968699,0.38434183037044095
26.0,Michigan,MI,2009.5,10.508142524591582,0.0,3369.560352788799,2233.7063502327655,809.0,0.02586995172577742,0.37924603796151146
26.0,Michigan,MI,2009.75,10.523901089285884,0.0,3371.614098176975,2235.0677931615246,913.0,0.02555931748600878,0.3829692980135247
26.0,Michigan,MI,2010.0,10.53677721802453,0.0,3355.3758316253256,2202.1353592181013,814.0,0.025485611483478353,0.37080960304206684
26.0,Michigan,MI,2010.25,10.568697245847304,0.0,3355.4847087089533,2202.2068153195023,825.0,0.025214599580072217,0.384067191145268
26.0,Michigan,MI,2010.5,10.590118158162095,0.0,3355.5935928586164,2202.2782760583477,839.0,0.02517431157735044,0.38388053523925736
26.0,Michigan,MI,2010.75,10.586891867486989,0.0,3355.7024840750046,2202.349741435089,938.0,0.024948227027225697,0.38811174656236086
26.0,Michigan,MI,2011.0,10.59200047817326,0.0,3553.4621418148845,2171.573456344046,872.0,0.024695801923267553,0.3790179494913688
26.0,Michigan,MI,2011.25,10.59328929593242,0.0,3552.4707195540673,2170.967583485494,845.0,0.024648320471288034,0.39156406254967674
26.0,Michigan,MI,2011.5,10.605864126395868,0.0,3551.4798503560946,2170.362048611854,875.0,0.02469578820014784,0.39263335133120225
26.0,Michigan,MI,2011.75,10.637210478017328,0.0,3550.489533758308,2169.75685144039,933.0,0.024533607945606252,0.39738475245131927
26.0,Michigan,MI,2012.0,10.636778654277691,0.0,3521.8010328061287,2143.530882942233,919.0,0.024566415818047468,0.38853911139457414
26.0,Michigan,MI,2012.25,10.647372245833978,0.0,3520.755549902358,2142.894553725748,858.0,0.024256196099279953,0.399983020184141
26.0,Michigan,MI,2012.5,10.654479528349578,0.0,3519.7106875391055,2142.2586021989036,862.0,0.024207049148346677,0.39937694011286645
26.0,Michigan,MI,2012.75,10.654993366189856,0.0,3518.6664451640586,2141.6230280255363,954.0,0.024140853831924387,0.40361749867910207
26.0,Michigan,MI,2013.0,10.670440875425044,0.0,3685.437654094128,2142.1129970738402,921.0,0.024114701895609065,0.3960699527823501
26.0,Michigan,MI,2013.25,10.669557170311275,0.0,3683.876032424237,2141.2053246643322,877.0,0.02409034695502931,0.407109471816956
26.0,Michigan,MI,2013.5,10.678147148857292,0.0,3682.31573359824,2140.2984211407374,875.0,0.02412808761796579,0.4075702733689267
26.0,Michigan,MI,2013.75,10.692249576926264,0.0,3680.756755935985,2139.3922855264896,953.0,0.023784121199962177,0.4120527515782501
26.0,Michigan,MI,2014.0,10.688439417865848,0.0,3751.735594432584,2206.7475970340975,951.0,0.023802495560857773,0.40193743963527984
26.0,Michigan,MI,2014.25,10.706973732277689,0.0,3751.5513418676046,2206.6392208186685,897.0,0.02377873741435022,0.41401460672548324
26.0,Michigan,MI,2014.5,10.724723297019246,0.0,3751.367107399498,2206.5308552477068,897.0,0.02384704813809295,0.41473507610346316
26.0,Michigan,MI,2014.75,10.730640263765345,0.0,3751.1828910255977,2206.422500319646,985.0,0.023952459296085558,0.4190913697523811
26.0,Michigan,MI,2015.0,10.750116039993978,0.0,3956.5854634862967,2285.3495991768264,969.0,0.023862653847181534,0.4093810923181398
26.0,Michigan,MI,2015.25,10.767692770980894,0.0,3955.5300468518717,2284.7399836371887,917.0,0.023934309851871574,0.42138589795138087
26.0,Michigan,MI,2015.5,10.77758362026697,0.0,3954.475193130711,2284.1306932399275,922.0,0.02436781389110106,0.4212706010081453
26.0,Michigan,MI,2015.75,10.786754049889527,0.0,3953.4209018725846,2283.521727724987,1043.0,0.024176946531103808,0.425751939345389
26.0,Michigan,MI,2016.0,10.784488234385128,0.0,,,975.0,0.02417644511144909,0.41706666800962905
27.0,Minnesota,MN,1990.0,10.060825604034012,0.0,,,435.0,0.02672501632741112,0.45882451296249516
27.0,Minnesota,MN,1990.25,10.066030473210262,0.0,,,440.0,0.026853404488135724,0.47107462263367034
27.0,Minnesota,MN,1990.5,10.071178563594682,0.0,,,432.0,0.02696293256401859,0.4685611751829259
27.0,Minnesota,MN,1990.75,10.076270866346697,0.0,,,472.0,0.027256784697122935,0.47254239592367714
27.0,Minnesota,MN,1991.0,10.081308348365798,0.0,,,449.0,0.0272197338397819,0.45589460657649045
27.0,Minnesota,MN,1991.25,10.097868913248304,0.0,,,455.0,0.027358621818686105,0.4666885806526069
27.0,Minnesota,MN,1991.5,10.114060751048507,0.0,,,450.0,0.02744115631844525,0.46378783655354133
27.0,Minnesota,MN,1991.75,10.129898094682623,0.0,,,488.0,0.027579859518088754,0.4690682370593903
27.0,Minnesota,MN,1992.0,10.145394382530704,0.0,,,474.0,0.027568905580869354,0.4567892584080513
27.0,Minnesota,MN,1992.25,10.149499991652442,0.0,,,470.0,0.027636929567519664,0.4715112933211474
27.0,Minnesota,MN,1992.5,10.153561592761395,0.0,,,470.0,0.027838178888289114,0.4681964124060407
27.0,Minnesota,MN,1992.75,10.157579922637758,0.0,,,533.0,0.027946257299142883,0.4767006796915899
27.0,Minnesota,MN,1993.0,10.16155570104819,0.0,,,471.0,0.027922143199865496,0.46425615066935855
27.0,Minnesota,MN,1993.25,10.180005967429755,0.0,,,483.0,0.027792645201662722,0.4775650345618138
27.0,Minnesota,MN,1993.5,10.198015425143875,0.0,,,487.0,0.027834104217957303,0.473413089899835
27.0,Minnesota,MN,1993.75,10.215602504463668,0.0,,,537.0,0.028220561473287213,0.48359617184275494
27.0,Minnesota,MN,1994.0,10.232784519485277,0.0,,,490.0,0.0286613503732359,0.4709597561720663
27.0,Minnesota,MN,1994.25,10.243565299728829,0.0,,,494.0,0.028717157768446636,0.4871712351800361
27.0,Minnesota,MN,1994.5,10.254174072392942,0.0,,,512.0,0.028259426235918424,0.48306172908755174
27.0,Minnesota,MN,1994.75,10.2646155044697,0.0,,,538.0,0.02867425156239116,0.4939387085273015
27.0,Minnesota,MN,1995.0,10.274894080358075,0.0,,,521.0,0.028578509842967437,0.4837014879253591
27.0,Minnesota,MN,1995.25,10.291778578799349,0.0,,,514.0,0.028793742721683044,0.49652499734264033
27.0,Minnesota,MN,1995.5,10.308290220499954,0.0,,,511.0,0.02832687524931967,0.4882764588425749
27.0,Minnesota,MN,1995.75,10.32444339959633,0.0,,,558.0,0.029415712108431552,0.5018307066302932
27.0,Minnesota,MN,1996.0,10.340251704635431,0.0,,,548.0,0.029597734014000513,0.4891278631700251
27.0,Minnesota,MN,1996.25,10.356810364391425,0.0,,,543.0,0.029743298957018594,0.5027681474848001
27.0,Minnesota,MN,1996.5,10.373013081410788,0.0,,,560.0,0.02994127297844699,0.4964341783224255
27.0,Minnesota,MN,1996.75,10.38887327081059,0.0,,,590.0,0.03019565808487998,0.5071948738752454
27.0,Minnesota,MN,1997.0,10.404403613901966,0.0,,,571.0,0.030266259953520495,0.49216104497007385
27.0,Minnesota,MN,1997.25,10.417276705780449,0.0,,,563.0,0.030514067989971725,0.5080484556945045
27.0,Minnesota,MN,1997.5,10.429920218286457,0.0,,,568.0,0.031341986604714184,0.5089286242596085
27.0,Minnesota,MN,1997.75,10.442341222819008,0.0,,,625.0,0.031056843119106777,0.516978824728205
27.0,Minnesota,MN,1998.0,10.454546475337738,0.0,,,603.0,0.030864800270577294,0.503732902980256
27.0,Minnesota,MN,1998.25,10.464433714744624,0.0,,,602.0,0.03085910392080406,0.5190952454499912
27.0,Minnesota,MN,1998.5,10.474163736275528,0.0,,,594.0,0.03084518431245189,0.5172723596719815
27.0,Minnesota,MN,1998.75,10.483740710078266,0.0,,,670.0,0.030563570634853456,0.5221483848675417
27.0,Minnesota,MN,1999.0,10.49316864804317,0.0,,,623.0,0.030416451813395806,0.5071384635882784
27.0,Minnesota,MN,1999.25,10.503394732823956,0.0,,,626.0,0.030537786509093858,0.5244147081934333
27.0,Minnesota,MN,1999.5,10.513455466658485,0.0,,,628.0,0.030607597112847912,0.5211894056183843
27.0,Minnesota,MN,1999.75,10.523355324923656,0.0,,,700.0,0.030614768098717545,0.5283836039273125
27.0,Minnesota,MN,2000.0,10.533098609449654,0.0,,,679.0,0.030621489951135984,0.5152686872224695
27.0,Minnesota,MN,2000.25,10.536672357059484,0.0,,,661.0,0.03108147889351488,0.5307999701305521
27.0,Minnesota,MN,2000.5,10.540215776369502,0.0,,,664.0,0.031114442935845837,0.5258306502597828
27.0,Minnesota,MN,2000.75,10.543729273781215,0.0,,,722.0,0.03151682318952544,0.5322442454042368
27.0,Minnesota,MN,2001.0,10.54721324812252,0.0,,,715.0,0.031215004587785655,0.5174537214313677
27.0,Minnesota,MN,2001.25,10.558962402363983,0.0,,,689.0,0.03131917082725611,0.5281346928679422
27.0,Minnesota,MN,2001.5,10.57053339739937,0.0,,,677.0,0.0312507904881665,0.521501994671389
27.0,Minnesota,MN,2001.75,10.581931012379972,0.0,,,733.0,0.031131158749118808,0.5221638228558876
27.0,Minnesota,MN,2002.0,10.593159839225205,0.0,,,724.0,0.03080653564949536,0.5051435546917158
27.0,Minnesota,MN,2002.25,10.604742991968951,0.0,,,704.0,0.031141335639804268,0.5177689773460404
27.0,Minnesota,MN,2002.5,10.616154358298402,0.0,,,700.0,0.031092954316139964,0.5149390646572232
27.0,Minnesota,MN,2002.75,10.627398458447027,0.0,,,753.0,0.030963469090719162,0.517515259968239
27.0,Minnesota,MN,2003.0,10.638479638777524,0.0,,,740.0,0.031186455837573897,0.50028474908441
27.0,Minnesota,MN,2003.25,10.653072812489455,0.0,,,723.0,0.03135709935817737,0.5141188978167146
27.0,Minnesota,MN,2003.5,10.667408008546316,0.0,,,730.0,0.03139049933021308,0.5086538178675911
27.0,Minnesota,MN,2003.75,10.68149344260117,0.0,,,777.0,0.03110267208112573,0.5110783925606857
27.0,Minnesota,MN,2004.0,10.695336947302858,0.0,3505.9455987395513,2010.9300583582447,777.0,0.030256423662262395,0.4951729785072389
27.0,Minnesota,MN,2004.25,10.711052882310277,0.0,3500.461199101965,2007.7843323985392,743.0,0.030800574034782473,0.5157983771593907
27.0,Minnesota,MN,2004.5,10.726477681426886,0.0,3494.9939313106065,2004.648432873261,753.0,0.031126121267393538,0.5117224311084476
27.0,Minnesota,MN,2004.75,10.74162114557076,0.0,3489.5437152174695,2001.5223138113518,835.0,0.031300994345880205,0.5168886793230746
27.0,Minnesota,MN,2005.0,10.756492592207994,0.0,3753.218514422422,2123.1002902962305,782.0,0.03067818996725915,0.49887334904029573
27.0,Minnesota,MN,2005.25,10.759114728670925,0.0,3745.179462643385,2118.552803092862,759.0,0.03170689671050814,0.5169036611419742
27.0,Minnesota,MN,2005.5,10.781846519712264,0.0,3737.17477509087,2114.024754858748,789.0,0.032450747353462504,0.5184551858753828
27.0,Minnesota,MN,2005.75,10.775663045096554,0.0,3729.2042318916556,2109.5160212171963,808.0,0.03300705090468763,0.5219878400710688
27.0,Minnesota,MN,2006.0,10.776711939184509,0.0,4060.2158784016056,2158.2316834041662,830.0,0.03254540718555336,0.5075036481648787
27.0,Minnesota,MN,2006.25,10.799481377802213,0.0,4051.6536292530227,2153.6803693984325,790.0,0.032396959918770375,0.520260862938476
27.0,Minnesota,MN,2006.5,10.778022975071204,0.0,4043.1274165302093,2149.1482107672364,786.0,0.032000553865011605,0.5164613168423497
27.0,Minnesota,MN,2006.75,10.783756005037423,0.0,4034.637013208075,2144.6350868340514,840.0,0.03243582778562632,0.5177240843517039
27.0,Minnesota,MN,2007.0,10.792057972872138,0.0,4183.380597990898,2369.1790007034488,873.0,0.031493298801679136,0.5039530178997567
27.0,Minnesota,MN,2007.25,10.814208676121314,0.0,4175.399176955916,2364.6588728621196,834.0,0.03200689724340753,0.5188868438733415
27.0,Minnesota,MN,2007.5,10.81694469882411,0.0,4167.448153238773,2360.155959970619,823.0,0.03240375346953159,0.5170473565972379
27.0,Minnesota,MN,2007.75,10.821871874277832,0.0,4159.52735351681,2355.6701638709133,884.0,0.03277160481657257,0.5186040378761186
27.0,Minnesota,MN,2008.0,10.82491883361052,0.0,4274.131897393911,2498.5138225178566,908.0,0.03175918207256007,0.502909144457544
27.0,Minnesota,MN,2008.25,10.823094165364347,0.0,4267.181587590714,2494.4509050574347,849.0,0.03203652205374523,0.5144924258132701
27.0,Minnesota,MN,2008.5,10.83650083279015,0.0,4260.25384535526,2490.401179838455,862.0,0.032331958077247806,0.5113529310095852
27.0,Minnesota,MN,2008.75,10.814313232006638,0.0,4253.348560950796,2486.3645827125006,907.0,0.03254431459055247,0.5089596119325107
27.0,Minnesota,MN,2009.0,10.789204501417125,0.0,3983.222572584314,2648.6518317890827,881.0,0.030852440248935707,0.48339680687651404
27.0,Minnesota,MN,2009.25,10.788092536479962,0.0,3977.5844259324,2644.9027348743703,841.0,0.03125330303975144,0.49045765406133734
27.0,Minnesota,MN,2009.5,10.790842115144049,0.0,3971.9622180158317,2641.164236453667,836.0,0.031207994448823915,0.48316706553943806
27.0,Minnesota,MN,2009.75,10.811933938538605,0.0,3966.3558813430946,2637.4362916483537,928.0,0.031584974982375384,0.48511232775498536
27.0,Minnesota,MN,2010.0,10.803980132755257,0.0,4036.9534113817595,2693.8070062832003,882.0,0.03041226311378691,0.46877199972058764
27.0,Minnesota,MN,2010.25,10.819191560388298,0.0,4029.8562123123465,2689.0711367722297,868.0,0.030505587279543188,0.48497064240930077
27.0,Minnesota,MN,2010.5,10.83772658987472,0.0,4022.7839240264434,2684.351889906188,874.0,0.030748494166210352,0.4823737058238019
27.0,Minnesota,MN,2010.75,10.871623147035242,0.0,4015.736415600571,2679.6491783215233,974.0,0.03101283790532051,0.48551312203764796
27.0,Minnesota,MN,2011.0,10.853174525923809,0.0,4418.420502557509,2721.9527416901965,932.0,0.030171661093205987,0.4724392587515423
27.0,Minnesota,MN,2011.25,10.877613430626,0.0,4411.878649513714,2717.9226556406707,897.0,0.030688177445960325,0.4895939294108693
27.0,Minnesota,MN,2011.5,10.878580102920983,0.0,4405.356139387578,2713.904485728988,915.0,0.030908260691945744,0.48860211477834786
27.0,Minnesota,MN,2011.75,10.878413167077651,0.0,4398.852886516186,2709.898179182804,937.0,0.03116827227095086,0.49168493806354385
27.0,Minnesota,MN,2012.0,10.90537764926845,0.0,4541.585994050501,2660.1204211301074,990.0,0.030571986428228243,0.4780029310714953
27.0,Minnesota,MN,2012.25,10.894880278289945,0.0,4533.531397198138,2655.4026424512476,907.0,0.030793470089301285,0.49418053657953737
27.0,Minnesota,MN,2012.5,10.908438853582746,0.0,4525.505319754795,2650.701568303014,914.0,0.03100787253701937,0.49246734623562394
27.0,Minnesota,MN,2012.75,10.900263094925698,0.0,4517.507610517508,2646.017110122053,985.0,0.031250727958525126,0.4960759569026368
27.0,Minnesota,MN,2013.0,10.91763320170069,0.0,5009.457193208257,2739.89821207669,1002.0,0.029881216664104468,0.4840929225275064
27.0,Minnesota,MN,2013.25,10.921615850484118,0.0,5001.475723618652,2735.532786160296,929.0,0.030135422378669684,0.4985613122718884
27.0,Minnesota,MN,2013.5,10.941140691975946,0.0,4993.5196470078545,2731.1812488099763,938.0,0.03047841032117539,0.498071095747985
27.0,Minnesota,MN,2013.75,10.950254299466163,0.0,4985.588842386997,2726.8435338514623,988.0,0.030061188782289232,0.5016220151779919
27.0,Minnesota,MN,2014.0,10.949495593464146,0.0,5120.844457721274,2676.178488271553,1035.0,0.029705439594183796,0.4871778649574032
27.0,Minnesota,MN,2014.25,10.966711422910723,0.0,5113.968918807924,2672.585297834488,947.0,0.0299710252313893,0.5030229703995492
27.0,Minnesota,MN,2014.5,10.981474053770295,0.0,5107.111818122628,2669.0017433060484,965.0,0.030279792207868216,0.5027456033889733
27.0,Minnesota,MN,2014.75,10.9839231665043,0.0,5100.2730815956265,2665.427785977014,1024.0,0.03068252499701604,0.5057333923763572
27.0,Minnesota,MN,2015.0,10.990074191972695,0.0,5321.645947466774,2834.3506124559617,1078.0,0.029551285149755538,0.49265730768657845
27.0,Minnesota,MN,2015.25,10.991768158058974,0.0,5312.557321107502,2829.509938359623,977.0,0.029561633480229235,0.509326160597414
27.0,Minnesota,MN,2015.5,10.99726311922542,0.0,5303.499686022678,2824.6857704605372,990.0,0.028790843296095655,0.5078819108374695
27.0,Minnesota,MN,2015.75,11.01221573070813,0.0,5294.472883966553,2819.8780244757677,1074.0,0.028983375639129345,0.5107804810307603
27.0,Minnesota,MN,2016.0,10.99977792457526,0.0,,,1065.0,0.028673075418047114,0.49695728030485287
28.0,Mississippi,MS,1990.0,9.617704875487194,0.0,,,330.0,0.02131066110821797,0.34790635945005427
28.0,Mississippi,MS,1990.25,9.629270641539891,0.0,,,340.0,0.021217513669492417,0.3553976434187251
28.0,Mississippi,MS,1990.5,9.640660614201504,0.0,,,334.0,0.02115871547406825,0.3541066730016114
28.0,Mississippi,MS,1990.75,9.651879493505056,0.0,,,358.0,0.02130177879799859,0.35791334685802745
28.0,Mississippi,MS,1991.0,9.66293179623761,0.0,,,341.0,0.02173674632984612,0.34613008210796053
28.0,Mississippi,MS,1991.25,9.67961839747877,0.0,,,354.0,0.021777107395988055,0.35081709898390584
28.0,Mississippi,MS,1991.5,9.695953187143395,0.0,,,349.0,0.021773234756677255,0.35143135737701486
28.0,Mississippi,MS,1991.75,9.71194928757526,0.0,,,372.0,0.021819810724708417,0.3566314404053129
28.0,Mississippi,MS,1992.0,9.727619108997663,0.0,,,357.0,0.021593652405312427,0.3491095769108708
28.0,Mississippi,MS,1992.25,9.743362363012636,0.0,,,366.0,0.02172386845826768,0.3552767787459135
28.0,Mississippi,MS,1992.5,9.75877021538392,0.0,,,361.0,0.021757077415201918,0.35512147821532813
28.0,Mississippi,MS,1992.75,9.773855043586012,0.0,,,396.0,0.021906814162651663,0.3624035960220734
28.0,Mississippi,MS,1993.0,9.788628564299945,0.0,,,356.0,0.02167601973560318,0.35731045911641746
28.0,Mississippi,MS,1993.25,9.80770026806644,0.0,,,373.0,0.02173283780846254,0.36623412736701166
28.0,Mississippi,MS,1993.5,9.82629744719365,0.0,,,377.0,0.02177806819193981,0.36731391101300903
28.0,Mississippi,MS,1993.75,9.844440693976445,0.0,,,406.0,0.022109897374351758,0.3778595364056985
28.0,Mississippi,MS,1994.0,9.862149308209812,0.0,,,376.0,0.022077789744261046,0.373024910449715
28.0,Mississippi,MS,1994.25,9.87527635828631,0.0,,,385.0,0.021887672752600066,0.3830471250108708
28.0,Mississippi,MS,1994.5,9.88815322810399,0.0,,,393.0,0.021970744233136986,0.38604620536936574
28.0,Mississippi,MS,1994.75,9.900788040011912,0.0,,,413.0,0.02214245983386339,0.38798268651223006
28.0,Mississippi,MS,1995.0,9.913188536477948,0.0,,,397.0,0.02187310272788476,0.3814686304821867
28.0,Mississippi,MS,1995.25,9.922051514171349,0.0,,,401.0,0.021768289700076823,0.3868716270269138
28.0,Mississippi,MS,1995.5,9.93079597710638,0.0,,,399.0,0.021921698401533685,0.38601148216769054
28.0,Mississippi,MS,1995.75,9.939424614379975,0.0,,,428.0,0.022002543286105826,0.38924520304131743
28.0,Mississippi,MS,1996.0,9.94794002706494,0.0,,,411.0,0.021976394471058938,0.3816737837439526
28.0,Mississippi,MS,1996.25,9.949537093830012,0.0,,,415.0,0.021924899868517745,0.3895529539773995
28.0,Mississippi,MS,1996.5,9.951123274738643,0.0,,,411.0,0.02205104750348818,0.38827549504934067
28.0,Mississippi,MS,1996.75,9.952698682687506,0.0,,,446.0,0.022084832364948154,0.39014407040573795
28.0,Mississippi,MS,1997.0,9.954263428991448,0.0,,,424.0,0.022220709800922146,0.38373861422837946
28.0,Mississippi,MS,1997.25,9.963157820260957,0.0,,,431.0,0.022188884436799863,0.3908064102179574
28.0,Mississippi,MS,1997.5,9.971930035670011,0.0,,,429.0,0.022523763677842316,0.3908970486065701
28.0,Mississippi,MS,1997.75,9.980582906097084,0.0,,,468.0,0.02250313764742654,0.39660197057780544
28.0,Mississippi,MS,1998.0,9.989119168033394,0.0,,,438.0,0.022036598244316776,0.39049880789142366
28.0,Mississippi,MS,1998.25,9.998737005357588,0.0,,,451.0,0.022136973434813585,0.3980395348416617
28.0,Mississippi,MS,1998.5,10.008223543570148,0.0,,,449.0,0.02229195905306394,0.39787982361370827
28.0,Mississippi,MS,1998.75,10.017581871395404,0.0,,,495.0,0.022431062798791646,0.40133611359658206
28.0,Mississippi,MS,1999.0,10.026814972161729,0.0,,,446.0,0.022248204643743053,0.3946153925930535
28.0,Mississippi,MS,1999.25,10.028707479854203,0.0,,,459.0,0.02233010813796915,0.4037733188736442
28.0,Mississippi,MS,1999.5,10.030589782301911,0.0,,,465.0,0.022455763066297842,0.4039030942703653
28.0,Mississippi,MS,1999.75,10.03246196513749,0.0,,,506.0,0.022623532472552124,0.4036828289327549
28.0,Mississippi,MS,2000.0,10.034324113004338,0.0,,,478.0,0.02223565688662887,0.3956776658885562
28.0,Mississippi,MS,2000.25,10.038921253687043,0.0,,,479.0,0.022391894475310828,0.40294051390472857
28.0,Mississippi,MS,2000.5,10.043493640812288,0.0,,,474.0,0.0224831079392291,0.3989362513805948
28.0,Mississippi,MS,2000.75,10.048041521187267,0.0,,,507.0,0.022678741353699176,0.397769096229166
28.0,Mississippi,MS,2001.0,10.052565137966772,0.0,,,491.0,0.02226958766825307,0.38864949125959136
28.0,Mississippi,MS,2001.25,10.062964855942283,0.0,,,494.0,0.02208893361102005,0.39167478201683364
28.0,Mississippi,MS,2001.5,10.073247336331992,0.0,,,485.0,0.022029264620273388,0.3886521321095242
28.0,Mississippi,MS,2001.75,10.083415085015924,0.0,,,523.0,0.022164947055469328,0.3878800987344778
28.0,Mississippi,MS,2002.0,10.09347052853141,0.0,,,504.0,0.022359262890822726,0.382648734387176
28.0,Mississippi,MS,2002.25,10.103979859113972,0.0,,,506.0,0.022427476253576543,0.38841355993122084
28.0,Mississippi,MS,2002.5,10.114362492223352,0.0,,,503.0,0.022438651487787745,0.38676433979693475
28.0,Mississippi,MS,2002.75,10.124621254943644,0.0,,,539.0,0.022380370872474194,0.38530363787741106
28.0,Mississippi,MS,2003.0,10.134758881217682,0.0,,,522.0,0.02250417667255166,0.3788532535279751
28.0,Mississippi,MS,2003.25,10.14946696416822,0.0,,,521.0,0.02255378614098239,0.3816787260586283
28.0,Mississippi,MS,2003.5,10.163910115642333,0.0,,,521.0,0.022530266676069187,0.3808674704431447
28.0,Mississippi,MS,2003.75,10.178096896666544,0.0,,,559.0,0.02256612764493675,0.38400306351269575
28.0,Mississippi,MS,2004.0,10.192035463727,0.0,2343.8461618339848,1557.7955770315784,533.0,0.022664857511742777,0.3780708039547573
28.0,Mississippi,MS,2004.25,10.19942862709867,0.0,2340.416762399774,1555.516287819906,534.0,0.022867417041411917,0.3835917817602558
28.0,Mississippi,MS,2004.5,10.20674616629932,0.0,2336.9973837579014,1553.24365874926,541.0,0.02292408583814226,0.3819724968721345
28.0,Mississippi,MS,2004.75,10.213989428705093,0.0,2333.587982050927,1550.9776606705755,587.0,0.02299850975791083,0.3841969376847564
28.0,Mississippi,MS,2005.0,10.221159726681048,0.0,2425.318734744625,1633.0922526697873,546.0,0.023027636811871397,0.3800282157404097
28.0,Mississippi,MS,2005.25,10.22808208988226,0.0,2425.5201002649355,1633.2278424652495,556.0,0.023157917016087423,0.3849179175621403
28.0,Mississippi,MS,2005.5,10.243213207327086,0.0,2425.7214992253375,1633.3634547776505,573.0,0.023338813244922794,0.381713443818401
28.0,Mississippi,MS,2005.75,10.282084266758066,0.0,2425.922931634161,1633.4990896125998,614.0,0.023235079417844282,0.38318106284061004
28.0,Mississippi,MS,2006.0,10.272455736616909,0.0,2626.969980495549,1790.4080512830044,597.0,0.02336816320123595,0.3801676524457902
28.0,Mississippi,MS,2006.25,10.296303460688817,0.0,2621.6967652768753,1786.814098153064,588.0,0.02349337180128905,0.38624372070056295
28.0,Mississippi,MS,2006.5,10.303682564674489,0.0,2616.444677892277,1783.2345446715835,585.0,0.023550535817632747,0.3854994381709149
28.0,Mississippi,MS,2006.75,10.311183299302725,0.0,2611.213591618429,1779.6693044704425,630.0,0.02356401541553194,0.3890015204982115
28.0,Mississippi,MS,2007.0,10.320760803186394,0.0,2860.7594720576435,1938.7412706814418,614.0,0.02355865931326515,0.3837229156350846
28.0,Mississippi,MS,2007.25,10.332077123600817,0.0,2856.0156197263477,1935.526354367598,608.0,0.023716987577449174,0.3876002000990495
28.0,Mississippi,MS,2007.5,10.356786586899666,0.0,2851.2874743284556,1932.3220826676488,607.0,0.023781193011213453,0.3862124604361536
28.0,Mississippi,MS,2007.75,10.374614595774108,0.0,2846.5749579842213,1929.1284028023658,654.0,0.023790139255207884,0.3894170074254493
28.0,Mississippi,MS,2008.0,10.391927330531836,0.0,2980.5784369799094,2053.4648480938026,634.0,0.023859100632809622,0.3845314108187581
28.0,Mississippi,MS,2008.25,10.410446086731056,0.0,2977.80852912747,2051.5565244151258,635.0,0.02384268956139673,0.38718954354693885
28.0,Mississippi,MS,2008.5,10.409547819912827,0.0,2975.043764750498,2049.65174432582,630.0,0.02392179569226185,0.3809415939511528
28.0,Mississippi,MS,2008.75,10.39351263309288,0.0,2972.28412953581,2047.7504979648395,679.0,0.023915843942149476,0.3800387366126844
28.0,Mississippi,MS,2009.0,10.371622447281611,0.0,2916.669201500351,2086.652106581983,633.0,0.023760855002781557,0.367937305564174
28.0,Mississippi,MS,2009.25,10.360928559551713,0.0,2913.8260590931914,2084.6180572320736,639.0,0.023703928302395177,0.36692788269825616
28.0,Mississippi,MS,2009.5,10.35557454159511,0.0,2910.9884542264112,2082.587969565681,635.0,0.023705468759487112,0.36192532554709855
28.0,Mississippi,MS,2009.75,10.356959387495506,0.0,2908.156370737691,2080.5618320199096,697.0,0.023579960470911748,0.3626867423661625
28.0,Mississippi,MS,2010.0,10.365428236771685,0.0,2893.104855298516,2141.5822930981894,630.0,0.023200851624840674,0.3568912730673644
28.0,Mississippi,MS,2010.25,10.382033605536884,0.0,2891.1970667655355,2140.1700780746914,652.0,0.023208093983006994,0.3646678433158989
28.0,Mississippi,MS,2010.5,10.38755774445125,0.0,2889.291792665156,2138.7597243264,652.0,0.023258699191256126,0.36128734649029903
28.0,Mississippi,MS,2010.75,10.38665029631564,0.0,2887.3890280296832,2137.3512281760445,707.0,0.023187942216287737,0.3628566430190782
28.0,Mississippi,MS,2011.0,10.370504770234223,0.0,2993.913695762689,2208.592413710201,649.0,0.023036020203064844,0.35789400755678613
28.0,Mississippi,MS,2011.25,10.383566078069917,0.0,2992.2099469345476,2207.335568283419,662.0,0.023046737717597427,0.36312728910185954
28.0,Mississippi,MS,2011.5,10.395040099080315,0.0,2990.5081361109237,2206.0801525110987,680.0,0.02309098260353202,0.36020193276200924
28.0,Mississippi,MS,2011.75,10.410316512432855,0.0,2988.808259986992,2204.8261639552916,698.0,0.023099980667052877,0.3633807444461214
28.0,Mississippi,MS,2012.0,10.432605817739235,0.0,3090.6465613269256,2219.9856278758903,688.0,0.022909299836345393,0.36035370835978553
28.0,Mississippi,MS,2012.25,10.439663046546466,0.0,3089.213957235291,2218.9566003145833,681.0,0.022861511335362635,0.3648638765021193
28.0,Mississippi,MS,2012.5,10.433936041488584,0.0,3087.782680635208,2217.928526279377,671.0,0.02313809540305655,0.3628493829813334
28.0,Mississippi,MS,2012.75,10.421975780259148,0.0,3086.352729682393,2216.9014044455384,720.0,0.023266887140107745,0.36588432077873667
28.0,Mississippi,MS,2013.0,10.447622340325555,0.0,3297.542001590379,2246.352260271087,695.0,0.023291563032313854,0.361988803142771
28.0,Mississippi,MS,2013.25,10.441154500077442,0.0,3297.0133517265267,2245.992133298941,691.0,0.023412872415776664,0.36635420861596957
28.0,Mississippi,MS,2013.5,10.464940850832331,0.0,3296.484871337927,2245.6321217767627,688.0,0.023596320301821096,0.3648063480665895
28.0,Mississippi,MS,2013.75,10.45362151906319,0.0,3295.956560343097,2245.2722256490442,730.0,0.023757315744185048,0.36924566233182554
28.0,Mississippi,MS,2014.0,10.449394355429842,0.0,3408.1473065098253,2255.068841064029,706.0,0.023591097446865394,0.3647764336318674
28.0,Mississippi,MS,2014.25,10.46525309123168,0.0,3409.0045702242664,2255.6360667491745,705.0,0.023676251964845456,0.3691810838899525
28.0,Mississippi,MS,2014.5,10.464455818723216,0.0,3409.8622653085454,2256.2035778588015,697.0,0.02389284812739999,0.36769729462251266
28.0,Mississippi,MS,2014.75,10.470841823222822,0.0,3410.7203920883376,2256.771374608401,747.0,0.024156708250526522,0.3727754335008003
28.0,Mississippi,MS,2015.0,10.467046195949878,0.0,3529.6665874977834,2343.0860476552075,710.0,0.02392260628422521,0.36768248148730454
28.0,Mississippi,MS,2015.25,10.476887848124704,0.0,3529.862599791785,2343.2161658008904,709.0,0.02380383671481294,0.3733955702215692
28.0,Mississippi,MS,2015.5,10.48559778807117,0.0,3530.0586338572216,2343.3462983990275,706.0,0.024030982336241048,0.3723717193398946
28.0,Mississippi,MS,2015.75,10.486578157302509,0.0,3530.2546896977206,2343.476445452027,770.0,0.02427120150209509,0.37778737628079795
28.0,Mississippi,MS,2016.0,10.49440946853152,0.0,,,712.0,0.024199608796524004,0.37378345600544627
29.0,Missouri,MO,1990.0,9.913077057854874,0.0,,,411.0,0.026030439394175726,0.43776178554902173
29.0,Missouri,MO,1990.25,9.92445368214249,0.0,,,414.0,0.02590867345350394,0.4479106347872109
29.0,Missouri,MO,1990.5,9.935656806541282,0.0,,,406.0,0.02663694406039799,0.44241380961997523
29.0,Missouri,MO,1990.75,9.946691057265918,0.0,,,437.0,0.02696576956467816,0.44478779093802967
29.0,Missouri,MO,1991.0,9.95756088095635,0.0,,,426.0,0.0278249013692272,0.4255355070782084
29.0,Missouri,MO,1991.25,9.969256906075,0.0,,,428.0,0.026445788540688943,0.434129826215627
29.0,Missouri,MO,1991.5,9.980766480682174,0.0,,,405.0,0.02706244505025606,0.4501477247424672
29.0,Missouri,MO,1991.75,9.992094772426311,0.0,,,459.0,0.026574645221954765,0.4344505771903379
29.0,Missouri,MO,1992.0,10.003246740880025,0.0,,,434.0,0.026737071028527147,0.43061839643638616
29.0,Missouri,MO,1992.25,10.008473855122189,0.0,,,441.0,0.02680638497982887,0.4364738568092492
29.0,Missouri,MO,1992.5,10.01364704878401,0.0,,,437.0,0.026879155354035306,0.43170863670381415
29.0,Missouri,MO,1992.75,10.0187672200802,0.0,,,493.0,0.02691883731848971,0.437273653512105
29.0,Missouri,MO,1993.0,10.02383524612612,0.0,,,441.0,0.026792698022736865,0.4258827174839259
29.0,Missouri,MO,1993.25,10.04553103713235,0.0,,,451.0,0.026902233331008926,0.4421120702148321
29.0,Missouri,MO,1993.5,10.066660356031706,0.0,,,452.0,0.02695024912058433,0.4374035612528084
29.0,Missouri,MO,1993.75,10.08724964096009,0.0,,,500.0,0.02711212310892532,0.4463849262994611
29.0,Missouri,MO,1994.0,10.107323536916812,0.0,,,464.0,0.027242009902531637,0.432215850624012
29.0,Missouri,MO,1994.25,10.122816277747672,0.0,,,463.0,0.027442824560698523,0.45135204762566244
29.0,Missouri,MO,1994.5,10.137996610823144,0.0,,,473.0,0.027541161406831743,0.44854609247871385
29.0,Missouri,MO,1994.75,10.15287558888177,0.0,,,501.0,0.02766491522205961,0.4563780565429832
29.0,Missouri,MO,1995.0,10.167463696563267,0.0,,,489.0,0.027828770229407464,0.4449715058952604
29.0,Missouri,MO,1995.25,10.17951413515327,0.0,,,486.0,0.02785995591083011,0.45781811191111466
29.0,Missouri,MO,1995.5,10.19136271815018,0.0,,,481.0,0.027981091232030193,0.4527194459348616
29.0,Missouri,MO,1995.75,10.203015286585556,0.0,,,522.0,0.027964685492568465,0.4573311334745173
29.0,Missouri,MO,1996.0,10.214477436545373,0.0,,,506.0,0.02807668451361885,0.44741451784906944
29.0,Missouri,MO,1996.25,10.23761687910672,0.0,,,504.0,0.028152652764171983,0.4606334882633601
29.0,Missouri,MO,1996.5,10.2601312481229,0.0,,,493.0,0.02816706262566727,0.4571258844168706
29.0,Missouri,MO,1996.75,10.282051017542562,0.0,,,544.0,0.02822931537053125,0.4636363032384597
29.0,Missouri,MO,1997.0,10.303404500087124,0.0,,,529.0,0.02819057821901181,0.4552779537836623
29.0,Missouri,MO,1997.25,10.31245156885953,0.0,,,520.0,0.02824558540945227,0.46875981849711373
29.0,Missouri,MO,1997.5,10.321384607917418,0.0,,,520.0,0.028403634731678517,0.46324155134767697
29.0,Missouri,MO,1997.75,10.33020610941203,0.0,,,571.0,0.028480545291386092,0.471769592810731
29.0,Missouri,MO,1998.0,10.338918486279942,0.0,,,543.0,0.02867977901993294,0.4640695502253356
29.0,Missouri,MO,1998.25,10.348623782087206,0.0,,,544.0,0.02890210949461711,0.4752956645645672
29.0,Missouri,MO,1998.5,10.358201108666115,0.0,,,539.0,0.028951489451233534,0.4690110013975762
29.0,Missouri,MO,1998.75,10.367653411153414,0.0,,,598.0,0.02894035103013566,0.47536355669806685
29.0,Missouri,MO,1999.0,10.376983535940296,0.0,,,559.0,0.02867628392066952,0.46465674736021745
29.0,Missouri,MO,1999.25,10.371221755417192,0.0,,,565.0,0.028875444088624795,0.47860420730231873
29.0,Missouri,MO,1999.5,10.36545017547267,0.0,,,522.0,0.028866082389005582,0.5095702333962114
29.0,Missouri,MO,1999.75,10.359668674709445,0.0,,,618.0,0.028565476563566967,0.4798980763009753
29.0,Missouri,MO,2000.0,10.35387713064928,0.0,,,601.0,0.02854500885901109,0.46897402218720824
29.0,Missouri,MO,2000.25,10.359488927743554,0.0,,,594.0,0.028656194006525488,0.48227343246614274
29.0,Missouri,MO,2000.5,10.365052658005252,0.0,,,590.0,0.028721349216205963,0.47411138760409194
29.0,Missouri,MO,2000.75,10.37056902138129,0.0,,,630.0,0.028810453429543345,0.47840958059423866
29.0,Missouri,MO,2001.0,10.376038703067747,0.0,,,625.0,0.028884931455368433,0.4662395782036096
29.0,Missouri,MO,2001.25,10.38357640357625,0.0,,,611.0,0.028817274398801926,0.47611248026820013
29.0,Missouri,MO,2001.5,10.391035526012612,0.0,,,605.0,0.02886487738962123,0.4660897296713573
29.0,Missouri,MO,2001.75,10.398417497038915,0.0,,,654.0,0.028839453168206276,0.468449399222914
29.0,Missouri,MO,2002.0,10.405723705545476,0.0,,,642.0,0.02905763613855934,0.45574773965129617
29.0,Missouri,MO,2002.25,10.41357928828527,0.0,,,626.0,0.028978777839838852,0.4669009543085141
29.0,Missouri,MO,2002.5,10.421350059013704,0.0,,,620.0,0.029226575574558065,0.45968217314926113
29.0,Missouri,MO,2002.75,10.429037614726068,0.0,,,660.0,0.02905034479183779,0.46517675381851964
29.0,Missouri,MO,2003.0,10.436643508557331,0.0,,,648.0,0.029160667060986935,0.4527014470689843
29.0,Missouri,MO,2003.25,10.449296938737888,0.0,,,639.0,0.02893012093486828,0.4622566494506239
29.0,Missouri,MO,2003.5,10.46175070550979,0.0,,,636.0,0.02894438614021086,0.45352378684717004
29.0,Missouri,MO,2003.75,10.47401044112505,0.0,,,676.0,0.028840621548052933,0.45956432174688855
29.0,Missouri,MO,2004.0,10.48608154532255,0.0,2225.6784013058345,1924.4920743645198,665.0,0.029142927630176795,0.44797767795498555
29.0,Missouri,MO,2004.25,10.502150811407471,0.0,2221.566019232056,1920.9361937381443,651.0,0.029049485829848957,0.4607317777658242
29.0,Missouri,MO,2004.5,10.51790805651458,0.0,2217.468806013083,1917.3934292658519,655.0,0.02906680605485801,0.4533180863776326
29.0,Missouri,MO,2004.75,10.533364181862328,0.0,2213.3866778760917,1913.86370851124,709.0,0.029198083053411313,0.46135451185618276
29.0,Missouri,MO,2005.0,10.548529531944055,0.0,2335.046543356994,2045.9924356250972,672.0,0.028999879108163654,0.4510711016700344
29.0,Missouri,MO,2005.25,10.555365709651252,0.0,2329.77524730757,2041.3736703701848,678.0,0.02909259587610782,0.4636284252400733
29.0,Missouri,MO,2005.5,10.562983282705249,0.0,2324.5276972310853,2036.7757115874797,691.0,0.029343581417147283,0.4568424458549142
29.0,Missouri,MO,2005.75,10.573783517011366,0.0,2319.3037330329357,2032.1984190004018,724.0,0.02940817753799015,0.4628278575173415
29.0,Missouri,MO,2006.0,10.5797100166186,0.0,2470.8770117397694,2127.5471083251864,723.0,0.0291248709501628,0.4542781903721291
29.0,Missouri,MO,2006.25,10.594675840139844,0.0,2466.1382240412468,2123.466778135923,703.0,0.029101470447806782,0.46590823613511445
29.0,Missouri,MO,2006.5,10.591471008603568,0.0,2461.4175781794797,2119.4020689638714,690.0,0.02938659111996642,0.4576740018484299
29.0,Missouri,MO,2006.75,10.593398775292746,0.0,2456.714970172989,2115.352891275844,741.0,0.02957719754577006,0.46516721873510103
29.0,Missouri,MO,2007.0,10.592782470101673,0.0,2563.743330912431,2319.7345545188778,742.0,0.029396128685110365,0.454554580023276
29.0,Missouri,MO,2007.25,10.614020031491668,0.0,2559.7972963806124,2316.164090757388,727.0,0.029596105474802126,0.46606320926820843
29.0,Missouri,MO,2007.5,10.62480559124876,0.0,2555.863390409776,2312.6046011997773,719.0,0.029735018195782968,0.45820484304260495
29.0,Missouri,MO,2007.75,10.631014205458271,0.0,2551.941557168072,2309.0560353280903,780.0,0.029763949658824247,0.4644249604948457
29.0,Missouri,MO,2008.0,10.633011281810017,0.0,2646.7760515172736,2354.613401000284,770.0,0.02955730634938105,0.45442716158252977
29.0,Missouri,MO,2008.25,10.647758585421458,0.0,2642.630488829907,2350.9254435500247,753.0,0.02953443912055011,0.463754774187122
29.0,Missouri,MO,2008.5,10.639440790207845,0.0,2638.497891965371,2347.249020698689,739.0,0.02952174016937647,0.4544722632543217
29.0,Missouri,MO,2008.75,10.67213800881043,0.0,2634.3782001900267,2343.584078416679,843.0,0.0295072326919862,0.45641491348408336
29.0,Missouri,MO,2009.0,10.64379516797826,0.0,2486.3808418865815,2453.980716271929,769.0,0.029042181561486764,0.43801483890189175
29.0,Missouri,MO,2009.25,10.636706426801004,0.0,2482.7334308735462,2450.380834813899,749.0,0.028955188203781825,0.44209815256804663
29.0,Missouri,MO,2009.5,10.643649831536102,0.0,2479.096705367458,2446.79149961956,744.0,0.029055115383978498,0.4309750399326844
29.0,Missouri,MO,2009.75,10.649800971638296,0.0,2475.470618480381,2443.2126644119726,816.0,0.029056543363306753,0.4348239373037028
29.0,Missouri,MO,2010.0,10.65579846146621,0.0,2386.8659689485767,2424.163433741631,763.0,0.02880396950160087,0.422318017535123
29.0,Missouri,MO,2010.25,10.659476082546549,0.0,2385.4140020669965,2422.688778244791,762.0,0.02887111755284194,0.43410169224189277
29.0,Missouri,MO,2010.5,10.662621327789498,0.0,2383.963800618564,2421.215915767977,764.0,0.029033962738723402,0.4261501053358358
29.0,Missouri,MO,2010.75,10.663595057012564,0.0,2382.515361385375,2419.7448430430004,839.0,0.029127025338362908,0.4327698623095433
29.0,Missouri,MO,2011.0,10.651643923758058,0.0,2507.7620523474984,2459.491438375821,787.0,0.028806213967485075,0.4222705322287951
29.0,Missouri,MO,2011.25,10.657080791741269,0.0,2506.2299319889635,2457.988809009191,774.0,0.028900346776560854,0.4343527243501414
29.0,Missouri,MO,2011.5,10.665731840834084,0.0,2504.699682589058,2456.488014588075,803.0,0.029042220540618863,0.4274284573593355
29.0,Missouri,MO,2011.75,10.678293013583556,0.0,2503.1713007227727,2454.9890517533927,825.0,0.029151704561164667,0.43462960030686587
29.0,Missouri,MO,2012.0,10.688683468356675,0.0,2601.1210846057907,2520.41992128343,837.0,0.029041153181979997,0.4261562619891465
29.0,Missouri,MO,2012.25,10.694374914258246,0.0,2599.2557886833906,2518.612497157837,790.0,0.02928203028356617,0.43613264189378675
29.0,Missouri,MO,2012.5,10.695063329330878,0.0,2597.3931660972053,2516.8076634267823,794.0,0.0294801363525704,0.4293015612642206
29.0,Missouri,MO,2012.75,10.702264406933311,0.0,2595.5332111042235,2515.0054145254353,863.0,0.029663716485876113,0.4374864788670661
29.0,Missouri,MO,2013.0,10.724440136635408,0.0,2675.055451104645,2564.2181133600466,842.0,0.029711829673800386,0.4287720638413233
29.0,Missouri,MO,2013.25,10.721142112018253,0.0,2673.0406217057684,2562.286765717217,803.0,0.029723185226314886,0.4401537449659239
29.0,Missouri,MO,2013.5,10.728061466611267,0.0,2671.02882512791,2560.3583252345306,806.0,0.029948674122109206,0.4335120316275078
29.0,Missouri,MO,2013.75,10.737672770837769,0.0,2669.0200545284906,2558.432785352922,862.0,0.03009275226134642,0.4413338379806194
29.0,Missouri,MO,2014.0,10.725655006481604,0.0,2686.427330459187,2560.4060762952217,866.0,0.03007591244247995,0.4311196466548863
29.0,Missouri,MO,2014.25,10.742491686269032,0.0,2684.735896303037,2558.793987912277,819.0,0.03024313374247918,0.4444665759841484
29.0,Missouri,MO,2014.5,10.757833988278112,0.0,2683.046590735506,2557.1839282651076,828.0,0.030585144730213905,0.4373469607130206
29.0,Missouri,MO,2014.75,10.766321665384345,0.0,2681.359409741032,2555.575893526522,892.0,0.030918491587861145,0.4461756696222048
29.0,Missouri,MO,2015.0,10.772089846087718,0.0,2847.6173611024255,2619.4155100783314,882.0,0.031245330143622563,0.4381004434128062
29.0,Missouri,MO,2015.25,10.783934828455054,0.0,2845.6508557080842,2617.606596141736,843.0,0.03130532630814109,0.4503780423764675
29.0,Missouri,MO,2015.5,10.79207297101735,0.0,2843.6870644949336,2615.8001788777638,846.0,0.031575771102201916,0.4442143737037635
29.0,Missouri,MO,2015.75,10.786919206364772,0.0,2841.725981847658,2613.9962531210986,934.0,0.03190447511751492,0.4531239675375606
29.0,Missouri,MO,2016.0,10.791683369951905,0.0,,,878.0,0.031655506318726406,0.44440062366650257
30.0,Montana,MT,1990.0,9.714037459305976,0.0,,,335.0,0.03425251560851983,0.3440785099799551
30.0,Montana,MT,1990.25,9.722961104864396,0.0,,,347.0,0.03435450731584541,0.36030782661930233
30.0,Montana,MT,1990.5,9.731753989755294,0.0,,,334.0,0.03433912008567077,0.35931657187722843
30.0,Montana,MT,1990.75,9.74041929976099,0.0,,,361.0,0.034124395678988645,0.3618853205270336
30.0,Montana,MT,1991.0,9.748960109716126,0.0,,,344.0,0.03469024799920956,0.3459020847742318
30.0,Montana,MT,1991.25,9.76295875840316,0.0,,,359.0,0.03492308306782885,0.36133517266240833
30.0,Montana,MT,1991.5,9.77662925017089,0.0,,,352.0,0.03496774588033875,0.3628852405556065
30.0,Montana,MT,1991.75,9.789984224128894,0.0,,,378.0,0.03431832771015428,0.36656961739058125
30.0,Montana,MT,1992.0,9.803035629909148,0.0,,,359.0,0.03446238056601717,0.3547787721359055
30.0,Montana,MT,1992.25,9.815825192213918,0.0,,,372.0,0.03453989995999483,0.37284212167650843
30.0,Montana,MT,1992.5,9.828310578774222,0.0,,,363.0,0.03478295224692029,0.3672880060292206
30.0,Montana,MT,1992.75,9.840503452882956,0.0,,,396.0,0.034500646269567774,0.370226302977959
30.0,Montana,MT,1993.0,9.852414850560017,0.0,,,365.0,0.03451272016582205,0.35610150878966557
30.0,Montana,MT,1993.25,9.863105541952711,0.0,,,384.0,0.034906462472342796,0.3757239171171776
30.0,Montana,MT,1993.5,9.873581106806803,0.0,,,376.0,0.03503731096141007,0.37100692215878195
30.0,Montana,MT,1993.75,9.883848531722103,0.0,,,407.0,0.03514589729747229,0.3750875094071701
30.0,Montana,MT,1994.0,9.89391448446605,0.0,,,376.0,0.03576080974705854,0.3620149710633232
30.0,Montana,MT,1994.25,9.896172548793071,0.0,,,392.0,0.036623916224120937,0.3813319053966931
30.0,Montana,MT,1994.5,9.89840578144998,0.0,,,388.0,0.037116935263447726,0.3841688729254406
30.0,Montana,MT,1994.75,9.900614595281612,0.0,,,402.0,0.03745554595935508,0.3856423653631589
30.0,Montana,MT,1995.0,9.902799393915236,0.0,,,389.0,0.037823155017437625,0.3701875414264739
30.0,Montana,MT,1995.25,9.908562096247053,0.0,,,393.0,0.037110133271215755,0.38809758186090876
30.0,Montana,MT,1995.5,9.914260338354252,0.0,,,388.0,0.03766492871879905,0.38739880958796585
30.0,Montana,MT,1995.75,9.91989528675688,0.0,,,413.0,0.036611164775981773,0.3904417758153564
30.0,Montana,MT,1996.0,9.92546807818294,0.0,,,396.0,0.037226348202659736,0.37852466674339413
30.0,Montana,MT,1996.25,9.938955994221626,0.0,,,403.0,0.038258177035794406,0.3975366623015982
30.0,Montana,MT,1996.5,9.95223752661312,0.0,,,401.0,0.03915953829670197,0.3965729023036557
30.0,Montana,MT,1996.75,9.965318521434185,0.0,,,430.0,0.038900414500165785,0.3986824712372957
30.0,Montana,MT,1997.0,9.97820458086823,0.0,,,407.0,0.03939811094941367,0.381381820088815
30.0,Montana,MT,1997.25,9.993044283768812,0.0,,,417.0,0.03920465487899302,0.39969912254056167
30.0,Montana,MT,1997.5,10.007646086604442,0.0,,,416.0,0.03975097290236863,0.4005563610084969
30.0,Montana,MT,1997.75,10.022017184725785,0.0,,,453.0,0.03972013574952385,0.4042930908396357
30.0,Montana,MT,1998.0,10.036164452527736,0.0,,,417.0,0.040056878346897404,0.39182525035548965
30.0,Montana,MT,1998.25,10.040772591307247,0.0,,,439.0,0.04018462571332662,0.4109693782402745
30.0,Montana,MT,1998.5,10.04534661415716,0.0,,,424.0,0.04029971987856563,0.41089877600974634
30.0,Montana,MT,1998.75,10.04988694586324,0.0,,,466.0,0.03996148344524557,0.4130829831659299
30.0,Montana,MT,1999.0,10.05439400358722,0.0,,,426.0,0.040279351581658976,0.3993955850297918
30.0,Montana,MT,1999.25,10.060535510172604,0.0,,,448.0,0.04056175607444775,0.4178342111814737
30.0,Montana,MT,1999.5,10.06661835955262,0.0,,,438.0,0.04089647361875999,0.41573325635103925
30.0,Montana,MT,1999.75,10.07264349902465,0.0,,,480.0,0.040941846461979604,0.4145034054472747
30.0,Montana,MT,2000.0,10.0786118538053,0.0,,,453.0,0.04176491220693692,0.406748892328789
30.0,Montana,MT,2000.25,10.088813388038346,0.0,,,468.0,0.04208961163867915,0.4248022080472858
30.0,Montana,MT,2000.5,10.098894210813173,0.0,,,453.0,0.04244024798783256,0.4216960267677822
30.0,Montana,MT,2000.75,10.108856955317894,0.0,,,492.0,0.04283109900636088,0.4214895611243292
30.0,Montana,MT,2001.0,10.118704169964216,0.0,,,466.0,0.04400850753229742,0.41262450461853745
30.0,Montana,MT,2001.25,10.131511057842234,0.0,,,487.0,0.044172826251531294,0.4284531068624887
30.0,Montana,MT,2001.5,10.144123485765329,0.0,,,472.0,0.04494487052877224,0.4250247989143464
30.0,Montana,MT,2001.75,10.156546830165013,0.0,,,513.0,0.04504165611832304,0.4237375348781783
30.0,Montana,MT,2002.0,10.168786249061792,0.0,,,479.0,0.045794133164850766,0.4118886976640959
30.0,Montana,MT,2002.25,10.184706684661528,0.0,,,502.0,0.046139815483423635,0.4293354559370472
30.0,Montana,MT,2002.5,10.200310013994976,0.0,,,490.0,0.04695142295324024,0.42812098019418293
30.0,Montana,MT,2002.75,10.215607462104344,0.0,,,528.0,0.046067122782727524,0.42812721157397454
30.0,Montana,MT,2003.0,10.230609674881569,0.0,,,492.0,0.045207311636201515,0.41599882561464935
30.0,Montana,MT,2003.25,10.24790408718304,0.0,,,521.0,0.045509513814284426,0.4309491802296566
30.0,Montana,MT,2003.5,10.264809886884365,0.0,,,507.0,0.045654314166169725,0.42887395864814704
30.0,Montana,MT,2003.75,10.281342363771197,0.0,,,549.0,0.04513624844561101,0.4286487942146673
30.0,Montana,MT,2004.0,10.297515935368342,0.0,2618.6983136722333,1478.6523571277266,515.0,0.045339346178370314,0.41632966275953603
30.0,Montana,MT,2004.25,10.315145296145522,0.0,2611.612627874264,1474.6514128599842,528.0,0.045092274288637206,0.4388384423166062
30.0,Montana,MT,2004.5,10.332376542606909,0.0,2604.56518356397,1470.672061711845,524.0,0.044301113677209535,0.4362004893470673
30.0,Montana,MT,2004.75,10.34922548384864,0.0,2597.5556719902197,1466.7141293464683,572.0,0.04359847106176414,0.43669540647474503
30.0,Montana,MT,2005.0,10.365707017787392,0.0,2945.18679887927,1566.803389419446,533.0,0.041977359903499836,0.4242181522146888
30.0,Montana,MT,2005.25,10.369508171873267,0.0,2935.359096400263,1561.5751717864678,553.0,0.04241719714667222,0.4413618383400504
30.0,Montana,MT,2005.5,10.38942110320552,0.0,2925.5967633033492,1556.3817298660076,564.0,0.04274210505739135,0.44197766194666016
30.0,Montana,MT,2005.75,10.421005007917504,0.0,2915.899149539595,1551.2227178399748,591.0,0.04270258002652851,0.44277299975584783
30.0,Montana,MT,2006.0,10.421079416237513,0.0,3263.937348062123,1667.4864489257811,572.0,0.04231063134780181,0.4327470648086335
30.0,Montana,MT,2006.25,10.43707670314326,0.0,3253.6796500559017,1662.2459768828044,575.0,0.042932084539479366,0.45159293240716664
30.0,Montana,MT,2006.5,10.4573509286929,0.0,3243.4862245605764,1657.0383405010332,581.0,0.04297282045772448,0.44842367972985614
30.0,Montana,MT,2006.75,10.465222702518371,0.0,3233.356469386323,1651.8632321325983,625.0,0.04305593465754742,0.4481257630781522
30.0,Montana,MT,2007.0,10.496259951656418,0.0,3500.0497560914932,1784.4638677483088,599.0,0.04323389716659791,0.439294458622627
30.0,Montana,MT,2007.25,10.520391423298651,0.0,3489.4615289418794,1779.0655705557865,611.0,0.043635333944963134,0.4558507402813342
30.0,Montana,MT,2007.5,10.524483546846474,0.0,3478.9371708409726,1773.6998363316868,609.0,0.04399931791990298,0.45396311375402837
30.0,Montana,MT,2007.75,10.54289106681262,0.0,3468.476105631529,1768.3663713282472,659.0,0.04392556557594073,0.45315105403226696
30.0,Montana,MT,2008.0,10.535761082665989,0.0,3657.763348576169,1851.7853576604211,625.0,0.043699656396102064,0.4394005963994135
30.0,Montana,MT,2008.25,10.544301064018466,0.0,3650.690338178695,1848.2045636504092,630.0,0.04384923235989121,0.45298982144404093
30.0,Montana,MT,2008.5,10.54605148844841,0.0,3643.6446291235907,1844.6375912634023,629.0,0.04391661484893111,0.45033123392863794
30.0,Montana,MT,2008.75,10.52327658706381,0.0,3636.6260636433362,1841.0843606277529,678.0,0.043841184656909074,0.4447130325683748
30.0,Montana,MT,2009.0,10.507699631423044,0.0,3673.446262228374,2015.63544861593,628.0,0.043241644664231665,0.4206391309326119
30.0,Montana,MT,2009.25,10.49800727231799,0.0,3667.241838924544,2012.2310553958605,636.0,0.04325687676644802,0.4331284678478031
30.0,Montana,MT,2009.5,10.510605661777264,0.0,3661.058338730988,2008.8381427745953,637.0,0.04311810406340856,0.42906654417915047
30.0,Montana,MT,2009.75,10.51197942261872,0.0,3654.895655987694,2005.4566527760398,696.0,0.042803859041104377,0.4265319819358655
30.0,Montana,MT,2010.0,10.558317067512029,0.0,3537.0573194527587,1981.1939945954186,633.0,0.042294837383068135,0.41111394877996504
30.0,Montana,MT,2010.25,10.5548271349281,0.0,3530.659911571124,1977.6106469334043,658.0,0.04251256504197752,0.4281579198389955
30.0,Montana,MT,2010.5,10.56206708370561,0.0,3524.2856036474423,1974.0402381337938,647.0,0.04255952590494563,0.42571461427642737
30.0,Montana,MT,2010.75,10.572088566802115,0.0,3517.9342707921282,1970.482698242817,722.0,0.042336244234588254,0.42316298302788613
30.0,Montana,MT,2011.0,10.61081878936203,0.0,3361.35739776974,1971.735411461575,655.0,0.04192735971682296,0.40969405668284525
30.0,Montana,MT,2011.25,10.621808982651835,0.0,3355.157816658035,1968.0988051244183,682.0,0.04194606241742544,0.42641228805290304
30.0,Montana,MT,2011.5,10.624564805392875,0.0,3348.9810620678704,1964.475588574635,687.0,0.04202161040071053,0.4269968752137401
30.0,Montana,MT,2011.75,10.643553355508082,0.0,3342.8270081618894,1960.8656879974108,727.0,0.04194339525326225,0.426762385792228
30.0,Montana,MT,2012.0,10.649107698212454,0.0,3426.9784201290095,1969.036884348923,706.0,0.04164262492091095,0.41380752277831057
30.0,Montana,MT,2012.25,10.638667438261812,0.0,3419.22458660285,1964.5817689859457,700.0,0.04195238494633368,0.43125316695046184
30.0,Montana,MT,2012.5,10.647692794248789,0.0,3411.5057612985324,1960.1467682754726,689.0,0.04216270283385574,0.43076917998260306
30.0,Montana,MT,2012.75,10.644990764574736,0.0,3403.8217076591754,1955.7317462991628,757.0,0.04225152403401267,0.4306701006734454
30.0,Montana,MT,2013.0,10.656183694731071,0.0,3552.7982459080713,2009.7050814639256,707.0,0.04207178447699628,0.41832903814795025
30.0,Montana,MT,2013.25,10.64939922246428,0.0,3545.324436047045,2005.4773846976086,717.0,0.04238762814485383,0.43452901993182663
30.0,Montana,MT,2013.5,10.65785755185,0.0,3537.8820045936022,2001.2674376994485,706.0,0.0424832157770959,0.43259288202668295
30.0,Montana,MT,2013.75,10.664060093766548,0.0,3530.4707543507516,1997.075128921371,760.0,0.04258036231466979,0.43188620548472517
30.0,Montana,MT,2014.0,10.674842977089677,0.0,3554.2030391047906,2063.2359827817304,731.0,0.04238576471818917,0.41825183528259297
30.0,Montana,MT,2014.25,10.6945925432898,0.0,3546.2238646622477,2058.604024606687,734.0,0.0425803172844269,0.4343900539277202
30.0,Montana,MT,2014.5,10.696101832669235,0.0,3538.2804364117687,2053.992817308535,732.0,0.04286451185922703,0.4330851509046493
30.0,Montana,MT,2014.75,10.69364406644276,0.0,3530.372514679227,2049.4022217550205,794.0,0.043268822258141736,0.42987368233308715
30.0,Montana,MT,2015.0,10.692534637350102,0.0,3690.094596021793,2145.421883917126,749.0,0.0428661538476445,0.42316741806700364
30.0,Montana,MT,2015.25,10.711518135158803,0.0,3680.7800636860648,2140.0064125812232,754.0,0.04327211742513843,0.4362046829561693
30.0,Montana,MT,2015.5,10.699604937997588,0.0,3671.512436415239,2134.6182118613146,759.0,0.04369338949856671,0.43683909727514425
30.0,Montana,MT,2015.75,10.688815554484274,0.0,3662.29136080034,2129.2570762853356,818.0,0.044031769148864815,0.43614039988624
30.0,Montana,MT,2016.0,10.690835096848412,0.0,,,751.0,0.04346583278977861,0.424136707209454
31.0,Nebraska,NE,1990.0,9.96778658139618,0.0,,,350.0,0.027167659294665098,0.43649604424043936
31.0,Nebraska,NE,1990.25,9.97936437077838,0.0,,,346.0,0.027189204559164244,0.45120268697966437
31.0,Nebraska,NE,1990.5,9.990758579889729,0.0,,,351.0,0.02741584080206975,0.4513243153566494
31.0,Nebraska,NE,1990.75,10.001974263145726,0.0,,,382.0,0.0274298259950636,0.4522465190560873
31.0,Nebraska,NE,1991.0,10.013016272861648,0.0,,,364.0,0.0290296687989804,0.43965681633382814
31.0,Nebraska,NE,1991.25,10.028643360267164,0.0,,,361.0,0.029140031540240058,0.4500072193771834
31.0,Nebraska,NE,1991.5,10.043954932832555,0.0,,,370.0,0.029246110650747007,0.45058443379060065
31.0,Nebraska,NE,1991.75,10.05896219250233,0.0,,,395.0,0.028630784110664314,0.44878053837310433
31.0,Nebraska,NE,1992.0,10.073675763102663,0.0,,,378.0,0.028432319674974112,0.43983312723458917
31.0,Nebraska,NE,1992.25,10.078945326625256,0.0,,,376.0,0.02856863805210961,0.45286891367448884
31.0,Nebraska,NE,1992.5,10.08416481364722,0.0,,,385.0,0.0286568001440717,0.45337794695974426
31.0,Nebraska,NE,1992.75,10.089335004702104,0.0,,,427.0,0.028778490787563206,0.4554693563251376
31.0,Nebraska,NE,1993.0,10.09445666301304,0.0,,,380.0,0.028797544276232014,0.44333729087080176
31.0,Nebraska,NE,1993.25,10.118418753663391,0.0,,,385.0,0.028843684999457473,0.4605697331204563
31.0,Nebraska,NE,1993.5,10.141724769831692,0.0,,,400.0,0.029124271625185206,0.4615958128192742
31.0,Nebraska,NE,1993.75,10.164407371652429,0.0,,,435.0,0.02935051560415381,0.46571363693725626
31.0,Nebraska,NE,1994.0,10.186496852170231,0.0,,,405.0,0.029201832046910358,0.45336246418891696
31.0,Nebraska,NE,1994.25,10.192954962861071,0.0,,,397.0,0.029296719026059022,0.47180677551274963
31.0,Nebraska,NE,1994.5,10.199336798356214,0.0,,,420.0,0.029238784927214018,0.4728383079497889
31.0,Nebraska,NE,1994.75,10.20564382971537,0.0,,,440.0,0.02944863833179249,0.4755640820086645
31.0,Nebraska,NE,1995.0,10.211877487760074,0.0,,,425.0,0.02884262567350959,0.4676719420894408
31.0,Nebraska,NE,1995.25,10.230715205197209,0.0,,,414.0,0.028871060854971077,0.47963805626405503
31.0,Nebraska,NE,1995.5,10.249112493491426,0.0,,,426.0,0.028978614911076603,0.47934628183834666
31.0,Nebraska,NE,1995.75,10.26708762774074,0.0,,,456.0,0.029095811872998343,0.4830680227981182
31.0,Nebraska,NE,1996.0,10.28465778063503,0.0,,,441.0,0.029113243395031487,0.4744659664384353
31.0,Nebraska,NE,1996.25,10.290884757497176,0.0,,,434.0,0.029175098596555153,0.4861884317549635
31.0,Nebraska,NE,1996.5,10.297049921563984,0.0,,,444.0,0.029379570841609234,0.4857975924544818
31.0,Nebraska,NE,1996.75,10.303154304121726,0.0,,,477.0,0.029454355670003568,0.4879307283901733
31.0,Nebraska,NE,1997.0,10.30919891169077,0.0,,,466.0,0.029091245468205393,0.4792524747719723
31.0,Nebraska,NE,1997.25,10.31663040854485,0.0,,,455.0,0.029276380555641912,0.4920560902156948
31.0,Nebraska,NE,1997.5,10.323986663497786,0.0,,,466.0,0.02947401037302564,0.4933086632484131
31.0,Nebraska,NE,1997.75,10.331269009557667,0.0,,,504.0,0.0297301422850703,0.4957391638196957
31.0,Nebraska,NE,1998.0,10.33847874523942,0.0,,,476.0,0.029619958769111745,0.4859998569027143
31.0,Nebraska,NE,1998.25,10.34582529360874,0.0,,,478.0,0.029590360253773,0.501655719815577
31.0,Nebraska,NE,1998.5,10.353099143098644,0.0,,,484.0,0.029945479888724865,0.5041292955907521
31.0,Nebraska,NE,1998.75,10.36030155710738,0.0,,,528.0,0.029983078095090415,0.5069294055248463
31.0,Nebraska,NE,1999.0,10.367433766925728,0.0,,,492.0,0.029744293051706863,0.49260073535105153
31.0,Nebraska,NE,1999.25,10.373666983596197,0.0,,,494.0,0.030038757419327627,0.5090158646099147
31.0,Nebraska,NE,1999.5,10.37984522860314,0.0,,,507.0,0.03022011452695034,0.5109403971546894
31.0,Nebraska,NE,1999.75,10.385969342331167,0.0,,,557.0,0.030414429910560918,0.5119748735458651
31.0,Nebraska,NE,2000.0,10.39204014644167,0.0,,,534.0,0.029976893722794693,0.5022814531280998
31.0,Nebraska,NE,2000.25,10.4011719478192,0.0,,,516.0,0.03033304495244047,0.5181507011697692
31.0,Nebraska,NE,2000.5,10.410205330083585,0.0,,,522.0,0.030412481623086296,0.5175810661677621
31.0,Nebraska,NE,2000.75,10.419142238494334,0.0,,,555.0,0.03064192484339464,0.5184091316462709
31.0,Nebraska,NE,2001.0,10.427984561566408,0.0,,,544.0,0.03044476333789966,0.5051408002468453
31.0,Nebraska,NE,2001.25,10.43892009110886,0.0,,,528.0,0.03061006417143355,0.5182461743953076
31.0,Nebraska,NE,2001.5,10.449710942296386,0.0,,,538.0,0.03076451918258255,0.5161171511034394
31.0,Nebraska,NE,2001.75,10.46036058344327,0.0,,,574.0,0.030415750866944195,0.512524393969413
31.0,Nebraska,NE,2002.0,10.470872360633711,0.0,,,562.0,0.03121810434810784,0.4964361732083853
31.0,Nebraska,NE,2002.25,10.48899402075748,0.0,,,546.0,0.03131817793812655,0.509540114884738
31.0,Nebraska,NE,2002.5,10.506740450077295,0.0,,,563.0,0.031516598955561616,0.5068263466145169
31.0,Nebraska,NE,2002.75,10.524125893757883,0.0,,,594.0,0.031201771948214205,0.5055987321448054
31.0,Nebraska,NE,2003.0,10.541163804775206,0.0,,,579.0,0.031494102009440694,0.49417965620314236
31.0,Nebraska,NE,2003.25,10.547932285649631,0.0,,,565.0,0.03156160273952346,0.5055260370014266
31.0,Nebraska,NE,2003.5,10.554634655374418,0.0,,,580.0,0.031562955757332326,0.5036410892581726
31.0,Nebraska,NE,2003.75,10.561272026217011,0.0,,,613.0,0.03117499645400374,0.5056206605080595
31.0,Nebraska,NE,2004.0,10.567845483247174,0.0,2850.548483168226,2388.531299839371,595.0,0.031320989842057424,0.49243994504688354
31.0,Nebraska,NE,2004.25,10.580504874468394,0.0,2845.6168798051017,2384.399011242713,579.0,0.03144256161579387,0.5066075744332029
31.0,Nebraska,NE,2004.5,10.592963094169288,0.0,2840.7023108537005,2380.2809961186226,601.0,0.031723218225013936,0.5065546487520034
31.0,Nebraska,NE,2004.75,10.60522584405303,0.0,2835.8046882075146,2376.1771806409024,648.0,0.0313694001061437,0.506458875620848
31.0,Nebraska,NE,2005.0,10.61729858946613,0.0,3016.1635245475863,2442.1211049465314,600.0,0.031765594832122906,0.4954925649414485
31.0,Nebraska,NE,2005.25,10.62656497787676,0.0,3011.378476174066,2438.2467567800413,598.0,0.03196629137060902,0.5087341731017169
31.0,Nebraska,NE,2005.5,10.641077022939228,0.0,3006.6085864087668,2434.384682204409,633.0,0.032302734148418735,0.5085633011618881
31.0,Nebraska,NE,2005.75,10.658023548638146,0.0,3001.853783333917,2430.534822989399,663.0,0.03236239006403773,0.5088108854729907
31.0,Nebraska,NE,2006.0,10.663551581983931,0.0,3147.545006382944,2641.89343558078,649.0,0.032174775891821085,0.4986272298700339
31.0,Nebraska,NE,2006.25,10.698748564779754,0.0,3142.7817062800227,2637.895357317216,632.0,0.03237504539521756,0.5107829278027232
31.0,Nebraska,NE,2006.5,10.683125840492004,0.0,3138.0328013603544,2633.909361657733,632.0,0.032560087038364424,0.5101813308632345
31.0,Nebraska,NE,2006.75,10.689668733377676,0.0,3133.2982264668058,2629.9353939126604,687.0,0.03227229825356208,0.5119453429796258
31.0,Nebraska,NE,2007.0,10.716834638727294,0.0,3170.4071905979454,2793.4278697348946,666.0,0.0326913156596241,0.5013743103216256
31.0,Nebraska,NE,2007.25,10.728443848758433,0.0,3164.6676549086023,2788.3707972549,654.0,0.03289799009276732,0.5154738593963254
31.0,Nebraska,NE,2007.5,10.730942958387972,0.0,3158.948862763414,2783.332001794505,666.0,0.03308380481912768,0.5169329837438663
31.0,Nebraska,NE,2007.75,10.75259985027082,0.0,3153.250701909802,2778.3113844485956,723.0,0.032762018209920175,0.5163570753446857
31.0,Nebraska,NE,2008.0,10.755249041158184,0.0,3227.0045614007745,2921.0656109126253,687.0,0.03287225739794186,0.5054216503059675
31.0,Nebraska,NE,2008.25,10.769179580700142,0.0,3219.6985843989096,2914.452283361268,676.0,0.03304666030808614,0.5163713546178693
31.0,Nebraska,NE,2008.5,10.771871893097032,0.0,3212.425614307988,2907.868833472197,694.0,0.033290099557752,0.5137916298265209
31.0,Nebraska,NE,2008.75,10.74243745899176,0.0,3205.1854279544186,2901.3150592299844,730.0,0.03289659291606647,0.51251089639396
31.0,Nebraska,NE,2009.0,10.771992755320833,0.0,3107.553830427052,3027.175187277643,699.0,0.032835857124494466,0.49344148976958463
31.0,Nebraska,NE,2009.25,10.761874191889277,0.0,3100.1279564122674,3019.941387707929,674.0,0.03285205211816018,0.4995207367354146
31.0,Nebraska,NE,2009.5,10.77150957052113,0.0,3092.737487831942,3012.742077791022,689.0,0.032980173682733906,0.49589895940796114
31.0,Nebraska,NE,2009.75,10.793523963336918,0.0,3085.382172076711,3005.5770114514416,757.0,0.032565430744987287,0.49327302434287174
31.0,Nebraska,NE,2010.0,10.7972924631127,0.0,3077.388007219471,3095.482038478709,694.0,0.032373961162830985,0.4787236348422348
31.0,Nebraska,NE,2010.25,10.820580424438443,0.0,3072.2542958438366,3090.318142565445,697.0,0.0325932609572044,0.4930441488567601
31.0,Nebraska,NE,2010.5,10.835069504676632,0.0,3067.1376840995404,3085.171446823737,707.0,0.03274647676382377,0.4921315254367749
31.0,Nebraska,NE,2010.75,10.84704257176877,0.0,3062.038086694124,3080.0418654596365,772.0,0.032433769658415906,0.49162881104813166
31.0,Nebraska,NE,2011.0,10.890110443627918,0.0,3270.552352705855,3110.056381131455,721.0,0.03255308766351315,0.47836063550858726
31.0,Nebraska,NE,2011.25,10.890289526808624,0.0,3264.5974154813757,3104.3936708253786,714.0,0.032707291521900085,0.4915714582294287
31.0,Nebraska,NE,2011.5,10.896977503503004,0.0,3258.6641240365084,3098.7515440745397,746.0,0.032353093881895334,0.49029459463942027
31.0,Nebraska,NE,2011.75,10.916451418315807,0.0,3252.752360564025,3093.129888852869,762.0,0.03282291363281903,0.491932878221322
31.0,Nebraska,NE,2012.0,10.891214113751746,0.0,3225.9052391922296,3170.116261838365,764.0,0.03516954290102251,0.4844681548541226
31.0,Nebraska,NE,2012.25,10.914214242925429,0.0,3220.337360104598,3164.644673948799,718.0,0.03589208543500884,0.4978022792818212
31.0,Nebraska,NE,2012.5,10.916271054967496,0.0,3214.788668103721,3159.1919413234864,741.0,0.03595268244849211,0.4972841312137671
31.0,Nebraska,NE,2012.75,10.924293293250669,0.0,3209.2590641812358,3153.7579666663178,797.0,0.036357242244822084,0.49896502918173646
31.0,Nebraska,NE,2013.0,10.961565846539475,0.0,3535.89209653,3247.6009588137167,777.0,0.03675345547023134,0.4875041854891033
31.0,Nebraska,NE,2013.25,10.946097505054572,0.0,3529.9479538848395,3242.1414586856745,736.0,0.03728684881248679,0.5000455466952467
31.0,Nebraska,NE,2013.5,10.950183482534593,0.0,3524.023762942355,3236.700283542381,765.0,0.03646634507683807,0.5009161612045466
31.0,Nebraska,NE,2013.75,10.944904638460494,0.0,3518.11942341807,3231.2773412758315,796.0,0.036982990135508625,0.5032279489751101
31.0,Nebraska,NE,2014.0,10.976727668597825,0.0,3558.6347676548057,3511.8334843938137,798.0,0.03731982383069886,0.49218995168722596
31.0,Nebraska,NE,2014.25,10.99608486551988,0.0,3552.6763254258876,3505.953404447275,756.0,0.037763095048559146,0.5049012011533903
31.0,Nebraska,NE,2014.5,10.993851148703987,0.0,3546.7378030204695,3500.0929823492484,778.0,0.036880879279241094,0.5038825649706439
31.0,Nebraska,NE,2014.75,11.00644875265175,0.0,3540.819100713526,3494.252119686239,837.0,0.037221849032851834,0.5057201996533747
31.0,Nebraska,NE,2015.0,11.01341590031358,0.0,3656.6311025919267,3644.6929793295367,817.0,0.037361552251731336,0.4952001260276046
31.0,Nebraska,NE,2015.25,11.023024222240604,0.0,3650.197650074568,3638.280530667092,786.0,0.037749668540620694,0.5078995677311978
31.0,Nebraska,NE,2015.5,11.021472835284085,0.0,3643.786795745513,3631.890606414671,812.0,0.03684514195524669,0.5072878279184923
31.0,Nebraska,NE,2015.75,11.0129169103999,0.0,3637.3984207456933,3625.5230881012535,880.0,0.03722807527609899,0.5101979007621642
31.0,Nebraska,NE,2016.0,11.014554322425091,0.0,,,816.0,0.037488018557864336,0.4980155026402869
32.0,Nevada,NV,1990.0,10.141676745296117,0.0,,,419.0,0.023511196490523842,0.48831908598516965
32.0,Nevada,NV,1990.25,10.140806148872802,0.0,,,418.0,0.023549409308434258,0.49869416450730525
32.0,Nevada,NV,1990.5,10.139960935168256,0.0,,,427.0,0.023272593773367354,0.49973392835905184
32.0,Nevada,NV,1990.75,10.139140009772447,0.0,,,456.0,0.023173846122530147,0.48930271254044333
32.0,Nevada,NV,1991.0,10.138342340315775,0.0,,,424.0,0.02453842895729036,0.47484655445410623
32.0,Nevada,NV,1991.25,10.152351511757828,0.0,,,430.0,0.02448147667503836,0.4797712924723467
32.0,Nevada,NV,1991.5,10.165881045473418,0.0,,,446.0,0.025049687672093847,0.4758874093591858
32.0,Nevada,NV,1991.75,10.178956336478931,0.0,,,477.0,0.024842849111222757,0.47007678612725984
32.0,Nevada,NV,1992.0,10.191600946959426,0.0,,,455.0,0.024672054297611233,0.4567069246671457
32.0,Nevada,NV,1992.25,10.20786231061964,0.0,,,452.0,0.024601688173199868,0.46435863299883606
32.0,Nevada,NV,1992.5,10.223519521754408,0.0,,,467.0,0.024444523275689193,0.46627321831532964
32.0,Nevada,NV,1992.75,10.2386074520517,0.0,,,529.0,0.024319374783796345,0.4662918062366443
32.0,Nevada,NV,1993.0,10.2531582226267,0.0,,,462.0,0.024609290575851307,0.452899569992288
32.0,Nevada,NV,1993.25,10.269227774473093,0.0,,,475.0,0.024623304295891307,0.46340968911313674
32.0,Nevada,NV,1993.5,10.28456819366392,0.0,,,493.0,0.02456749033589611,0.4630182605838444
32.0,Nevada,NV,1993.75,10.299229692989584,0.0,,,531.0,0.024591186251599013,0.471706535339479
32.0,Nevada,NV,1994.0,10.31325784364391,0.0,,,475.0,0.0243453936442255,0.46863043015242245
32.0,Nevada,NV,1994.25,10.321938412920789,0.0,,,484.0,0.02466266807380641,0.48058844583871757
32.0,Nevada,NV,1994.5,10.330315403697464,0.0,,,500.0,0.024746857711897524,0.4866016461984622
32.0,Nevada,NV,1994.75,10.338404746622931,0.0,,,518.0,0.024602692619128154,0.4890282432889518
32.0,Nevada,NV,1995.0,10.346221259012632,0.0,,,501.0,0.02461402472720283,0.4771188437539386
32.0,Nevada,NV,1995.25,10.358820733090884,0.0,,,498.0,0.02468611245514388,0.48531177556763677
32.0,Nevada,NV,1995.5,10.370940746281454,0.0,,,511.0,0.024587594807472402,0.4888244643150739
32.0,Nevada,NV,1995.75,10.382608997329363,0.0,,,541.0,0.024567596144874478,0.49108203614962787
32.0,Nevada,NV,1996.0,10.393851034440209,0.0,,,523.0,0.02448989389793077,0.4819286411573607
32.0,Nevada,NV,1996.25,10.404835699735129,0.0,,,522.0,0.02457288589905404,0.4935544007863891
32.0,Nevada,NV,1996.5,10.415392926089227,0.0,,,529.0,0.024531661392294363,0.496724603139437
32.0,Nevada,NV,1996.75,10.42554774185488,0.0,,,564.0,0.024497918556405915,0.49884249279647686
32.0,Nevada,NV,1997.0,10.435323219769389,0.0,,,534.0,0.024486651580632433,0.48967823514562253
32.0,Nevada,NV,1997.25,10.441970941667616,0.0,,,538.0,0.024511080605522102,0.4942362583385196
32.0,Nevada,NV,1997.5,10.448412646352596,0.0,,,550.0,0.02462724217958447,0.4955321586986961
32.0,Nevada,NV,1997.75,10.454657892262006,0.0,,,592.0,0.02460949602228498,0.4939043597908537
32.0,Nevada,NV,1998.0,10.460715648206412,0.0,,,554.0,0.024690385394705673,0.48128894071541106
32.0,Nevada,NV,1998.25,10.475413129391857,0.0,,,563.0,0.024643825546672795,0.4890764627812469
32.0,Nevada,NV,1998.5,10.4895881676247,0.0,,,573.0,0.02437703756874835,0.4910410114568926
32.0,Nevada,NV,1998.75,10.503269484291964,0.0,,,633.0,0.024378684779123836,0.4962203827392741
32.0,Nevada,NV,1999.0,10.516483648889963,0.0,,,578.0,0.024329127035567975,0.48817898353489586
32.0,Nevada,NV,1999.25,10.513008077536142,0.0,,,584.0,0.024323987475224965,0.497236551600569
32.0,Nevada,NV,1999.5,10.509594635159768,0.0,,,593.0,0.024369039871160927,0.4968079851087364
32.0,Nevada,NV,1999.75,10.506241651237568,0.0,,,644.0,0.024696465660302085,0.501800893453391
32.0,Nevada,NV,2000.0,10.502947515263388,0.0,,,613.0,0.02456778754679278,0.4902215456729384
32.0,Nevada,NV,2000.25,10.505125650987871,0.0,,,610.0,0.024345947611060327,0.4976368003323759
32.0,Nevada,NV,2000.5,10.507257046774717,0.0,,,613.0,0.02434505506249484,0.4984568575920825
32.0,Nevada,NV,2000.75,10.509343195809352,0.0,,,646.0,0.024329746024086298,0.5001748469457755
32.0,Nevada,NV,2001.0,10.511385528152056,0.0,,,627.0,0.023134303819245052,0.4930724169553391
32.0,Nevada,NV,2001.25,10.515670288392002,0.0,,,628.0,0.02315931962591044,0.49595425884021405
32.0,Nevada,NV,2001.5,10.519861634102872,0.0,,,632.0,0.023370683419978982,0.492366522400299
32.0,Nevada,NV,2001.75,10.52396262286117,0.0,,,660.0,0.02368415313073246,0.4819299938173152
32.0,Nevada,NV,2002.0,10.527976178776328,0.0,,,647.0,0.023385872882903645,0.46973559095607625
32.0,Nevada,NV,2002.25,10.53933585417952,0.0,,,635.0,0.02369244202798492,0.4766224682466265
32.0,Nevada,NV,2002.5,10.550378358381256,0.0,,,646.0,0.02404219560213004,0.4749680865648678
32.0,Nevada,NV,2002.75,10.56111743798639,0.0,,,686.0,0.024503099152823865,0.47693856845457666
32.0,Nevada,NV,2003.0,10.57156602426622,0.0,,,662.0,0.025007448251328456,0.46913429827096814
32.0,Nevada,NV,2003.25,10.592814305937342,0.0,,,658.0,0.025183959303059618,0.4719505412284248
32.0,Nevada,NV,2003.5,10.613184042025752,0.0,,,675.0,0.025566084709880497,0.47286832502298115
32.0,Nevada,NV,2003.75,10.63273259321785,0.0,,,721.0,0.02596000911330866,0.47729288792970403
32.0,Nevada,NV,2004.0,10.651512156444545,0.0,2419.9794392857966,2419.504633406387,696.0,0.026440805686759394,0.4700252860414175
32.0,Nevada,NV,2004.25,10.679471467185223,0.0,2398.024920574367,2397.5544222251765,685.0,0.02646363156515985,0.4813876688534915
32.0,Nevada,NV,2004.5,10.706187676062155,0.0,2376.4651716643666,2375.998903390595,703.0,0.02655887526381932,0.4842357863690474
32.0,Nevada,NV,2004.75,10.731750818150898,0.0,2355.28963974741,2354.8275261647445,768.0,0.026775209431514218,0.4909653994529098
32.0,Nevada,NV,2005.0,10.756241806277556,0.0,2825.8786592729125,2574.3482188341723,716.0,0.027097502079441876,0.48237761239093807
32.0,Nevada,NV,2005.25,10.787768779535426,0.0,2799.828945399913,2550.6171805993777,738.0,0.027167902677713313,0.4945298885731433
32.0,Nevada,NV,2005.5,10.785876530910128,0.0,2774.2551113556324,2527.3196643013516,751.0,0.02735246077491306,0.49561559922722764
32.0,Nevada,NV,2005.75,10.798779896459244,0.0,2749.1442350124503,2504.4438980063933,775.0,0.027606876999539107,0.4992442921751149
32.0,Nevada,NV,2006.0,10.813807248650557,0.0,2965.437645531023,2657.6733746706846,765.0,0.02775485222332952,0.4942466768516911
32.0,Nevada,NV,2006.25,10.832115421838216,0.0,2942.571014036125,2637.179928185987,748.0,0.027846466620369305,0.5020116931322761
32.0,Nevada,NV,2006.5,10.82443395219129,0.0,2920.054335415801,2617.0001151504857,751.0,0.02830242811389359,0.49912036738860166
32.0,Nevada,NV,2006.75,10.830609150200615,0.0,2897.8796371135268,2597.126790429556,817.0,0.028754950912629768,0.49770056591174106
32.0,Nevada,NV,2007.0,10.822645294512157,0.0,2938.189331168072,2968.020877545873,801.0,0.028435199025632508,0.4894221818286204
32.0,Nevada,NV,2007.25,10.823965227120556,0.0,2923.421459969861,2953.103067598012,776.0,0.028568078749557944,0.49421900255583756
32.0,Nevada,NV,2007.5,10.830510443573932,0.0,2908.801298341942,2938.334466921245,792.0,0.028697345729596084,0.4880972000568887
32.0,Nevada,NV,2007.75,10.836084549646554,0.0,2894.326641205488,2923.712848048497,872.0,0.028998021390343954,0.4887684062235154
32.0,Nevada,NV,2008.0,10.800222383004776,0.0,2854.021472473555,3095.371623022049,839.0,0.028904180311497836,0.4762457463926772
32.0,Nevada,NV,2008.25,10.786632161800458,0.0,2845.7011400532897,3086.3476822016323,796.0,0.028912348862976143,0.4779530987346362
32.0,Nevada,NV,2008.5,10.782726285623603,0.0,2837.4291791667565,3077.3762034507267,809.0,0.029042980951783294,0.4694811108540586
32.0,Nevada,NV,2008.75,10.759430996566422,0.0,2829.205169213528,3068.4567306008566,863.0,0.02901371686064837,0.45688376273916953
32.0,Nevada,NV,2009.0,10.728702116002223,0.0,2577.7737632069548,2974.286549718494,810.0,0.028418070783505577,0.4323219718909684
32.0,Nevada,NV,2009.25,10.70547529099459,0.0,2573.3120801273258,2969.1385711944445,798.0,0.028197465176835145,0.4257279807158173
32.0,Nevada,NV,2009.5,10.693934935902895,0.0,2568.8658151738255,2964.0083824104495,805.0,0.027935305252518167,0.4167983030277384
32.0,Nevada,NV,2009.75,10.698737649241185,0.0,2564.434888564259,2958.895891312228,875.0,0.027685907576967084,0.4164121470187133
32.0,Nevada,NV,2010.0,10.698602322798896,0.0,2596.848499824658,2738.3697014446134,779.0,0.027257957358531325,0.4055225668729836
32.0,Nevada,NV,2010.25,10.708691237100268,0.0,2593.2283860586276,2734.5523012946437,796.0,0.026748228773471862,0.4120509311878059
32.0,Nevada,NV,2010.5,10.718431286603408,0.0,2589.618351417268,2730.7455295543086,814.0,0.026210777025425593,0.40823538214504784
32.0,Nevada,NV,2010.75,10.725471338298236,0.0,2586.018353865631,2726.949341897869,880.0,0.02636258071039979,0.41059634729579925
32.0,Nevada,NV,2011.0,10.71306756495642,0.0,2802.0382735446387,2537.845164342426,802.0,0.026192815644911913,0.4043467326177353
32.0,Nevada,NV,2011.25,10.734197382723169,0.0,2793.256361422415,2529.891263989427,816.0,0.02619103455521612,0.4106940215271741
32.0,Nevada,NV,2011.5,10.729933003493365,0.0,2784.5293243725396,2521.9870647551866,845.0,0.026245196441418518,0.4076086320751958
32.0,Nevada,NV,2011.75,10.730111550984194,0.0,2775.8566496545122,2514.13210224348,852.0,0.026182039224589775,0.41040053726557113
32.0,Nevada,NV,2012.0,10.727806678903663,0.0,2893.4357590102322,2505.0888898173157,846.0,0.026134895997006427,0.4044715868047924
32.0,Nevada,NV,2012.25,10.728064710108834,0.0,2884.5546320004987,2497.3997567401916,815.0,0.026285025414791656,0.4110350095466753
32.0,Nevada,NV,2012.5,10.724872967259174,0.0,2875.727857716578,2489.7576813553424,820.0,0.026358771546420863,0.40868486757035094
32.0,Nevada,NV,2012.75,10.709007440059496,0.0,2866.954938720515,2482.1622329892025,878.0,0.02646302536987859,0.41342216617048944
32.0,Nevada,NV,2013.0,10.727814417866314,0.0,2986.636827175948,2491.189550627605,844.0,0.026546189005133388,0.4080514468037867
32.0,Nevada,NV,2013.25,10.724417622670996,0.0,2974.2154612882578,2480.828740561122,828.0,0.026399330617503568,0.41516713044843057
32.0,Nevada,NV,2013.5,10.731254024719057,0.0,2961.896987922542,2470.553754379633,836.0,0.026541971788477826,0.4135451276574908
32.0,Nevada,NV,2013.75,10.737842007031704,0.0,2949.6801338850387,2460.3635300969745,885.0,0.02659695363157495,0.41816691732747757
32.0,Nevada,NV,2014.0,10.73957154474049,0.0,2985.718032356364,2501.153012711202,867.0,0.026643012227617734,0.4145272189008663
32.0,Nevada,NV,2014.25,10.743414159102729,0.0,2972.4075725851912,2490.0027646983426,833.0,0.026639849590570752,0.4226121224862395
32.0,Nevada,NV,2014.5,10.75367255859808,0.0,2959.215263301608,2478.9514920223323,841.0,0.02671158246499641,0.4214925989980474
32.0,Nevada,NV,2014.75,10.766467144032257,0.0,2946.1395383100403,2467.9978826722113,899.0,0.026886475407659177,0.42775849587643827
32.0,Nevada,NV,2015.0,10.779697351136656,0.0,3094.260336685672,2584.619097719018,865.0,0.026933952155486,0.4233916299495311
32.0,Nevada,NV,2015.25,10.7915514527376,0.0,3079.231273851875,2572.0654019745098,855.0,0.027026402142566533,0.429227058057981
32.0,Nevada,NV,2015.5,10.79977535600234,0.0,3064.3474999896976,2559.6330653303608,862.0,0.027263223975482743,0.4271520025128999
32.0,Nevada,NV,2015.75,10.797130242868093,0.0,3049.6069184270723,2547.3203364476144,935.0,0.02741950312083153,0.43401653393064826
32.0,Nevada,NV,2016.0,10.792345410089576,0.0,,,872.0,0.027637890136861246,0.4276868007365841
33.0,New Hampshire,NH,1990.0,9.969589957183564,0.0,,,423.0,0.035020280766354064,0.4460818686113189
33.0,New Hampshire,NH,1990.25,9.980553217796736,0.0,,,431.0,0.033169622950425234,0.4502456030521294
33.0,New Hampshire,NH,1990.5,9.99140950261437,0.0,,,420.0,0.033759420927655104,0.45022820817769593
33.0,New Hampshire,NH,1990.75,10.002161000318884,0.0,,,466.0,0.03405091789577664,0.4430323221085666
33.0,New Hampshire,NH,1991.0,10.012809833310769,0.0,,,441.0,0.03223809811258198,0.41913341604132637
33.0,New Hampshire,NH,1991.25,10.026758157922792,0.0,,,451.0,0.03170989288310406,0.4242129767761624
33.0,New Hampshire,NH,1991.5,10.040466425359435,0.0,,,436.0,0.03155972066419687,0.4268984978465957
33.0,New Hampshire,NH,1991.75,10.053942035520398,0.0,,,485.0,0.031490735178896424,0.42928987292830845
33.0,New Hampshire,NH,1992.0,10.067192054667489,0.0,,,458.0,0.031972187828775506,0.41173995452908013
33.0,New Hampshire,NH,1992.25,10.074315959176593,0.0,,,463.0,0.03229492215819988,0.42460153341319395
33.0,New Hampshire,NH,1992.5,10.08135285585243,0.0,,,460.0,0.032140730726819805,0.4239145880446639
33.0,New Hampshire,NH,1992.75,10.088304500109205,0.0,,,526.0,0.03247467132754777,0.43027874300013447
33.0,New Hampshire,NH,1993.0,10.095172596840456,0.0,,,444.0,0.031662974630309405,0.41910721779827137
33.0,New Hampshire,NH,1993.25,10.108840781330215,0.0,,,469.0,0.032145248639684446,0.4321757942181457
33.0,New Hampshire,NH,1993.5,10.122247424488055,0.0,,,476.0,0.03230432153266392,0.4342365832195578
33.0,New Hampshire,NH,1993.75,10.135401133204002,0.0,,,535.0,0.03266874955289921,0.4422743689862658
33.0,New Hampshire,NH,1994.0,10.148310105029498,0.0,,,469.0,0.032460439714325724,0.4302528240675909
33.0,New Hampshire,NH,1994.25,10.167776998347165,0.0,,,483.0,0.0327084225234835,0.44435701416784856
33.0,New Hampshire,NH,1994.5,10.186748795216932,0.0,,,485.0,0.03315042991216549,0.44653274037902063
33.0,New Hampshire,NH,1994.75,10.20524743432995,0.0,,,527.0,0.033252420295096057,0.45386068151413334
33.0,New Hampshire,NH,1995.0,10.223293449143954,0.0,,,494.0,0.03303324835581019,0.44172042193312777
33.0,New Hampshire,NH,1995.25,10.240434165995012,0.0,,,507.0,0.033476768310552865,0.4545914756961703
33.0,New Hampshire,NH,1995.5,10.257163079294584,0.0,,,494.0,0.0337652425952287,0.45431880677563014
33.0,New Hampshire,NH,1995.75,10.273497112302335,0.0,,,547.0,0.034037932229151774,0.4621910162038807
33.0,New Hampshire,NH,1996.0,10.289452187625278,0.0,,,518.0,0.0338021262957354,0.4486309775642799
33.0,New Hampshire,NH,1996.25,10.313718544326337,0.0,,,519.0,0.03423723189710076,0.46046481564692554
33.0,New Hampshire,NH,1996.5,10.337264319400363,0.0,,,513.0,0.03436846486508436,0.4600405051468946
33.0,New Hampshire,NH,1996.75,10.360127387167044,0.0,,,580.0,0.03457562881167465,0.4664763789848072
33.0,New Hampshire,NH,1997.0,10.38234274150518,0.0,,,533.0,0.034452781806334994,0.45549936594012513
33.0,New Hampshire,NH,1997.25,10.393432555453126,0.0,,,541.0,0.03466119561016837,0.4679638432705691
33.0,New Hampshire,NH,1997.5,10.4043255226742,0.0,,,549.0,0.03539836308871508,0.46780567192612954
33.0,New Hampshire,NH,1997.75,10.415027467616731,0.0,,,629.0,0.03537660343918398,0.4745398525212119
33.0,New Hampshire,NH,1998.0,10.42554396843408,0.0,,,554.0,0.03584589614740368,0.465162722302381
33.0,New Hampshire,NH,1998.25,10.430637620277126,0.0,,,568.0,0.03571692748139709,0.4761474601539364
33.0,New Hampshire,NH,1998.5,10.435671991515632,0.0,,,578.0,0.03571319720225342,0.4749955449457994
33.0,New Hampshire,NH,1998.75,10.440648173735738,0.0,,,678.0,0.03597057624597135,0.48237561906701076
33.0,New Hampshire,NH,1999.0,10.44556723055197,0.0,,,573.0,0.036548681111673025,0.472165348896712
33.0,New Hampshire,NH,1999.25,10.445647187849112,0.0,,,590.0,0.03685340417014206,0.48383899410861914
33.0,New Hampshire,NH,1999.5,10.445726558507284,0.0,,,607.0,0.03709986124515414,0.4806726198019738
33.0,New Hampshire,NH,1999.75,10.445805348959311,0.0,,,703.0,0.03685805984223925,0.48736065748486673
33.0,New Hampshire,NH,2000.0,10.445883565544294,0.0,,,661.0,0.03701319964319185,0.4778925198795799
33.0,New Hampshire,NH,2000.25,10.449622333900653,0.0,,,633.0,0.03668221523596312,0.4902392142729796
33.0,New Hampshire,NH,2000.5,10.453323880946078,0.0,,,642.0,0.03687025601917769,0.48620227333050414
33.0,New Hampshire,NH,2000.75,10.45698878474678,0.0,,,735.0,0.03699320454303493,0.4912117403082527
33.0,New Hampshire,NH,2001.0,10.460617610995689,0.0,,,676.0,0.03655784828082774,0.4831242162923056
33.0,New Hampshire,NH,2001.25,10.472717262617232,0.0,,,658.0,0.036699208045054846,0.48932833429977785
33.0,New Hampshire,NH,2001.5,10.484608373039016,0.0,,,651.0,0.036613237867611816,0.4825056530273107
33.0,New Hampshire,NH,2001.75,10.496297107050248,0.0,,,745.0,0.036313617171895934,0.48124483814965574
33.0,New Hampshire,NH,2002.0,10.507789366027682,0.0,,,677.0,0.03567440896580145,0.46788286715904087
33.0,New Hampshire,NH,2002.25,10.519565569655034,0.0,,,677.0,0.03601260991758184,0.47720272707716455
33.0,New Hampshire,NH,2002.5,10.531155898131624,0.0,,,670.0,0.03621677967491444,0.4740461582099776
33.0,New Hampshire,NH,2002.75,10.542565478219496,0.0,,,758.0,0.036291679398442904,0.4761374378035195
33.0,New Hampshire,NH,2003.0,10.553799230925147,0.0,,,699.0,0.03567555319414927,0.46195618202275285
33.0,New Hampshire,NH,2003.25,10.567154442038843,0.0,,,693.0,0.03600095991122965,0.4722586499393102
33.0,New Hampshire,NH,2003.5,10.58028126141525,0.0,,,689.0,0.036190432461815567,0.47277941831283304
33.0,New Hampshire,NH,2003.75,10.593186600700031,0.0,,,789.0,0.03639934192885212,0.4760884182623481
33.0,New Hampshire,NH,2004.0,10.605877066424226,0.0,2262.68388779037,1953.891921765478,725.0,0.036063283986540795,0.46394046243207676
33.0,New Hampshire,NH,2004.25,10.624643541912665,0.0,2259.0194540183466,1950.727578931891,717.0,0.03643669632829708,0.4768537712897731
33.0,New Hampshire,NH,2004.5,10.643005289330397,0.0,2255.3668702119626,1947.5734688808254,730.0,0.03660338567410424,0.4761716023213976
33.0,New Hampshire,NH,2004.75,10.660978260083724,0.0,2251.72607898377,1944.4295420565848,839.0,0.03659366510741193,0.4799383111851281
33.0,New Hampshire,NH,2005.0,10.67857748565824,0.0,2532.4584209991285,2145.8345526965127,744.0,0.03596633633476371,0.4671465053307991
33.0,New Hampshire,NH,2005.25,10.688523510845718,0.0,2527.6420506681093,2141.75348514998,755.0,0.03628610657655416,0.47935396735567376
33.0,New Hampshire,NH,2005.5,10.704345488231274,0.0,2522.8439656432342,2137.6879113392592,772.0,0.03656246679461011,0.47900460358566427
33.0,New Hampshire,NH,2005.75,10.695033598312314,0.0,2518.0640619917954,2133.637743198781,848.0,0.03694575009586192,0.4816600777347832
33.0,New Hampshire,NH,2006.0,10.712947451515332,0.0,2651.091533175531,2270.2254451848803,799.0,0.036496026793254914,0.4707544927387803
33.0,New Hampshire,NH,2006.25,10.716584244633582,0.0,2648.9904838128596,2268.42624071946,774.0,0.03692379126972929,0.48125894276509423
33.0,New Hampshire,NH,2006.5,10.727810561856176,0.0,2646.892762070243,2266.629885815297,774.0,0.03716010620661605,0.4807175877967952
33.0,New Hampshire,NH,2006.75,10.766599365225682,0.0,2644.7983600485627,2264.8363737080895,917.0,0.0372725246944868,0.4829718490125859
33.0,New Hampshire,NH,2007.0,10.744350800952772,0.0,2816.3972145610796,2410.0050284181816,835.0,0.03673868986849924,0.4712135757132481
33.0,New Hampshire,NH,2007.25,10.768923756896356,0.0,2814.5927135413435,2408.460907969238,823.0,0.037171986966467854,0.48236657310410824
33.0,New Hampshire,NH,2007.5,10.736657036797393,0.0,2812.790523373887,2406.918764928022,800.0,0.03753244312418821,0.4816838542621762
33.0,New Hampshire,NH,2007.75,10.75676918976501,0.0,2810.9906396226193,2405.378595498548,916.0,0.03751755142048166,0.48344346101148145
33.0,New Hampshire,NH,2008.0,10.751811663787729,0.0,2946.148889054385,2510.291768560976,863.0,0.036886373342776765,0.47247219786215733
33.0,New Hampshire,NH,2008.25,10.748205469009743,0.0,2946.0391882701156,2510.1982970542304,835.0,0.03733410336979608,0.48191414853344783
33.0,New Hampshire,NH,2008.5,10.770335933911364,0.0,2945.9294956550284,2510.104832508108,822.0,0.03767161801939812,0.47925259599008313
33.0,New Hampshire,NH,2008.75,10.734405247122414,0.0,2945.8198112082114,2510.0113749218303,936.0,0.03767705403961694,0.4775233216291441
33.0,New Hampshire,NH,2009.0,10.740160732007752,0.0,2863.7917121925198,2655.9537178729306,838.0,0.036688645712870276,0.45861111068898913
33.0,New Hampshire,NH,2009.25,10.740146114849354,0.0,2863.37290021344,2655.5653009261982,829.0,0.0369263869141746,0.46326410996931155
33.0,New Hampshire,NH,2009.5,10.799314132926453,0.0,2862.9542107138163,2655.176997570048,830.0,0.03684654690855284,0.4569124748921435
33.0,New Hampshire,NH,2009.75,10.7723584333902,0.0,2862.535643639929,2654.7888077546586,958.0,0.036835084012472284,0.4595846344282467
33.0,New Hampshire,NH,2010.0,10.779369810762908,0.0,3043.664836066072,2661.224477397955,833.0,0.03602855858428154,0.4469148608723298
33.0,New Hampshire,NH,2010.25,10.806594812159505,0.0,3042.7400258374837,2660.415870751092,867.0,0.036347839256463496,0.4593426555014222
33.0,New Hampshire,NH,2010.5,10.792644684069394,0.0,3041.8157774409046,2659.607755341331,855.0,0.036534116026554396,0.4564427048450962
33.0,New Hampshire,NH,2010.75,10.794786516121558,0.0,3040.892090364511,2658.800130721161,978.0,0.03647446622350701,0.4610805182541454
33.0,New Hampshire,NH,2011.0,10.785873672763763,0.0,3055.5718622982795,2716.296806988084,876.0,0.0358498050396178,0.4510879884027457
33.0,New Hampshire,NH,2011.25,10.79952355941577,0.0,3054.003135730748,2714.9022637868584,888.0,0.03615964140551844,0.46121357290422377
33.0,New Hampshire,NH,2011.5,10.7942492279875,0.0,3052.436019100981,2713.509151764151,902.0,0.036592660783322066,0.4596620896796488
33.0,New Hampshire,NH,2011.75,10.851701805889595,0.0,3050.870509931903,2712.1174687179277,970.0,0.03676927326463612,0.46465666506185105
33.0,New Hampshire,NH,2012.0,10.818064713833468,0.0,2999.7827702769187,2758.6645897385824,923.0,0.03641284849475697,0.45433003679028827
33.0,New Hampshire,NH,2012.25,10.828848804075513,0.0,2998.928726751167,2757.879192990547,890.0,0.03679065981389772,0.4649667668199012
33.0,New Hampshire,NH,2012.5,10.838502594775154,0.0,2998.075169382447,2757.094243322948,874.0,0.037049490727415015,0.46561232799355795
33.0,New Hampshire,NH,2012.75,10.845202151097311,0.0,2997.222097755766,2756.3097403541487,1025.0,0.03730212433045712,0.46844687100466614
33.0,New Hampshire,NH,2013.0,10.849801163504454,0.0,3212.4115531490065,2838.654950112914,938.0,0.0367048288824189,0.45782083491156006
33.0,New Hampshire,NH,2013.25,10.846659586639063,0.0,3208.7387035653956,2835.4094280248996,916.0,0.03714239756653257,0.46916845201999796
33.0,New Hampshire,NH,2013.5,10.854853607520775,0.0,3205.074242955688,2832.171318873212,895.0,0.03745299706196279,0.4686434615785947
33.0,New Hampshire,NH,2013.75,10.864750545089208,0.0,3201.418142611411,2828.940597289541,1017.0,0.03762349978790397,0.4724198562066782
33.0,New Hampshire,NH,2014.0,10.8611728367258,0.0,3057.636427811849,3094.0701098707577,970.0,0.03695522760985383,0.461976218626677
33.0,New Hampshire,NH,2014.25,10.886549870955186,0.0,3056.8496371563897,3093.2739441044027,955.0,0.037321164560581155,0.4732496416707735
33.0,New Hampshire,NH,2014.5,10.891487182250213,0.0,3056.063251310527,3092.478187971209,927.0,0.03772678003380404,0.4723689228517248
33.0,New Hampshire,NH,2014.75,10.914113178320385,0.0,3055.277269961926,3091.682841155118,1081.0,0.038085562229229285,0.4778624457831899
33.0,New Hampshire,NH,2015.0,10.910153890222498,0.0,3112.241008457189,3294.453620788039,982.0,0.0373991343579596,0.46790982106004686
33.0,New Hampshire,NH,2015.25,10.931015068189632,0.0,3109.503471090273,3291.555808611549,967.0,0.037895802692442325,0.47969000306972276
33.0,New Hampshire,NH,2015.5,10.94251920764555,0.0,3106.77074538464,3288.6630898050435,952.0,0.0383203009787212,0.47997690475136207
33.0,New Hampshire,NH,2015.75,10.959900344285163,0.0,3104.0428186655313,3285.775450951692,1139.0,0.0385288507105451,0.4849220369959349
33.0,New Hampshire,NH,2016.0,10.959218190955887,0.0,,,997.0,0.03790919204821714,0.47593625488058716
34.0,New Jersey,NJ,1990.0,10.226034037148954,0.0,,,540.0,0.0264848615148623,0.45939722586165443
34.0,New Jersey,NJ,1990.25,10.233146157971213,0.0,,,526.0,0.026130638079589912,0.46361309386882177
34.0,New Jersey,NJ,1990.5,10.240184692503927,0.0,,,525.0,0.02625096139408546,0.45371419892321296
34.0,New Jersey,NJ,1990.75,10.247150948600147,0.0,,,596.0,0.02605006038550785,0.45383044673120415
34.0,New Jersey,NJ,1991.0,10.25404620037237,0.0,,,566.0,0.026157066524575043,0.43373075650651843
34.0,New Jersey,NJ,1991.25,10.261873077110836,0.0,,,560.0,0.028384777990007576,0.4378044525011746
34.0,New Jersey,NJ,1991.5,10.269606720772291,0.0,,,558.0,0.02826166294068295,0.4292317524492439
34.0,New Jersey,NJ,1991.75,10.27724901457306,0.0,,,623.0,0.02779115087009874,0.43429975648679753
34.0,New Jersey,NJ,1992.0,10.284801786827003,0.0,,,606.0,0.02797078563970749,0.4211092736661139
34.0,New Jersey,NJ,1992.25,10.292996166842356,0.0,,,586.0,0.0275309880942142,0.42982722293497305
34.0,New Jersey,NJ,1992.5,10.301088961866514,0.0,,,585.0,0.02737017009400785,0.4230415726460781
34.0,New Jersey,NJ,1992.75,10.309082309435713,0.0,,,693.0,0.027383524189755728,0.4312983961559273
34.0,New Jersey,NJ,1993.0,10.316978282159903,0.0,,,599.0,0.027414936503912798,0.421008779185587
34.0,New Jersey,NJ,1993.25,10.32648781864969,0.0,,,606.0,0.027503047529725242,0.43110592930534525
34.0,New Jersey,NJ,1993.5,10.335869368017304,0.0,,,607.0,0.027377933313082616,0.42486751264046274
34.0,New Jersey,NJ,1993.75,10.345125901488084,0.0,,,703.0,0.027487265265481974,0.4331044947210954
34.0,New Jersey,NJ,1994.0,10.354260290189972,0.0,,,633.0,0.02755422615507818,0.41913265270047506
34.0,New Jersey,NJ,1994.25,10.36386350122683,0.0,,,617.0,0.02743546069620521,0.4353038562135448
34.0,New Jersey,NJ,1994.5,10.373334825872288,0.0,,,629.0,0.02756432221851427,0.42954703411973055
34.0,New Jersey,NJ,1994.75,10.382677378727095,0.0,,,690.0,0.027465135169714685,0.43823735359548366
34.0,New Jersey,NJ,1995.0,10.391894167781148,0.0,,,1792.0,0.027825840176503438,0.441146056660599
34.0,New Jersey,NJ,1995.25,10.403717762822176,0.0,,,643.0,0.027907621029847476,0.4366210297034405
34.0,New Jersey,NJ,1995.5,10.415355703523677,0.0,,,634.0,0.02793411725047709,0.42336433510065624
34.0,New Jersey,NJ,1995.75,10.426813098500732,0.0,,,711.0,0.028236172166323466,0.4381043953707572
34.0,New Jersey,NJ,1996.0,10.438094851649474,0.0,,,701.0,0.028713693292280993,0.42437138397208074
34.0,New Jersey,NJ,1996.25,10.462540930122422,0.0,,,669.0,0.02845082325617104,0.43640040118042356
34.0,New Jersey,NJ,1996.5,10.486303919365636,0.0,,,651.0,0.02860914234521582,0.42933361126717057
34.0,New Jersey,NJ,1996.75,10.50941849467071,0.0,,,744.0,0.028836170922288042,0.4395750536029668
34.0,New Jersey,NJ,1997.0,10.531916770003033,0.0,,,728.0,0.028881560440394763,0.4293500955369684
34.0,New Jersey,NJ,1997.25,10.540471254310264,0.0,,,687.0,0.029253904265325217,0.44120140368974975
34.0,New Jersey,NJ,1997.5,10.548918072078354,0.0,,,764.0,0.02928591914347956,0.43517902477121867
34.0,New Jersey,NJ,1997.75,10.557259538967877,0.0,,,788.0,0.028928938254763406,0.4459275622207453
34.0,New Jersey,NJ,1998.0,10.565497898567491,0.0,,,757.0,0.03035770610339674,0.43677061621202967
34.0,New Jersey,NJ,1998.25,10.576142984354854,0.0,,,726.0,0.030717739164765258,0.4478896607170274
34.0,New Jersey,NJ,1998.5,10.586630517240875,0.0,,,723.0,0.031191547310898474,0.44101441239798217
34.0,New Jersey,NJ,1998.75,10.59696453352845,0.0,,,832.0,0.03050057192618373,0.452651167426128
34.0,New Jersey,NJ,1999.0,10.607148919403944,0.0,,,781.0,0.03281703221879728,0.4435043002098667
34.0,New Jersey,NJ,1999.25,10.610634649002357,0.0,,,753.0,0.033706127269314934,0.4565013608968652
34.0,New Jersey,NJ,1999.5,10.61409360112549,0.0,,,754.0,0.034582408216024416,0.4496349947039584
34.0,New Jersey,NJ,1999.75,10.61752610360658,0.0,,,869.0,0.034617344183186134,0.45822803204200235
34.0,New Jersey,NJ,2000.0,10.620932478660905,0.0,,,854.0,0.034273750415301556,0.45231776718069366
34.0,New Jersey,NJ,2000.25,10.63156744296857,0.0,,,801.0,0.032198875378893786,0.4640934616216205
34.0,New Jersey,NJ,2000.5,10.642052112287963,0.0,,,799.0,0.031985029862984106,0.4530169819599323
34.0,New Jersey,NJ,2000.75,10.65239021454775,0.0,,,913.0,0.03218295375744125,0.46397134920464994
34.0,New Jersey,NJ,2001.0,10.662585342826832,0.0,,,885.0,0.030963992364710702,0.4514813615959769
34.0,New Jersey,NJ,2001.25,10.67267206584026,0.0,,,815.0,0.031093611595380353,0.4617085253954552
34.0,New Jersey,NJ,2001.5,10.682623101671366,0.0,,,805.0,0.029359975416117297,0.4501422111281337
34.0,New Jersey,NJ,2001.75,10.692441652863389,0.0,,,904.0,0.029096648375138357,0.4575060272245095
34.0,New Jersey,NJ,2002.0,10.70213081169148,0.0,,,910.0,0.030290168781743843,0.44711964087202827
34.0,New Jersey,NJ,2002.25,10.71201885868461,0.0,,,828.0,0.02982895375277468,0.4549456808326662
34.0,New Jersey,NJ,2002.5,10.72178239338746,0.0,,,823.0,0.029944657367985218,0.44380805421306363
34.0,New Jersey,NJ,2002.75,10.731424209633095,0.0,,,914.0,0.030104739814760077,0.4534219848469418
34.0,New Jersey,NJ,2003.0,10.740947009385534,0.0,,,915.0,0.02984466950852896,0.44031980677878635
34.0,New Jersey,NJ,2003.25,10.748025498736014,0.0,,,851.0,0.03013673515082581,0.4511235066381248
34.0,New Jersey,NJ,2003.5,10.755040760296495,0.0,,,852.0,0.030600901150692885,0.44324853408732273
34.0,New Jersey,NJ,2003.75,10.761993807801977,0.0,,,947.0,0.03059641789029066,0.4533884401869077
34.0,New Jersey,NJ,2004.0,10.768885631069605,0.0,3305.4538615223173,2702.201767987973,946.0,0.030616379917867278,0.440796160144486
34.0,New Jersey,NJ,2004.25,10.784870300032834,0.0,3303.7882046346276,2700.840096890648,871.0,0.030294200454646255,0.4517483586937251
34.0,New Jersey,NJ,2004.5,10.800587749767429,0.0,3302.1242255894545,2699.479797426147,877.0,0.030553144398226713,0.4452509424242626
34.0,New Jersey,NJ,2004.75,10.816046519363088,0.0,3300.461921852898,2698.1208675230123,1003.0,0.030937295671760352,0.455388610792165
34.0,New Jersey,NJ,2005.0,10.831254745386383,0.0,3689.9937517149265,2912.573477451504,964.0,0.031031299909130564,0.44425776899776476
34.0,New Jersey,NJ,2005.25,10.836671183925011,0.0,3688.9592667036636,2911.756941216117,902.0,0.031259127401693725,0.45789866644234917
34.0,New Jersey,NJ,2005.5,10.851173413083885,0.0,3687.9253615629236,2910.9408626821846,928.0,0.03158767245710654,0.4494065656354169
34.0,New Jersey,NJ,2005.75,10.854500268875409,0.0,3686.8920358052833,2910.1252414649753,1011.0,0.03129253849300103,0.45877022510208326
34.0,New Jersey,NJ,2006.0,10.871192564187034,0.0,4053.5068316431493,3070.238114342497,1039.0,0.031198685612800935,0.44927536566524806
34.0,New Jersey,NJ,2006.25,10.893675659446044,0.0,4051.611690439716,3068.8026820127857,948.0,0.031370350139552576,0.46124166912414366
34.0,New Jersey,NJ,2006.5,10.894495675876584,0.0,4049.718320483722,3067.368591274844,931.0,0.031847628925387055,0.4513667125655524
34.0,New Jersey,NJ,2006.75,10.901319024727924,0.0,4047.8267192931476,3065.9358402487205,1055.0,0.03193155598386803,0.46151604516426714
34.0,New Jersey,NJ,2007.0,10.903604672406283,0.0,4455.581054600285,3245.649026231622,1097.0,0.030785381461035724,0.4493369064005803
34.0,New Jersey,NJ,2007.25,10.92483640647154,0.0,4451.322926675674,3242.547211096239,988.0,0.031194472718104566,0.4616753794950383
34.0,New Jersey,NJ,2007.5,10.92389983452599,0.0,4447.072929830539,3239.4513190110397,966.0,0.031180676261826818,0.4511462770711519
34.0,New Jersey,NJ,2007.75,10.93230401062523,0.0,4442.831040797123,3236.3613330267267,1092.0,0.031234585580398006,0.46116075914937804
34.0,New Jersey,NJ,2008.0,10.94644055434656,0.0,4612.296165003461,3402.6764733230857,1132.0,0.0314677038120373,0.4495178751070953
34.0,New Jersey,NJ,2008.25,10.93824844733071,0.0,4606.411694823496,3398.335262888407,1004.0,0.03135544193002285,0.45874910105052025
34.0,New Jersey,NJ,2008.5,10.941046912649789,0.0,4600.542220587619,3394.0051155650995,991.0,0.030900527701524707,0.44561122392265234
34.0,New Jersey,NJ,2008.75,10.931949357038276,0.0,4594.6876850454355,3389.6859891172417,1125.0,0.03080448292258631,0.4494698785389112
34.0,New Jersey,NJ,2009.0,10.912103875975577,0.0,4197.335374540779,3532.0697537416618,1101.0,0.029953394409659096,0.4302909916036232
34.0,New Jersey,NJ,2009.25,10.907528422892396,0.0,4191.575406534288,3527.222724147208,1002.0,0.030259589709709305,0.4358834750216005
34.0,New Jersey,NJ,2009.5,10.91786044925287,0.0,4185.831225574596,3522.388979397905,996.0,0.030309013481208368,0.4220518044413727
34.0,New Jersey,NJ,2009.75,10.91941304672228,0.0,4180.102766846299,3517.5684649514064,1144.0,0.030505486298450506,0.43115520157384857
34.0,New Jersey,NJ,2010.0,10.925075302231246,0.0,4055.7397893551697,3606.759249404429,1121.0,0.03064962585740656,0.41798852130349157
34.0,New Jersey,NJ,2010.25,10.918698634287544,0.0,4051.423859291402,3602.921103594844,1029.0,0.029821263385247484,0.4309391437696635
34.0,New Jersey,NJ,2010.5,10.925573050463798,0.0,4047.117105088067,3599.09111785499,1025.0,0.030091971809306357,0.417654426805929
34.0,New Jersey,NJ,2010.75,10.925077372873172,0.0,4042.819497513803,3595.2692661894894,1162.0,0.030559685330317284,0.4280284568828398
34.0,New Jersey,NJ,2011.0,10.906217972044606,0.0,4171.789419202707,3705.082192628344,1160.0,0.02999521673592729,0.4150940088401597
34.0,New Jersey,NJ,2011.25,10.926051343846192,0.0,4168.021755552881,3701.736025769459,1056.0,0.029898742659676233,0.4271418565182941
34.0,New Jersey,NJ,2011.5,10.933470384092184,0.0,4164.260891134438,3698.3958974970383,1072.0,0.02975287863797552,0.4172303212581846
34.0,New Jersey,NJ,2011.75,10.9464880972624,0.0,4160.506807558843,3695.061791479714,1139.0,0.02987371208765401,0.42788666585676
34.0,New Jersey,NJ,2012.0,10.956138524798794,0.0,4173.603445246597,3710.1885664614533,1227.0,0.02939037514153557,0.41802293066925456
34.0,New Jersey,NJ,2012.25,10.959621154331074,0.0,4170.554096781718,3707.4778015414095,1057.0,0.028887804330073697,0.42954088579487754
34.0,New Jersey,NJ,2012.5,10.978884480134395,0.0,4167.509200937883,3704.7709948468896,1054.0,0.028950213907844496,0.41953493398621183
34.0,New Jersey,NJ,2012.75,10.973683471227018,0.0,4164.468747969712,3702.068137714591,1173.0,0.029159619784790834,0.43004795023649195
34.0,New Jersey,NJ,2013.0,10.990104362924695,0.0,4426.467121286251,3786.4335990287627,1236.0,0.02841155155957381,0.42048468533703887
34.0,New Jersey,NJ,2013.25,10.99069899052778,0.0,4423.256354897399,3783.6870850707314,1084.0,0.02850592660753866,0.4328236824116183
34.0,New Jersey,NJ,2013.5,10.995024722754057,0.0,4420.0502430324495,3780.9445526278014,1069.0,0.028852182287605874,0.42412972397824983
34.0,New Jersey,NJ,2013.75,11.006493966679349,0.0,4416.848775577508,3778.2059930484716,1187.0,0.02939505381555532,0.4345278625769283
34.0,New Jersey,NJ,2014.0,11.006480409402348,0.0,4538.924421409028,3888.9451104823406,1264.0,0.02849198560313887,0.42144962598136776
34.0,New Jersey,NJ,2014.25,11.00751520011733,0.0,4537.600001612975,3887.810349157434,1097.0,0.02885980855337926,0.4354566797265321
34.0,New Jersey,NJ,2014.5,11.020073055331368,0.0,4536.27635450047,3886.6762498668845,1088.0,0.029295052490920986,0.4266360186412915
34.0,New Jersey,NJ,2014.75,11.026502653490304,0.0,4534.953479395523,3885.5428120315028,1214.0,0.029844452186186303,0.4375373529093924
34.0,New Jersey,NJ,2015.0,11.02894036821645,0.0,4773.44794386297,3867.922731340806,1290.0,0.028240862965494294,0.4248780965851152
34.0,New Jersey,NJ,2015.25,11.05012421963896,0.0,4772.239852319667,3866.9438153042565,1128.0,0.02863460250268442,0.43951122455338815
34.0,New Jersey,NJ,2015.5,11.059576107714022,0.0,4771.032372123095,3865.9653946416893,1117.0,0.02923351318156879,0.4317766309897134
34.0,New Jersey,NJ,2015.75,11.059819360147785,0.0,4769.825502809318,3864.9874689771773,1263.0,0.029913085214869215,0.4445395862565025
34.0,New Jersey,NJ,2016.0,11.064867167572675,0.0,,,1269.0,0.02878337439595352,0.4326067875018629
35.0,New Mexico,NM,1990.0,9.768921169383342,0.0,,,365.0,0.0242058552525214,0.35724366127882484
35.0,New Mexico,NM,1990.25,9.797532400139676,0.0,,,368.0,0.024183553438571433,0.3694848622944528
35.0,New Mexico,NM,1990.5,9.825046971241314,0.0,,,360.0,0.024076994902951985,0.3668368716048524
35.0,New Mexico,NM,1990.75,9.851536594727255,0.0,,,394.0,0.02410735598883489,0.368073489369705
35.0,New Mexico,NM,1991.0,9.877066293502017,0.0,,,401.0,0.025297288956185444,0.3556657161564238
35.0,New Mexico,NM,1991.25,9.889785717745392,0.0,,,393.0,0.02509360191408987,0.361282705969329
35.0,New Mexico,NM,1991.5,9.902186379820469,0.0,,,379.0,0.02512737455593864,0.3631589588119897
35.0,New Mexico,NM,1991.75,9.914281032927605,0.0,,,410.0,0.025105844222093655,0.36228597974243537
35.0,New Mexico,NM,1992.0,9.926081718856157,0.0,,,391.0,0.025174841830665106,0.3540333441558306
35.0,New Mexico,NM,1992.25,9.951622400646311,0.0,,,402.0,0.024987937464452693,0.36282404651735123
35.0,New Mexico,NM,1992.5,9.976214797608373,0.0,,,395.0,0.02510787015048447,0.3629732195301312
35.0,New Mexico,NM,1992.75,9.999917801540375,0.0,,,429.0,0.025231824924390463,0.36663955335963905
35.0,New Mexico,NM,1993.0,10.022785117200712,0.0,,,393.0,0.025306562424952016,0.3577652398205142
35.0,New Mexico,NM,1993.25,10.047872964023195,0.0,,,419.0,0.025371687700259583,0.36676877904732635
35.0,New Mexico,NM,1993.5,10.072012033381526,0.0,,,414.0,0.02557692406197205,0.367982172143311
35.0,New Mexico,NM,1993.75,10.09526180090489,0.0,,,447.0,0.02570871860826881,0.37417336173898275
35.0,New Mexico,NM,1994.0,10.117676474217005,0.0,,,414.0,0.026009303387189,0.3646103161479428
35.0,New Mexico,NM,1994.25,10.114807214729607,0.0,,,424.0,0.026115064924165005,0.3748715199565931
35.0,New Mexico,NM,1994.5,10.111961875352714,0.0,,,434.0,0.026270192242135282,0.37659134028762264
35.0,New Mexico,NM,1994.75,10.1091401468311,0.0,,,447.0,0.026070565405825606,0.382562537930927
35.0,New Mexico,NM,1995.0,10.106341725396828,0.0,,,437.0,0.02706240547223485,0.37882058799709056
35.0,New Mexico,NM,1995.25,10.115766202495,0.0,,,436.0,0.02745523690722568,0.3871792245943256
35.0,New Mexico,NM,1995.5,10.125017233439646,0.0,,,436.0,0.027079637863115943,0.3850812427530389
35.0,New Mexico,NM,1995.75,10.13409994785272,0.0,,,459.0,0.025514477370563015,0.38459656921450275
35.0,New Mexico,NM,1996.0,10.143019262584485,0.0,,,455.0,0.025701838584829537,0.3737118549858873
35.0,New Mexico,NM,1996.25,10.18391666182271,0.0,,,453.0,0.025823766460361525,0.3827957032063453
35.0,New Mexico,NM,1996.5,10.222961026658847,0.0,,,449.0,0.026038475659630328,0.38082860692180076
35.0,New Mexico,NM,1996.75,10.260303368580812,0.0,,,469.0,0.02597316345720825,0.38624454435402905
35.0,New Mexico,NM,1997.0,10.296077039175378,0.0,,,468.0,0.026059828525291588,0.37446194650143855
35.0,New Mexico,NM,1997.25,10.283906047080492,0.0,,,468.0,0.02595728772727062,0.385036941317279
35.0,New Mexico,NM,1997.5,10.271649869783836,0.0,,,467.0,0.02585191979537727,0.3846701471064512
35.0,New Mexico,NM,1997.75,10.259306679485515,0.0,,,497.0,0.026093138629861456,0.3886265422328736
35.0,New Mexico,NM,1998.0,10.246874595819564,0.0,,,478.0,0.02604651059056005,0.3793467537671556
35.0,New Mexico,NM,1998.25,10.257096816345044,0.0,,,489.0,0.025983601106985096,0.38744496907621684
35.0,New Mexico,NM,1998.5,10.26717479169498,0.0,,,483.0,0.026083653610679356,0.3856540923216919
35.0,New Mexico,NM,1998.75,10.277112054788631,0.0,,,527.0,0.02604475368294464,0.3879997358356898
35.0,New Mexico,NM,1999.0,10.286912012767903,0.0,,,480.0,0.026113859880248794,0.37879200169018884
35.0,New Mexico,NM,1999.25,10.273035687374644,0.0,,,501.0,0.02614772029342553,0.38805944880350196
35.0,New Mexico,NM,1999.5,10.259015332230565,0.0,,,500.0,0.026130759603955157,0.38871778085276276
35.0,New Mexico,NM,1999.75,10.244847293346824,0.0,,,538.0,0.026246979039547043,0.3903156540965558
35.0,New Mexico,NM,2000.0,10.230527780031702,0.0,,,518.0,0.026322696414020616,0.38432743759988813
35.0,New Mexico,NM,2000.25,10.230227011060911,0.0,,,529.0,0.02619329535638141,0.3937825557689958
35.0,New Mexico,NM,2000.5,10.229927015377864,0.0,,,521.0,0.026273962507535123,0.394376988035605
35.0,New Mexico,NM,2000.75,10.229627789990705,0.0,,,551.0,0.02646975769360196,0.39845509704347687
35.0,New Mexico,NM,2001.0,10.22932933192308,0.0,,,541.0,0.026322139663370984,0.3911844617084041
35.0,New Mexico,NM,2001.25,10.23966524201813,0.0,,,550.0,0.026204907257163203,0.3986386733709015
35.0,New Mexico,NM,2001.5,10.249830210293345,0.0,,,537.0,0.026302149797165664,0.39858992819544203
35.0,New Mexico,NM,2001.75,10.259828955086306,0.0,,,578.0,0.026440947132029137,0.3967893985319867
35.0,New Mexico,NM,2002.0,10.269666008412049,0.0,,,555.0,0.026220969121585676,0.38954876698885915
35.0,New Mexico,NM,2002.25,10.280624644809269,0.0,,,570.0,0.02626882162036386,0.3975197513463982
35.0,New Mexico,NM,2002.5,10.291400182307166,0.0,,,550.0,0.02653980850725833,0.3976674329198102
35.0,New Mexico,NM,2002.75,10.30199778200591,0.0,,,588.0,0.026481727973615494,0.39795775418130613
35.0,New Mexico,NM,2003.0,10.31242239595216,0.0,,,565.0,0.026806400173841352,0.38990491630866925
35.0,New Mexico,NM,2003.25,10.339949902073668,0.0,,,579.0,0.02634315792546437,0.3964967078129236
35.0,New Mexico,NM,2003.5,10.366556491399274,0.0,,,565.0,0.026419441357683513,0.39615287038795166
35.0,New Mexico,NM,2003.75,10.392296582738618,0.0,,,614.0,0.026437218721101257,0.39826496198839423
35.0,New Mexico,NM,2004.0,10.417219955356224,0.0,3299.526527885165,1272.2112734057216,584.0,0.026149170504588697,0.39041016741183987
35.0,New Mexico,NM,2004.25,10.448575875352548,0.0,3287.238716129287,1267.4734140464473,597.0,0.026006260320593513,0.3994712158085436
35.0,New Mexico,NM,2004.5,10.478756185274696,0.0,3275.0420872129425,1262.7707124091714,589.0,0.025759094826440104,0.39756067084419294
35.0,New Mexico,NM,2004.75,10.507838793718095,0.0,3262.9356299419655,1258.1027786038285,645.0,0.025908529561867018,0.40133530200342915
35.0,New Mexico,NM,2005.0,10.535894178971557,0.0,3702.903935984234,1346.3696142472547,596.0,0.025983892553540545,0.3933572567865634
35.0,New Mexico,NM,2005.25,10.54726455492378,0.0,3688.652047265619,1341.18765159089,624.0,0.025832846906395562,0.40170835632288643
35.0,New Mexico,NM,2005.5,10.55573662232926,0.0,3674.509444432033,1336.045425097659,629.0,0.0259084107969087,0.4017793704876039
35.0,New Mexico,NM,2005.75,10.571655586269616,0.0,3660.474875250761,1330.9424794578626,658.0,0.02604632364649554,0.40482664284339376
35.0,New Mexico,NM,2006.0,10.586280296827193,0.0,4213.548289441563,1538.990396695032,647.0,0.02629938684199931,0.40110009307878774
35.0,New Mexico,NM,2006.25,10.585440306945053,0.0,4198.605443217599,1533.5325508942383,652.0,0.02638030866829997,0.410291854954008
35.0,New Mexico,NM,2006.5,10.585194377779816,0.0,4183.768208497177,1528.1132794916866,655.0,0.02652745668432853,0.4111203352118618
35.0,New Mexico,NM,2006.75,10.58268997310808,0.0,4169.035469577919,1522.7321749792338,704.0,0.02675425066503016,0.4139549954971292
35.0,New Mexico,NM,2007.0,10.580260773747842,0.0,4408.92682166959,1555.9784329194451,685.0,0.02669654836262041,0.4073630575808891
35.0,New Mexico,NM,2007.25,10.601251124454212,0.0,4397.551044547514,1551.963745315048,686.0,0.026652726669466695,0.4130178590342843
35.0,New Mexico,NM,2007.5,10.620802840702362,0.0,4386.233819211084,1547.969721540958,688.0,0.026799095765474918,0.41047971554538853
35.0,New Mexico,NM,2007.75,10.632176330511932,0.0,4374.974694766529,1543.9962024697907,739.0,0.027041446731361635,0.4139017063289843
35.0,New Mexico,NM,2008.0,10.636685539944176,0.0,4454.663190531278,1642.0288442314024,718.0,0.026833948222028368,0.4071955737297799
35.0,New Mexico,NM,2008.25,10.674067182813546,0.0,4440.23166800268,1636.7092554668682,717.0,0.026850624901782028,0.41218036711337563
35.0,New Mexico,NM,2008.5,10.681806478007577,0.0,4425.893349514658,1631.4240225484402,713.0,0.027007528664862737,0.4085198369481071
35.0,New Mexico,NM,2008.75,10.656606112448008,0.0,4411.647335054946,1626.1728137235152,769.0,0.026970836840671693,0.40685617540287394
35.0,New Mexico,NM,2009.0,10.622011087030945,0.0,4126.599934603363,1748.7438641556714,722.0,0.026588249618765103,0.3903274185054152
35.0,New Mexico,NM,2009.25,10.598777713860663,0.0,4112.489513969264,1742.76424124684,724.0,0.026187126322389696,0.3894128744278503
35.0,New Mexico,NM,2009.5,10.60110885893299,0.0,4098.475262327144,1736.8253722122179,724.0,0.02619151064059072,0.3835670900342423
35.0,New Mexico,NM,2009.75,10.610477133014138,0.0,4084.556199862229,1730.9268418322283,795.0,0.026238629971558982,0.3831952184426407
35.0,New Mexico,NM,2010.0,10.623687136820084,0.0,3702.4917229929347,1701.0586238761387,716.0,0.02620309615276575,0.37461488589127884
35.0,New Mexico,NM,2010.25,10.62120649616298,0.0,3696.67302706085,1698.3853044913797,742.0,0.02632294103595444,0.38120795265261964
35.0,New Mexico,NM,2010.5,10.633074915162146,0.0,3690.8725913165736,1695.7203744974065,744.0,0.026473308948773113,0.3760685947721254
35.0,New Mexico,NM,2010.75,10.66396832399673,0.0,3685.0903299387905,1693.0637944648029,817.0,0.026655502563019823,0.3788913280237962
35.0,New Mexico,NM,2011.0,10.639082160902008,0.0,4074.7378421720355,1733.9625057032686,739.0,0.026383752471416277,0.3721965748945818
35.0,New Mexico,NM,2011.25,10.666858212867185,0.0,4071.784569821134,1732.7057712275937,763.0,0.026304031765101384,0.3782213537521067
35.0,New Mexico,NM,2011.5,10.673036440934348,0.0,4068.835575291839,1731.4508571346184,779.0,0.026552189814347572,0.37467251706499677
35.0,New Mexico,NM,2011.75,10.688137331784256,0.0,4065.890849296227,1730.1977594719626,799.0,0.02673899774141481,0.37725096132743147
35.0,New Mexico,NM,2012.0,10.674234667402516,0.0,4242.609118795423,1764.5950827916904,783.0,0.026501307237218445,0.3718945917619101
35.0,New Mexico,NM,2012.25,10.687398213357218,0.0,4241.89205480208,1764.2968399978647,783.0,0.026505464793868443,0.37772930312657504
35.0,New Mexico,NM,2012.5,10.67513924598158,0.0,4241.1752331567195,1763.9986980019319,761.0,0.026680885982340512,0.37461820169952165
35.0,New Mexico,NM,2012.75,10.662069893069932,0.0,4240.458653736502,1763.7006567528,803.0,0.026782381340157514,0.38311990975809546
35.0,New Mexico,NM,2013.0,10.67287018517768,0.0,4258.259547197789,1749.838504157649,778.0,0.026230185886869945,0.3756667448368888
35.0,New Mexico,NM,2013.25,10.676590362809886,0.0,4259.3671865659035,1750.2936642984444,781.0,0.026414016832315916,0.3814675751641692
35.0,New Mexico,NM,2013.5,10.686337402582184,0.0,4260.475402312307,1750.7490612892755,766.0,0.026713580411000675,0.37897163223507796
35.0,New Mexico,NM,2013.75,10.693373749950045,0.0,4261.584194887012,1751.2046953150639,814.0,0.02676228797620426,0.38339633628960285
35.0,New Mexico,NM,2014.0,10.698783701165494,0.0,4816.219592285062,1848.77610627626,793.0,0.02708130103157717,0.37751829391628067
35.0,New Mexico,NM,2014.25,10.71882877918816,0.0,4817.778471438519,1849.3745047662496,794.0,0.027323456671548972,0.38420150310946766
35.0,New Mexico,NM,2014.5,10.737564616738696,0.0,4819.338360052189,1849.9732907522593,788.0,0.026607406724197234,0.38367145831852156
35.0,New Mexico,NM,2014.75,10.74369201588283,0.0,4820.89925910691,1850.572464610798,850.0,0.026961531031685696,0.38949874467524137
35.0,New Mexico,NM,2015.0,10.70613959993541,0.0,4963.4528785845305,1937.5814775362346,805.0,0.02692844589891594,0.38371625371896484
35.0,New Mexico,NM,2015.25,10.714316412432972,0.0,4963.043134227726,1937.4215257656244,805.0,0.02715068819402646,0.3894176547405657
35.0,New Mexico,NM,2015.5,10.711731081385151,0.0,4962.633457515999,1937.261600401601,798.0,0.027606952851519328,0.3868892005938147
35.0,New Mexico,NM,2015.75,10.699527701185154,0.0,4962.223848432601,1937.1017014376262,866.0,0.027726259534445952,0.39100462436722866
35.0,New Mexico,NM,2016.0,10.693607272735877,0.0,,,791.0,0.028001720314365826,0.38494180323864396
36.0,New York,NY,1990.0,10.217128071092622,0.0,,,566.0,0.026244807107171364,0.44569046866477435
36.0,New York,NY,1990.25,10.217816232949945,0.0,,,531.0,0.02631044719597857,0.45322063971436743
36.0,New York,NY,1990.5,10.218501986716747,0.0,,,530.0,0.02629909714371911,0.44452705389829716
36.0,New York,NY,1990.75,10.21918534517134,0.0,,,594.0,0.026201632490017657,0.44822256807915156
36.0,New York,NY,1991.0,10.219866321000662,0.0,,,575.0,0.026224623410333336,0.42775132510158176
36.0,New York,NY,1991.25,10.229336397925454,0.0,,,555.0,0.026217357564981485,0.431924343668968
36.0,New York,NY,1991.5,10.238685760362564,0.0,,,557.0,0.026135602845740496,0.4216034886477866
36.0,New York,NY,1991.75,10.24791710274071,0.0,,,622.0,0.02605253467323486,0.4284769067231764
36.0,New York,NY,1992.0,10.257033031766143,0.0,,,621.0,0.02589658497917399,0.41278710128372587
36.0,New York,NY,1992.25,10.263802820217892,0.0,,,578.0,0.025872040632804967,0.41999145463890064
36.0,New York,NY,1992.5,10.270503607434668,0.0,,,585.0,0.02586554981052579,0.4118273309706662
36.0,New York,NY,1992.75,10.277136591177603,0.0,,,708.0,0.025830896363527454,0.42005493094515856
36.0,New York,NY,1993.0,10.283702939122325,0.0,,,602.0,0.025857534119541198,0.40839601557641997
36.0,New York,NY,1993.25,10.2908069477067,0.0,,,599.0,0.02600819968033412,0.416935659618409
36.0,New York,NY,1993.5,10.297844716898306,0.0,,,606.0,0.026052260244384437,0.4112623199066902
36.0,New York,NY,1993.75,10.304817340728633,0.0,,,724.0,0.026076912234132128,0.421311566660652
36.0,New York,NY,1994.0,10.31172588673265,0.0,,,639.0,0.026113209100803003,0.4086700936339631
36.0,New York,NY,1994.25,10.323081295795406,0.0,,,615.0,0.026193479696780004,0.4188159372584628
36.0,New York,NY,1994.5,10.334289693194757,0.0,,,623.0,0.026312113588589356,0.41383409834863444
36.0,New York,NY,1994.75,10.345354606097,0.0,,,695.0,0.026309024953634103,0.4241623325146129
36.0,New York,NY,1995.0,10.356279436784884,0.0,,,699.0,0.02643220962266245,0.41235576090481896
36.0,New York,NY,1995.25,10.371372040525644,0.0,,,639.0,0.026523995731867516,0.42009598641538776
36.0,New York,NY,1995.5,10.386214648034503,0.0,,,631.0,0.026635777576564098,0.41277270234773683
36.0,New York,NY,1995.75,10.400815015016072,0.0,,,718.0,0.026636555989539516,0.4227408193242173
36.0,New York,NY,1996.0,10.415180542705857,0.0,,,745.0,0.026729271817030567,0.41184550342882986
36.0,New York,NY,1996.25,10.450339168277251,0.0,,,672.0,0.02680855101761274,0.4211422674907213
36.0,New York,NY,1996.5,10.484242486475754,0.0,,,653.0,0.027175294319995547,0.41507320471367354
36.0,New York,NY,1996.75,10.516975041457684,0.0,,,753.0,0.02695133129603172,0.42635365152868215
36.0,New York,NY,1997.0,10.548613118939349,0.0,,,783.0,0.02706862245562496,0.41565721757928825
36.0,New York,NY,1997.25,10.557771852270536,0.0,,,691.0,0.027134068103940468,0.42480732782175085
36.0,New York,NY,1997.5,10.566823469664016,0.0,,,691.0,0.027131875772269616,0.4194873051000952
36.0,New York,NY,1997.75,10.575770203761088,0.0,,,803.0,0.027189536356339784,0.4314796427852353
36.0,New York,NY,1998.0,10.584614218963718,0.0,,,815.0,0.027186529938889648,0.42093882321653775
36.0,New York,NY,1998.25,10.59925180907787,0.0,,,740.0,0.02717705869012642,0.43203483621957267
36.0,New York,NY,1998.5,10.613629967109937,0.0,,,724.0,0.027163793497165186,0.42737494889226973
36.0,New York,NY,1998.75,10.627756977265149,0.0,,,831.0,0.02726430682180186,0.43836630009455324
36.0,New York,NY,1999.0,10.641640736514017,0.0,,,850.0,0.027547612963700948,0.43053401102506833
36.0,New York,NY,1999.25,10.631171806890636,0.0,,,760.0,0.027567339597227784,0.4406947234800074
36.0,New York,NY,1999.5,10.620625541659807,0.0,,,771.0,0.027579138225509347,0.4346881484483784
36.0,New York,NY,1999.75,10.610000487623678,0.0,,,861.0,0.02741284812045214,0.4466887382093614
36.0,New York,NY,2000.0,10.599295151996529,0.0,,,940.0,0.0275671542350243,0.4370191283834111
36.0,New York,NY,2000.25,10.604917293423318,0.0,,,802.0,0.02761758863512279,0.4479818489892959
36.0,New York,NY,2000.5,10.61049613706235,0.0,,,801.0,0.027846307924107312,0.44217030963349385
36.0,New York,NY,2000.75,10.616032266992727,0.0,,,914.0,0.027845348373345288,0.4541097944269347
36.0,New York,NY,2001.0,10.62152625576513,0.0,,,1039.0,0.028103157402478603,0.4406752636409043
36.0,New York,NY,2001.25,10.62383872693357,0.0,,,830.0,0.027981295183323023,0.44660209681016944
36.0,New York,NY,2001.5,10.626142549027811,0.0,,,812.0,0.028366454793350128,0.4355692335643377
36.0,New York,NY,2001.75,10.628437776560752,0.0,,,914.0,0.028386546276955475,0.4408831538443324
36.0,New York,NY,2002.0,10.630724463548766,0.0,,,994.0,0.027924787593140276,0.4271660274430708
36.0,New York,NY,2002.25,10.639528563051158,0.0,,,836.0,0.028058630979959233,0.4352340822091005
36.0,New York,NY,2002.5,10.648247176667848,0.0,,,822.0,0.028192341133816252,0.4276564080576944
36.0,New York,NY,2002.75,10.656881870066886,0.0,,,912.0,0.028369014495768032,0.4376380092264828
36.0,New York,NY,2003.0,10.665434166402884,0.0,,,978.0,0.028116067745104948,0.42411644092109385
36.0,New York,NY,2003.25,10.691058862062432,0.0,,,850.0,0.028345625305152385,0.4316632147484609
36.0,New York,NY,2003.5,10.71604611800624,0.0,,,846.0,0.02838270629646684,0.4243787848941206
36.0,New York,NY,2003.75,10.74042694750846,0.0,,,960.0,0.028504443306249627,0.4355528479964004
36.0,New York,NY,2004.0,10.764230154174207,0.0,3153.003872870694,3923.7092617416197,1057.0,0.02853731257335407,0.4235050617754233
36.0,New York,NY,2004.25,10.789057143199985,0.0,3154.6064283977294,3925.7035383798398,877.0,0.028657965574291313,0.4338562640508028
36.0,New York,NY,2004.5,10.81330699760224,0.0,3156.210613792851,3927.69984328341,890.0,0.028804325961630763,0.4292419248863294
36.0,New York,NY,2004.75,10.837006500600443,0.0,3157.816431543793,3929.6981795481556,1018.0,0.028864691202935815,0.4405987420796849
36.0,New York,NY,2005.0,10.860180614045888,0.0,3515.7764675075696,4248.551556740037,1097.0,0.02899285565325379,0.42893855046436424
36.0,New York,NY,2005.25,10.881527898642677,0.0,3517.0622811728895,4250.1053658914325,913.0,0.02918834205869534,0.43951000913988025
36.0,New York,NY,2005.5,10.89538573691118,0.0,3518.349035695331,4251.660311997929,940.0,0.029260636247264805,0.43372749269924227
36.0,New York,NY,2005.75,10.913487570491617,0.0,3519.636732107942,4253.2163963078865,1048.0,0.029366627797219186,0.44423588610717746
36.0,New York,NY,2006.0,10.93349167900172,0.0,4092.376712222287,4574.03113412659,1249.0,0.0294406628424281,0.43329035422528356
36.0,New York,NY,2006.25,10.934340323717542,0.0,4090.8936409524354,4572.373512006374,963.0,0.029630395890821455,0.44403797136988893
36.0,New York,NY,2006.5,10.936480530807968,0.0,4089.4116442188424,4570.717090890527,951.0,0.029734995187641194,0.437248621312336
36.0,New York,NY,2006.75,10.9556772006318,0.0,4087.9307208541263,4569.061869474268,1106.0,0.02968396649713478,0.44937266439635354
36.0,New York,NY,2007.0,10.991262808034955,0.0,4342.120655947118,4933.5759592334125,1398.0,0.02979808789674653,0.43927621310554443
36.0,New York,NY,2007.25,10.966862463204627,0.0,4337.580638396775,4928.417530157934,1017.0,0.02993416960189019,0.4491638743759184
36.0,New York,NY,2007.5,10.96567139174882,0.0,4333.050104797862,4923.26987687578,1008.0,0.03002881409827692,0.44240973560645336
36.0,New York,NY,2007.75,10.96055133077863,0.0,4328.52902546388,4918.1329656567505,1153.0,0.02996444831715578,0.45471459771323064
36.0,New York,NY,2008.0,10.97665434245553,0.0,4489.820603696481,5090.177528763142,1400.0,0.030018109103915818,0.4433674799662746
36.0,New York,NY,2008.25,10.961866134797162,0.0,4484.298800065617,5083.917376467317,1040.0,0.03013174166573894,0.4517206157268886
36.0,New York,NY,2008.5,10.968420670726177,0.0,4478.79056172637,5077.67260334778,1030.0,0.030237254884551725,0.4435137989755596
36.0,New York,NY,2008.75,10.955237145239122,0.0,4473.295838751744,5071.44315280154,1170.0,0.0301107037171359,0.4503315548873703
36.0,New York,NY,2009.0,10.953772819854391,0.0,4447.151317553895,5026.318395555285,1207.0,0.030044699696991764,0.431643040256177
36.0,New York,NY,2009.25,10.99368804112057,0.0,4441.654538668917,5020.10575315726,1027.0,0.030086814883658518,0.4351161496493057
36.0,New York,NY,2009.5,11.00207126915049,0.0,4436.171331293501,5013.908449730928,1013.0,0.030006582845139667,0.4247689197122809
36.0,New York,NY,2009.75,11.015539589344618,0.0,4430.701645227673,5007.726428538605,1194.0,0.02993439229931616,0.4339358413438489
36.0,New York,NY,2010.0,11.023060113692846,0.0,4354.301940354509,5070.331305430601,1282.0,0.029902992582452697,0.4220616026135275
36.0,New York,NY,2010.25,11.047288284819365,0.0,4347.7538031641825,5062.706380599214,1081.0,0.030106224121674185,0.4335335384543496
36.0,New York,NY,2010.5,11.03610620911134,0.0,4341.225330993244,5055.104354538926,1057.0,0.030108907856599667,0.4247272550509711
36.0,New York,NY,2010.75,11.029642535901347,0.0,4334.716435389093,5047.525124251828,1219.0,0.030198755081163615,0.43528316111973625
36.0,New York,NY,2011.0,11.047096356704255,0.0,4541.134829636514,5267.389392438721,1368.0,0.030136536593685228,0.42471403895042753
36.0,New York,NY,2011.25,11.044590679573428,0.0,4536.298628186542,5261.779747014625,1092.0,0.03026324159473385,0.43528270756544535
36.0,New York,NY,2011.5,11.045972366749131,0.0,4531.472716658924,5256.182037159474,1100.0,0.030396067224885408,0.42873449475454295
36.0,New York,NY,2011.75,11.05945812049226,0.0,4526.657062247959,5250.596224821021,1197.0,0.030354726000600858,0.4390180267459451
36.0,New York,NY,2012.0,11.073973067938084,0.0,4718.580727039124,5445.772992580793,1357.0,0.03032699104907067,0.4297071500459961
36.0,New York,NY,2012.25,11.095705357557554,0.0,4714.325386787185,5440.861851210368,1096.0,0.03060610712134944,0.43955876865785354
36.0,New York,NY,2012.5,11.109050509017136,0.0,4710.077714775432,5435.9595598517835,1089.0,0.030691983196488776,0.432522314444893
36.0,New York,NY,2012.75,11.127047549126557,0.0,4705.837690294953,5431.0660946046255,1280.0,0.03072993262680667,0.44316380235214176
36.0,New York,NY,2013.0,11.10080826082478,0.0,4752.596913642309,5674.323276546079,1361.0,0.030750633363197465,0.4324934101864504
36.0,New York,NY,2013.25,11.112281976705829,0.0,4749.882640977862,5671.082593433536,1119.0,0.030960200956187577,0.443596152645093
36.0,New York,NY,2013.5,11.124545195623972,0.0,4747.1714668597815,5667.845609804473,1109.0,0.031126627266341814,0.43802832927849766
36.0,New York,NY,2013.75,11.14473467523833,0.0,4744.463385985257,5664.612319327645,1266.0,0.031020629173562332,0.45033312215494997
36.0,New York,NY,2014.0,11.141774658692574,0.0,4956.798724447557,5967.127341993046,1460.0,0.03120463178895571,0.43848476081151816
36.0,New York,NY,2014.25,11.1538405035118,0.0,4954.997753689834,5964.959285057926,1145.0,0.03139881297893781,0.4505779487539814
36.0,New York,NY,2014.5,11.172033926809858,0.0,4953.19809116261,5962.79280300579,1145.0,0.031555098810110996,0.44631397794273564
36.0,New York,NY,2014.75,11.188343845050586,0.0,4951.399735440944,5960.627894121261,1321.0,0.03151638782866235,0.45824797372673526
36.0,New York,NY,2015.0,11.19489446429028,0.0,5272.168693630883,6269.994054341827,1460.0,0.03143101474271039,0.4466368865540636
36.0,New York,NY,2015.25,11.213132420201966,0.0,5272.295113269378,6270.144400513919,1181.0,0.03155897948465794,0.45854839764569383
36.0,New York,NY,2015.5,11.222548483668447,0.0,5272.421538970769,6270.294753896388,1181.0,0.03189539515277747,0.4544232632487528
36.0,New York,NY,2015.75,11.211586682022244,0.0,5272.5479707354925,6270.445114489755,1373.0,0.032179258714369725,0.4664165117283603
36.0,New York,NY,2016.0,11.228937914822671,0.0,,,1455.0,0.0315836349622434,0.4549690814857154
37.0,North Carolina,NC,1990.0,9.95022954998282,0.0,,,382.0,0.022385300395437225,0.45509204459693176
37.0,North Carolina,NC,1990.25,9.95766615428476,0.0,,,381.0,0.022842713907597786,0.4640596475115383
37.0,North Carolina,NC,1990.5,9.96498209199715,0.0,,,382.0,0.022932868223602455,0.4598036311316566
37.0,North Carolina,NC,1990.75,9.97218046750885,0.0,,,412.0,0.023162428670456696,0.45681787202280927
37.0,North Carolina,NC,1991.0,9.97926427404189,0.0,,,395.0,0.02335502072438048,0.43885786946686556
37.0,North Carolina,NC,1991.25,9.997022703541326,0.0,,,405.0,0.02343261411518671,0.44499415181587043
37.0,North Carolina,NC,1991.5,10.01432847575922,0.0,,,403.0,0.023547136007222604,0.4449724082277369
37.0,North Carolina,NC,1991.75,10.031201175671782,0.0,,,431.0,0.023729867918536093,0.4476635700644853
37.0,North Carolina,NC,1992.0,10.047659173142025,0.0,,,414.0,0.023528195587377745,0.43735480248498404
37.0,North Carolina,NC,1992.25,10.055905414874076,0.0,,,413.0,0.02354298587389118,0.4477910873332309
37.0,North Carolina,NC,1992.5,10.063999128918564,0.0,,,423.0,0.023594063485650536,0.4462690855611618
37.0,North Carolina,NC,1992.75,10.07194476628072,0.0,,,467.0,0.02363804495222023,0.45164763482771103
37.0,North Carolina,NC,1993.0,10.079746597864814,0.0,,,412.0,0.023665669054631258,0.4418833010687862
37.0,North Carolina,NC,1993.25,10.094198943653897,0.0,,,427.0,0.023799248562254103,0.4531425954149876
37.0,North Carolina,NC,1993.5,10.108301662250394,0.0,,,438.0,0.023885090711202137,0.45414143163158355
37.0,North Carolina,NC,1993.75,10.122068642226427,0.0,,,475.0,0.02404361864976669,0.45835822990274105
37.0,North Carolina,NC,1994.0,10.135512991196338,0.0,,,436.0,0.02387665188431196,0.44900514298313055
37.0,North Carolina,NC,1994.25,10.146712974450663,0.0,,,437.0,0.024034288322069344,0.460630140445055
37.0,North Carolina,NC,1994.5,10.157669689174318,0.0,,,454.0,0.02420893593150378,0.46049744317259095
37.0,North Carolina,NC,1994.75,10.168391612882244,0.0,,,479.0,0.02437198466056749,0.46521923529611725
37.0,North Carolina,NC,1995.0,10.17888680956607,0.0,,,465.0,0.02427868139552552,0.45666320020920376
37.0,North Carolina,NC,1995.25,10.186874199191235,0.0,,,460.0,0.024402895415330556,0.46460756500637734
37.0,North Carolina,NC,1995.5,10.194715354229416,0.0,,,461.0,0.02450842499843722,0.46199351572228076
37.0,North Carolina,NC,1995.75,10.202414488764424,0.0,,,495.0,0.024783858736199975,0.4678436416364824
37.0,North Carolina,NC,1996.0,10.209975648746852,0.0,,,483.0,0.024756988375705103,0.4561468508813213
37.0,North Carolina,NC,1996.25,10.239210640165966,0.0,,,477.0,0.024824168440193396,0.4668776717226201
37.0,North Carolina,NC,1996.5,10.267326615168937,0.0,,,477.0,0.02494013687617908,0.4648865792137817
37.0,North Carolina,NC,1996.75,10.294397122045153,0.0,,,520.0,0.02513236703116998,0.4704341325758079
37.0,North Carolina,NC,1997.0,10.32048880088186,0.0,,,507.0,0.025159383948307554,0.4617303734467833
37.0,North Carolina,NC,1997.25,10.331539905121126,0.0,,,496.0,0.02535588836188753,0.471590335363726
37.0,North Carolina,NC,1997.5,10.342363163728225,0.0,,,499.0,0.02566852360663874,0.4714614504236167
37.0,North Carolina,NC,1997.75,10.352966166028482,0.0,,,555.0,0.025577119788363138,0.4730045170661474
37.0,North Carolina,NC,1998.0,10.363356145992064,0.0,,,529.0,0.025557806057813676,0.4604475544259932
37.0,North Carolina,NC,1998.25,10.37699463749007,0.0,,,522.0,0.025620520485185132,0.47355986983642184
37.0,North Carolina,NC,1998.5,10.390330674995866,0.0,,,528.0,0.025715547982350078,0.4728073850429671
37.0,North Carolina,NC,1998.75,10.403375356789931,0.0,,,589.0,0.025882892247843493,0.4776092460134298
37.0,North Carolina,NC,1999.0,10.416139202176666,0.0,,,548.0,0.026070271560192072,0.4669506978820897
37.0,North Carolina,NC,1999.25,10.41932142587403,0.0,,,548.0,0.026533668640826753,0.4753672837338022
37.0,North Carolina,NC,1999.5,10.422467426696322,0.0,,,559.0,0.02699449035383063,0.47537150214922463
37.0,North Carolina,NC,1999.75,10.4255778349307,0.0,,,610.0,0.027385799859682813,0.47928119233142685
37.0,North Carolina,NC,2000.0,10.428653265994008,0.0,,,598.0,0.027233421442795957,0.469137724221919
37.0,North Carolina,NC,2000.25,10.435143147104144,0.0,,,580.0,0.02742286203121347,0.47784755926191547
37.0,North Carolina,NC,2000.5,10.441540481824193,0.0,,,585.0,0.027362461557196852,0.4750759116973988
37.0,North Carolina,NC,2000.75,10.44784736387832,0.0,,,629.0,0.02736379760564784,0.47526539206737106
37.0,North Carolina,NC,2001.0,10.454065821000096,0.0,,,625.0,0.027064762253228392,0.46468063040557334
37.0,North Carolina,NC,2001.25,10.464007286559218,0.0,,,602.0,0.027258057551928876,0.4661781267043581
37.0,North Carolina,NC,2001.5,10.473782129531102,0.0,,,596.0,0.027187664391896554,0.45799427921995317
37.0,North Carolina,NC,2001.75,10.483394959575003,0.0,,,641.0,0.027252990285104355,0.4554832803409391
37.0,North Carolina,NC,2002.0,10.492850204837003,0.0,,,637.0,0.027779535949228225,0.4462883692895075
37.0,North Carolina,NC,2002.25,10.501686257348185,0.0,,,615.0,0.02785632474902626,0.4516363291464857
37.0,North Carolina,NC,2002.5,10.51039477636096,0.0,,,613.0,0.027899117197261018,0.4476725420274359
37.0,North Carolina,NC,2002.75,10.518978826389809,0.0,,,650.0,0.027898918202053577,0.4489473781555417
37.0,North Carolina,NC,2003.0,10.527441366616772,0.0,,,651.0,0.026543897115595474,0.43660440052188776
37.0,North Carolina,NC,2003.25,10.531164147824674,0.0,,,621.0,0.026478848502490562,0.4411622029989267
37.0,North Carolina,NC,2003.5,10.534844628133303,0.0,,,628.0,0.026576297241702573,0.4370496969984012
37.0,North Carolina,NC,2003.75,10.538483548957869,0.0,,,679.0,0.02669893633161969,0.4413798577744034
37.0,North Carolina,NC,2004.0,10.542081633962669,0.0,2495.263617436005,1814.0660893200543,669.0,0.02657207541734322,0.4319291492383938
37.0,North Carolina,NC,2004.25,10.558243273388106,0.0,2484.208244915744,1806.0287916759628,639.0,0.026566670729925506,0.4403527715698057
37.0,North Carolina,NC,2004.5,10.574008652988285,0.0,2473.2504028870544,1798.0623990681956,653.0,0.026576842249691878,0.4394155966323724
37.0,North Carolina,NC,2004.75,10.589394059251031,0.0,2462.388806396931,1790.1659773310582,715.0,0.02663595906392654,0.443287662956389
37.0,North Carolina,NC,2005.0,10.604414822774563,0.0,2694.9538373105356,1878.8748188338582,690.0,0.026501805142482137,0.4350097205870635
37.0,North Carolina,NC,2005.25,10.602722011088378,0.0,2678.6562606621187,1867.5124326034195,665.0,0.026535751175924775,0.43999208262364337
37.0,North Carolina,NC,2005.5,10.616215888798727,0.0,2662.5546164183797,1856.286647028712,689.0,0.02668538951261491,0.4385374594336604
37.0,North Carolina,NC,2005.75,10.627910704343453,0.0,2646.6453923893687,1845.1950134721515,718.0,0.026733965048638758,0.4424871058925277
37.0,North Carolina,NC,2006.0,10.659436560724654,0.0,2913.2652706489766,2100.3082782062224,744.0,0.02675527375530852,0.4349821937282001
37.0,North Carolina,NC,2006.25,10.669539104601949,0.0,2896.959443401027,2088.552649806396,690.0,0.026864346535963757,0.44167295537483986
37.0,North Carolina,NC,2006.5,10.672137612940528,0.0,2880.835130779864,2076.927883733834,695.0,0.027366320961434147,0.4401215903893402
37.0,North Carolina,NC,2006.75,10.676898923786988,0.0,2864.8893186614537,2065.4318069664896,751.0,0.027466062017324346,0.4470204943855506
37.0,North Carolina,NC,2007.0,10.670938780864988,0.0,3192.486277473978,2161.338893448228,778.0,0.02724742178607084,0.43827646235697443
37.0,North Carolina,NC,2007.25,10.671468464375788,0.0,3175.8190421224776,2150.055041027113,718.0,0.02733678889884125,0.444308081375622
37.0,North Carolina,NC,2007.5,10.671577080644989,0.0,3159.324934502731,2138.8883974732094,719.0,0.02749924759134263,0.4409368700646415
37.0,North Carolina,NC,2007.75,10.680922146970197,0.0,3143.0012710552264,2127.8371459951395,778.0,0.02770418834939464,0.44489513470464487
37.0,North Carolina,NC,2008.0,10.69231407859399,0.0,3166.1911462214357,2231.6160709403966,788.0,0.027687567760454997,0.4344030099597373
37.0,North Carolina,NC,2008.25,10.70657134808819,0.0,3154.3221795181553,2223.250506254857,736.0,0.027433527388219883,0.4359508247557856
37.0,North Carolina,NC,2008.5,10.710553588951852,0.0,3142.5418658708895,2214.9474266106195,740.0,0.027446643653731288,0.4299465972316066
37.0,North Carolina,NC,2008.75,10.688819576910683,0.0,3130.8492157088876,2206.706134531792,793.0,0.027441498913900356,0.4273677441785262
37.0,North Carolina,NC,2009.0,10.668092824934153,0.0,2892.788303716806,2304.6652089630356,767.0,0.02697150324152453,0.4079680484796868
37.0,North Carolina,NC,2009.25,10.667755087981943,0.0,2884.443713192915,2298.017129171388,735.0,0.026607320276272738,0.405640242590145
37.0,North Carolina,NC,2009.5,10.6690083891996,0.0,2876.1471261170213,2291.4072934076107,745.0,0.02640863307278472,0.39799568062978485
37.0,North Carolina,NC,2009.75,10.668523826961245,0.0,2867.8981294571095,2284.8353726118426,818.0,0.02627917502954849,0.3998516055399817
37.0,North Carolina,NC,2010.0,10.669749795601156,0.0,2966.5022651629397,2383.6637317101367,791.0,0.026172844930622358,0.3897008534267052
37.0,North Carolina,NC,2010.25,10.671573515541963,0.0,2959.37789966465,2377.939113917274,764.0,0.026196296423464716,0.39714808931439366
37.0,North Carolina,NC,2010.5,10.676225591948931,0.0,2952.2876719987503,2372.24192678371,768.0,0.02620828721556691,0.39372035574614267
37.0,North Carolina,NC,2010.75,10.69174461422325,0.0,2945.231337384247,2366.571973621387,841.0,0.026311932829737084,0.3990572171932879
37.0,North Carolina,NC,2011.0,10.684654947635437,0.0,3088.175138584616,2484.808718052281,825.0,0.026099468001276143,0.3912748050807641
37.0,North Carolina,NC,2011.25,10.703859601412962,0.0,3080.5772460026424,2478.695298676991,783.0,0.02615918565885728,0.3985084841673001
37.0,North Carolina,NC,2011.5,10.699850469338385,0.0,3073.016648126131,2472.6118873825612,808.0,0.026347598290015775,0.3952241476723697
37.0,North Carolina,NC,2011.75,10.69576111833773,0.0,3065.49307103246,2466.558263765262,824.0,0.026457740971030527,0.3999474270956374
37.0,North Carolina,NC,2012.0,10.712309022497688,0.0,3098.700669749928,2444.875143325459,869.0,0.02631298945483741,0.3942073685317573
37.0,North Carolina,NC,2012.25,10.70650692073078,0.0,3091.135120764102,2438.9059244068244,788.0,0.026500843203762323,0.4011413988930176
37.0,North Carolina,NC,2012.5,10.71502632522008,0.0,3083.606424724822,2432.9657824667593,806.0,0.026413937475766123,0.3982441420277743
37.0,North Carolina,NC,2012.75,10.707075021229684,0.0,3076.1143130118207,2427.0545055638463,854.0,0.026390503207905997,0.40404500918766617
37.0,North Carolina,NC,2013.0,10.722680414131863,0.0,3231.650576786881,2455.2974671775596,884.0,0.025887077189763037,0.3969990621434138
37.0,North Carolina,NC,2013.25,10.728497339605871,0.0,3224.049649905197,2449.5225431635417,808.0,0.025951686919711867,0.40362664505174956
37.0,North Carolina,NC,2013.5,10.743141533504344,0.0,3216.4843942823795,2443.774720950745,816.0,0.025851753861715843,0.401493245167157
37.0,North Carolina,NC,2013.75,10.756338312144957,0.0,3208.9545593976836,2438.053810202083,861.0,0.026003923290091078,0.4077195824005814
37.0,North Carolina,NC,2014.0,10.760675218597331,0.0,3154.6464964815686,2521.0761113983845,913.0,0.026167058520600993,0.39939302484897843
37.0,North Carolina,NC,2014.25,10.764189409783777,0.0,3146.665566220396,2514.6980488640816,818.0,0.026060595883121058,0.40862137066824894
37.0,North Carolina,NC,2014.5,10.777912408581251,0.0,3138.724915915879,2508.3521765725227,838.0,0.026051017084230844,0.40629370448442803
37.0,North Carolina,NC,2014.75,10.785518790829348,0.0,3130.8242413946646,2502.0382514396806,890.0,0.02599842951879294,0.4131436338289108
37.0,North Carolina,NC,2015.0,10.80549000869915,0.0,3355.6634625407046,2593.6598484572182,930.0,0.026257510324173363,0.40616111483467604
37.0,North Carolina,NC,2015.25,10.813455450065897,0.0,3346.3596879545853,2586.4687737703534,847.0,0.026434931270838225,0.4142003549308654
37.0,North Carolina,NC,2015.5,10.818837696301395,0.0,3337.107361252175,2579.3174641885876,863.0,0.026386715194460165,0.4123283810922889
37.0,North Carolina,NC,2015.75,10.82380740869555,0.0,3327.9060568664295,2572.2055907825834,939.0,0.026672991472629772,0.4191940731297454
37.0,North Carolina,NC,2016.0,10.830569782135886,0.0,,,927.0,0.026412989016819904,0.41221583289871305
38.0,North Dakota,ND,1990.0,9.800795464938354,0.0,,,331.0,0.034625246007041095,0.3732192749293669
38.0,North Dakota,ND,1990.25,9.805498812680348,0.0,,,332.0,0.03452908182962389,0.38864546355263585
38.0,North Dakota,ND,1990.5,9.810187228129296,0.0,,,332.0,0.03472489434114578,0.3861012471749704
38.0,North Dakota,ND,1990.75,9.814860833568227,0.0,,,360.0,0.03473553838512753,0.39496926716920555
38.0,North Dakota,ND,1991.0,9.81951974986184,0.0,,,337.0,0.03473361509894566,0.38296214620038493
38.0,North Dakota,ND,1991.25,9.84399022488356,0.0,,,342.0,0.03472976827178507,0.3948831694743864
38.0,North Dakota,ND,1991.5,9.86783040828622,0.0,,,345.0,0.03469139136059078,0.394713872160857
38.0,North Dakota,ND,1991.75,9.891070864888697,0.0,,,370.0,0.03488520723237174,0.4014462443208745
38.0,North Dakota,ND,1992.0,9.913739991674497,0.0,,,354.0,0.034674400640528465,0.3903661677292524
38.0,North Dakota,ND,1992.25,9.915529928512363,0.0,,,353.0,0.03475586734144925,0.40461601363128624
38.0,North Dakota,ND,1992.5,9.917312491193616,0.0,,,356.0,0.03478243198776964,0.403589385660434
38.0,North Dakota,ND,1992.75,9.91908772800915,0.0,,,394.0,0.034901054736948114,0.41216751350868175
38.0,North Dakota,ND,1993.0,9.920855686807586,0.0,,,353.0,0.034517229763449446,0.399268993079815
38.0,North Dakota,ND,1993.25,9.94321724255168,0.0,,,364.0,0.03390991928212012,0.41442186447972035
38.0,North Dakota,ND,1993.5,9.96502931325457,0.0,,,367.0,0.03388283230431875,0.413394815010653
38.0,North Dakota,ND,1993.75,9.986316910650729,0.0,,,406.0,0.034025099897966635,0.42178088864799834
38.0,North Dakota,ND,1994.0,10.00710338174831,0.0,,,366.0,0.03391418167381095,0.4090395427654502
38.0,North Dakota,ND,1994.25,10.015289101707792,0.0,,,373.0,0.03418731924636092,0.42648228956416717
38.0,North Dakota,ND,1994.5,10.02338941679155,0.0,,,381.0,0.03432985001191364,0.4264820104035475
38.0,North Dakota,ND,1994.75,10.031405918308952,0.0,,,410.0,0.03455395433295986,0.4357475305541604
38.0,North Dakota,ND,1995.0,10.039340154032692,0.0,,,382.0,0.034055125402882226,0.4236900924931155
38.0,North Dakota,ND,1995.25,10.065753739676785,0.0,,,391.0,0.03429768092408356,0.4380020957038072
38.0,North Dakota,ND,1995.5,10.091437660507802,0.0,,,385.0,0.034325619659008454,0.4357828010892914
38.0,North Dakota,ND,1995.75,10.11642987368344,0.0,,,418.0,0.03449663675490904,0.4430300423217639
38.0,North Dakota,ND,1996.0,10.140765452937028,0.0,,,455.0,0.06924853393851613,1.0068928721889596
38.0,North Dakota,ND,1996.25,10.13001578376206,0.0,,,453.0,0.06981839097960599,1.0349450810282643
38.0,North Dakota,ND,1996.5,10.1191437054376,0.0,,,449.0,0.07064236696002917,1.033187754564143
38.0,North Dakota,ND,1996.75,10.108146461423202,0.0,,,469.0,0.07070816647624763,1.0514536602129358
38.0,North Dakota,ND,1997.0,10.097021201053664,0.0,,,404.0,0.03474595053838908,0.44185100361799107
38.0,North Dakota,ND,1997.25,10.113466592298632,0.0,,,417.0,0.03506477502041068,0.4574225549547884
38.0,North Dakota,ND,1997.5,10.12967292192575,0.0,,,416.0,0.03513591849823627,0.46033860397806226
38.0,North Dakota,ND,1997.75,10.145647447966413,0.0,,,458.0,0.03518249346529276,0.46825484998204947
38.0,North Dakota,ND,1998.0,10.161397103907452,0.0,,,422.0,0.03475812778364621,0.451801609804612
38.0,North Dakota,ND,1998.25,10.165595607357002,0.0,,,436.0,0.035470097860142914,0.46934314705179325
38.0,North Dakota,ND,1998.5,10.169787128116328,0.0,,,432.0,0.03576429933325128,0.46742390990493043
38.0,North Dakota,ND,1998.75,10.173971720319456,0.0,,,479.0,0.0354732708369424,0.4752743437575371
38.0,North Dakota,ND,1999.0,10.17814943767894,0.0,,,431.0,0.035164429212475104,0.4578790000087956
38.0,North Dakota,ND,1999.25,10.1933325010002,0.0,,,448.0,0.03554140127388535,0.47939102066179895
38.0,North Dakota,ND,1999.5,10.208314287260352,0.0,,,451.0,0.03584128519251611,0.4781424291096354
38.0,North Dakota,ND,1999.75,10.223100421124972,0.0,,,496.0,0.036017193136440175,0.48421057545963003
38.0,North Dakota,ND,2000.0,10.237696295700664,0.0,,,465.0,0.035874104198759235,0.46967112808523476
38.0,North Dakota,ND,2000.25,10.246680502651392,0.0,,,463.0,0.03597788962824901,0.4866714409517487
38.0,North Dakota,ND,2000.5,10.255605200740844,0.0,,,468.0,0.03608347611594859,0.4844768301869119
38.0,North Dakota,ND,2000.75,10.264471331209132,0.0,,,500.0,0.03631747153124266,0.48850771208343413
38.0,North Dakota,ND,2001.0,10.273279813773726,0.0,,,484.0,0.03642839035962082,0.47674873486453584
38.0,North Dakota,ND,2001.25,10.290779008341916,0.0,,,481.0,0.03652566337188507,0.49368450189941065
38.0,North Dakota,ND,2001.5,10.307989175102332,0.0,,,489.0,0.03659638436303563,0.4881303028167728
38.0,North Dakota,ND,2001.75,10.324919903211514,0.0,,,522.0,0.03652774198904591,0.4930271366917218
38.0,North Dakota,ND,2002.0,10.341580312593424,0.0,,,500.0,0.036549936693785964,0.47621368249948814
38.0,North Dakota,ND,2002.25,10.361160945421862,0.0,,,499.0,0.036889995421648905,0.49236895791794294
38.0,North Dakota,ND,2002.5,10.380355861338744,0.0,,,503.0,0.03693230539121446,0.4902981110454182
38.0,North Dakota,ND,2002.75,10.39917978111149,0.0,,,540.0,0.03700121231385189,0.494708604296766
38.0,North Dakota,ND,2003.0,10.417646598675262,0.0,,,519.0,0.03712800379451392,0.4788105722504776
38.0,North Dakota,ND,2003.25,10.430753400778796,0.0,,,516.0,0.037175400483219295,0.49419558980397915
38.0,North Dakota,ND,2003.5,10.443631667255342,0.0,,,527.0,0.03720699762060954,0.4916290228501472
38.0,North Dakota,ND,2003.75,10.456288364349655,0.0,,,563.0,0.03730685459234834,0.4964359726568755
38.0,North Dakota,ND,2004.0,10.46873014959688,0.0,3035.589920971607,1679.0314950248562,542.0,0.037327149626573394,0.48085299995088193
38.0,North Dakota,ND,2004.25,10.484725083238164,0.0,3033.9616557450495,1678.130876473333,539.0,0.03759547694678405,0.5019561760749667
38.0,North Dakota,ND,2004.5,10.500451453598874,0.0,3032.335136357932,1677.2312235724678,548.0,0.03776745166153546,0.5003943309311943
38.0,North Dakota,ND,2004.75,10.515917865254297,0.0,3030.710360003902,1676.3325347700247,600.0,0.03791136721574992,0.5074536877158043
38.0,North Dakota,ND,2005.0,10.531132516165036,0.0,3309.599761023636,1759.536224885426,548.0,0.03813251734668134,0.49192397125886167
38.0,North Dakota,ND,2005.25,10.5391781891761,0.0,3305.336924182156,1757.2699037635514,561.0,0.038299811144229465,0.5122830963586943
38.0,North Dakota,ND,2005.5,10.5479094061043,0.0,3301.0850544688537,1755.00941327399,581.0,0.03840955422223354,0.5089677612411885
38.0,North Dakota,ND,2005.75,10.566483700848403,0.0,3296.8441096149136,1752.7547309446857,614.0,0.03865469451944703,0.5141434640466191
38.0,North Dakota,ND,2006.0,10.585529632565832,0.0,3778.644702520087,1832.1938585388239,587.0,0.03880989556867492,0.5021434444783207
38.0,North Dakota,ND,2006.25,10.608524912478874,0.0,3773.705464790118,1829.7989149156044,591.0,0.03888987992716894,0.5217555115397864
38.0,North Dakota,ND,2006.5,10.614146923759554,0.0,3768.7791228064784,1827.410224197616,587.0,0.03792376851035597,0.5163937531420123
38.0,North Dakota,ND,2006.75,10.63640705209064,0.0,3763.8656261311835,1825.0277619284263,643.0,0.03775008742706742,0.5234140934477759
38.0,North Dakota,ND,2007.0,10.680559987181471,0.0,4158.049207900469,1992.2000177690088,614.0,0.03805784731519465,0.5091249988511417
38.0,North Dakota,ND,2007.25,10.682153553938988,0.0,4150.504102582726,1988.5850151087425,618.0,0.03842456236250662,0.5261132464461166
38.0,North Dakota,ND,2007.5,10.69181995973599,0.0,4142.986330034318,1984.9831080952174,622.0,0.038509116744544186,0.5219739757064876
38.0,North Dakota,ND,2007.75,10.72421479023366,0.0,4135.495742000945,1981.3942256969929,690.0,0.03862535892766753,0.5307511997264805
38.0,North Dakota,ND,2008.0,10.776249745582112,0.0,5203.429602064574,2120.12731743741,653.0,0.038572377955773465,0.518430765440585
38.0,North Dakota,ND,2008.25,10.803297382499698,0.0,5188.8333475504,2114.180101794194,655.0,0.0388796951861014,0.5351970959272845
38.0,North Dakota,ND,2008.5,10.830684638134166,0.0,5174.318752518833,2108.2661581490725,665.0,0.03899323799636607,0.5317406368719111
38.0,North Dakota,ND,2008.75,10.804187665361162,0.0,5159.885133609277,2102.3852080680936,725.0,0.038935740344953555,0.5373330221771657
38.0,North Dakota,ND,2009.0,10.78035062259397,0.0,5359.3195462037265,2173.9557392235415,667.0,0.038520650617774085,0.5133645528807401
38.0,North Dakota,ND,2009.25,10.774006677105298,0.0,5340.130289987001,2166.171804467621,667.0,0.03864795106071334,0.5270693244125775
38.0,North Dakota,ND,2009.5,10.796413649669235,0.0,5321.077959289104,2158.443412213866,680.0,0.03865638815851359,0.522523181639236
38.0,North Dakota,ND,2009.75,10.813694829376544,0.0,5302.161093765923,2150.769970087921,752.0,0.03860971692505912,0.5284139952722897
38.0,North Dakota,ND,2010.0,10.84187978178297,0.0,5445.7767380353025,2166.144818731969,683.0,0.038176437972739376,0.5104819285443902
38.0,North Dakota,ND,2010.25,10.871563880413737,0.0,5423.764900958047,2157.3892583905676,711.0,0.038413409256515374,0.5322881468340362
38.0,North Dakota,ND,2010.5,10.892972605360702,0.0,5401.9302912789835,2148.704193082069,726.0,0.03875876653122569,0.5291526532068825
38.0,North Dakota,ND,2010.75,10.929219145224083,0.0,5380.2707771716405,2140.0887748383902,809.0,0.038852357088402074,0.541764770357416
38.0,North Dakota,ND,2011.0,10.96996725304156,0.0,7215.438614918685,2238.130875479229,748.0,0.03878764537343393,0.5273955616243311
38.0,North Dakota,ND,2011.25,10.98649391903333,0.0,7171.989276839169,2224.6534820365305,769.0,0.03930520588070031,0.547136412163791
38.0,North Dakota,ND,2011.5,11.021586168342468,0.0,7129.060085920423,2211.3374311652874,820.0,0.03983386700279555,0.5514137616334057
38.0,North Dakota,ND,2011.75,11.0883235448129,0.0,7086.6417574434845,2198.1798428720185,871.0,0.04021438982253701,0.567859126176045
38.0,North Dakota,ND,2012.0,11.153865189772452,0.0,7506.562577002565,2399.6299603895245,858.0,0.04057616791081447,0.5601399826517226
38.0,North Dakota,ND,2012.25,11.205955634703493,0.0,7448.3937984934355,2381.035091934367,855.0,0.0412482157242393,0.5848886564815731
38.0,North Dakota,ND,2012.5,11.230298473519529,0.0,7391.119594195663,2362.7261928636444,873.0,0.04175145466045301,0.5846662169572248
38.0,North Dakota,ND,2012.75,11.248170154911897,0.0,7334.719485175413,2344.696716657203,944.0,0.04193805181647127,0.5884455800869175
38.0,North Dakota,ND,2013.0,11.222635551433,0.0,8960.32977035133,2615.097117617079,885.0,0.04178205268093793,0.5698303497560147
38.0,North Dakota,ND,2013.25,11.226629469277247,0.0,8911.450393738103,2600.8315358619157,887.0,0.04205001371927715,0.5865440276615427
38.0,North Dakota,ND,2013.5,11.248165447558918,0.0,8863.10140628981,2586.7207496569154,921.0,0.04220987032787927,0.5878724495755583
38.0,North Dakota,ND,2013.75,11.219065155962165,0.0,8815.27422172746,2572.7622530727167,980.0,0.042427789767475355,0.5959312631939988
38.0,North Dakota,ND,2014.0,11.244928421245124,0.0,9887.577307326357,2567.2884590433355,944.0,0.04197571576853213,0.576200426001211
38.0,North Dakota,ND,2014.25,11.294124159150396,0.0,9831.335436665371,2552.6853767133525,936.0,0.04228927008375813,0.5989893658658842
38.0,North Dakota,ND,2014.5,11.309356057401008,0.0,9775.729769852995,2538.2474833621627,979.0,0.04243358394482939,0.5999175540959379
38.0,North Dakota,ND,2014.75,11.309464955235825,0.0,9720.749572566385,2523.9719918456262,1050.0,0.04260683515097118,0.6080055345746486
38.0,North Dakota,ND,2015.0,11.244944499714046,0.0,9416.406482258351,2738.6471291628955,983.0,0.042169032880350406,0.5788637329580865
38.0,North Dakota,ND,2015.25,11.22586716804639,0.0,9412.93338488874,2737.637021096882,939.0,0.04244009408091315,0.5845181225951037
38.0,North Dakota,ND,2015.5,11.213422756196325,0.0,9409.462848572111,2736.6276578819334,957.0,0.04264229888426558,0.5735732702573585
38.0,North Dakota,ND,2015.75,11.189569433293675,0.0,9405.994870476734,2735.6190386944763,1021.0,0.042520996036877395,0.5717732358726112
38.0,North Dakota,ND,2016.0,11.155182412417366,0.0,,,908.0,0.042175493962678376,0.5413135220524079
39.0,Ohio,OH,1990.0,9.949053544310551,0.0,,,428.0,0.021656249234869657,0.4286374472938333
39.0,Ohio,OH,1990.25,9.954365424688492,0.0,,,422.0,0.021892199245132693,0.4413065342760998
39.0,Ohio,OH,1990.5,9.959629521013849,0.0,,,423.0,0.021681047581825593,0.44139906218838726
39.0,Ohio,OH,1990.75,9.964846547138604,0.0,,,461.0,0.021581710519065638,0.439598797733201
39.0,Ohio,OH,1991.0,9.97001720164262,0.0,,,441.0,0.021584883720292842,0.4223281729190409
39.0,Ohio,OH,1991.25,9.985768245401768,0.0,,,435.0,0.021819002320141716,0.4295071363557934
39.0,Ohio,OH,1991.5,10.001216448732936,0.0,,,441.0,0.021725406461731645,0.430447641574752
39.0,Ohio,OH,1991.75,10.01637225395793,0.0,,,475.0,0.02167467883664132,0.4312748999988002
39.0,Ohio,OH,1992.0,10.03124557733892,0.0,,,460.0,0.021614079638378445,0.41831308735086453
39.0,Ohio,OH,1992.25,10.038520540714648,0.0,,,460.0,0.023016000227927793,0.43009525225936557
39.0,Ohio,OH,1992.5,10.045719642470225,0.0,,,463.0,0.023088875564936846,0.43006051071464296
39.0,Ohio,OH,1992.75,10.052844246727918,0.0,,,524.0,0.02308148420231309,0.43389663043928006
39.0,Ohio,OH,1993.0,10.05989568195778,0.0,,,462.0,0.023403001853863657,0.4207979240570488
39.0,Ohio,OH,1993.25,10.080000031321502,0.0,,,472.0,0.023694866509654043,0.4333799998323431
39.0,Ohio,OH,1993.5,10.099663148147531,0.0,,,479.0,0.02380739039276083,0.4355788702415139
39.0,Ohio,OH,1993.75,10.118903080403747,0.0,,,535.0,0.023847839408963973,0.442865935364404
39.0,Ohio,OH,1994.0,10.137736793724445,0.0,,,491.0,0.024040628188199655,0.4317398664007043
39.0,Ohio,OH,1994.25,10.150359969422109,0.0,,,485.0,0.02431700072053109,0.44645099756017187
39.0,Ohio,OH,1994.5,10.162797911726706,0.0,,,503.0,0.02468266338868286,0.44861409233330674
39.0,Ohio,OH,1994.75,10.17505560947725,0.0,,,534.0,0.023498645810040488,0.4538588126709735
39.0,Ohio,OH,1995.0,10.18713785376317,0.0,,,518.0,0.023335786004705452,0.4441614088063429
39.0,Ohio,OH,1995.25,10.197591281727227,0.0,,,501.0,0.023638048403739665,0.458193500208542
39.0,Ohio,OH,1995.5,10.207918188854146,0.0,,,502.0,0.02375389932039175,0.4592603793347031
39.0,Ohio,OH,1995.75,10.218121399131787,0.0,,,546.0,0.02386215450313047,0.46191869388313234
39.0,Ohio,OH,1996.0,10.228203643532524,0.0,,,531.0,0.02400419396295967,0.45006761496315234
39.0,Ohio,OH,1996.25,10.253090955026387,0.0,,,519.0,0.02416042114358586,0.4620648251603862
39.0,Ohio,OH,1996.5,10.277337113819785,0.0,,,521.0,0.02432848683651963,0.46391068563205345
39.0,Ohio,OH,1996.75,10.30097344265617,0.0,,,568.0,0.02430798623215964,0.4669796479628196
39.0,Ohio,OH,1997.0,10.324029025433106,0.0,,,554.0,0.02436058377862827,0.4570713392035622
39.0,Ohio,OH,1997.25,10.338817912605924,0.0,,,538.0,0.024659172670894465,0.4696527683310729
39.0,Ohio,OH,1997.5,10.353369381011262,0.0,,,545.0,0.024768721512824908,0.471213824717602
39.0,Ohio,OH,1997.75,10.367690606701313,0.0,,,602.0,0.02459782493417395,0.4747140423263326
39.0,Ohio,OH,1998.0,10.381788445904371,0.0,,,578.0,0.024589763936568827,0.46283849809020927
39.0,Ohio,OH,1998.25,10.390687692024862,0.0,,,562.0,0.02482090702681167,0.4772109508781617
39.0,Ohio,OH,1998.5,10.39949916475886,0.0,,,565.0,0.02489973281217504,0.47714579288461734
39.0,Ohio,OH,1998.75,10.408224493379462,0.0,,,636.0,0.024804327861808594,0.4814238883424528
39.0,Ohio,OH,1999.0,10.41686526233763,0.0,,,587.0,0.02483376492904475,0.47137647361396673
39.0,Ohio,OH,1999.25,10.41170706685465,0.0,,,583.0,0.02491554699089628,0.4820323663156594
39.0,Ohio,OH,1999.5,10.406528559150647,0.0,,,591.0,0.024980487023281248,0.4838891633258803
39.0,Ohio,OH,1999.75,10.401329549160238,0.0,,,653.0,0.024980009832676967,0.4876482086293903
39.0,Ohio,OH,2000.0,10.396109844201662,0.0,,,641.0,0.02482385995283337,0.4758574563115277
39.0,Ohio,OH,2000.25,10.39729884130981,0.0,,,603.0,0.02495736787912529,0.4886033366189489
39.0,Ohio,OH,2000.5,10.398485181591951,0.0,,,610.0,0.025012057739838257,0.4876409466970027
39.0,Ohio,OH,2000.75,10.399668874775251,0.0,,,650.0,0.02484193837092872,0.48824913868351366
39.0,Ohio,OH,2001.0,10.400849930536085,0.0,,,647.0,0.02490497395192091,0.4732708467472774
39.0,Ohio,OH,2001.25,10.40951739565835,0.0,,,621.0,0.025054234573673645,0.4813826504356442
39.0,Ohio,OH,2001.5,10.418102691881872,0.0,,,625.0,0.02511167546738706,0.47795349680304616
39.0,Ohio,OH,2001.75,10.426607294115891,0.0,,,668.0,0.025171081819148688,0.4751513070149131
39.0,Ohio,OH,2002.0,10.43503263799762,0.0,,,659.0,0.025010762289149203,0.45975803820204303
39.0,Ohio,OH,2002.25,10.443923039146698,0.0,,,640.0,0.025171854807614493,0.469364283132226
39.0,Ohio,OH,2002.5,10.45272476571554,0.0,,,647.0,0.025073943828912874,0.4698673160476477
39.0,Ohio,OH,2002.75,10.461439473714302,0.0,,,687.0,0.025384966258390283,0.46924571113715763
39.0,Ohio,OH,2003.0,10.47006877334842,0.0,,,680.0,0.025323075513074663,0.45393632716817023
39.0,Ohio,OH,2003.25,10.48333858900247,0.0,,,654.0,0.025505995144090094,0.46422277230661985
39.0,Ohio,OH,2003.5,10.496424692935962,0.0,,,658.0,0.025554375994203533,0.46361107116856254
39.0,Ohio,OH,2003.75,10.50933197163929,0.0,,,712.0,0.025013615505973037,0.46464805948912413
39.0,Ohio,OH,2004.0,10.52206511933945,0.0,2684.7514082602625,2192.470720385014,692.0,0.025335106609172292,0.45195705775804834
39.0,Ohio,OH,2004.25,10.542445057993811,0.0,2684.1028385092272,2191.9410735116026,672.0,0.02496504097669159,0.46398689354627026
39.0,Ohio,OH,2004.5,10.562408384877546,0.0,2683.454582039435,2191.4116824756406,685.0,0.025077009863729776,0.4651355767365925
39.0,Ohio,OH,2004.75,10.58197160513509,0.0,2682.806638623953,2190.882547091806,754.0,0.025173829421098384,0.4666463404219312
39.0,Ohio,OH,2005.0,10.601150262220903,0.0,2904.5538290826744,2320.6967963905745,705.0,0.025279587414466315,0.4528828762813333
39.0,Ohio,OH,2005.25,10.607627373786942,0.0,2903.4208477729576,2319.7915605951475,693.0,0.025301729258155225,0.4658236811748125
39.0,Ohio,OH,2005.5,10.623152085471869,0.0,2902.2887500041948,2318.887030736254,723.0,0.025282711136461133,0.46577738874295965
39.0,Ohio,OH,2005.75,10.628549522607496,0.0,2901.1575347432617,2317.983205988443,751.0,0.02528287704702897,0.46687454655113764
39.0,Ohio,OH,2006.0,10.630296981190924,0.0,3100.762611058605,2460.738251263172,753.0,0.025286265484317727,0.45507888989313816
39.0,Ohio,OH,2006.25,10.6411411342895,0.0,3099.463093275488,2459.7069652480127,716.0,0.025312147214005053,0.4659900633901391
39.0,Ohio,OH,2006.5,10.64532688272259,0.0,3098.164664281956,2458.676543286803,725.0,0.025287967403254792,0.4644437164249792
39.0,Ohio,OH,2006.75,10.64475883692543,0.0,3096.867322710232,2457.6469842940865,773.0,0.025334008284043513,0.4648891848268082
39.0,Ohio,OH,2007.0,10.65917480186091,0.0,3160.1760902251976,2624.4256320699296,790.0,0.025352359573540834,0.45306379415747833
39.0,Ohio,OH,2007.25,10.663314579479223,0.0,3159.151262055517,2623.574544902573,740.0,0.025418458630158836,0.46473324938572247
39.0,Ohio,OH,2007.5,10.6703771264873,0.0,3158.1270983629156,2622.724009562276,745.0,0.025528658304693298,0.4632233510525648
39.0,Ohio,OH,2007.75,10.668041058658565,0.0,3157.1035985013546,2621.874025512523,795.0,0.025593962434740897,0.46384951293189874
39.0,Ohio,OH,2008.0,10.66957154273368,0.0,3238.180709625926,2694.189367951119,798.0,0.025720620341940625,0.4504113957861555
39.0,Ohio,OH,2008.25,10.674580506695143,0.0,3237.231570939156,2693.399677817086,756.0,0.02555863779607145,0.45960658970111
39.0,Ohio,OH,2008.5,10.668545239708898,0.0,3236.2829884908138,2692.610450477379,768.0,0.025531360549363058,0.45672141356915635
39.0,Ohio,OH,2008.75,10.641471750669258,0.0,3235.3349617920703,2691.8216855252886,816.0,0.02544666152691292,0.45123448771149777
39.0,Ohio,OH,2009.0,10.644719108432598,0.0,3079.2923277302525,2627.48957055385,789.0,0.025320464335873965,0.42925038095581747
39.0,Ohio,OH,2009.25,10.626660657720226,0.0,3078.4854496555877,2626.801079985157,753.0,0.025154619230613226,0.4316291913661397
39.0,Ohio,OH,2009.5,10.63033337336667,0.0,3077.678994328492,2626.1129501372766,765.0,0.025018163294224474,0.4272959848062778
39.0,Ohio,OH,2009.75,10.639405151101954,0.0,3076.8729614168187,2625.425180726794,840.0,0.024940541380306682,0.4264837227345227
39.0,Ohio,OH,2010.0,10.647396692430188,0.0,3063.5369621461186,2585.238709735557,783.0,0.02457416322335801,0.4143532083301165
39.0,Ohio,OH,2010.25,10.66611123775396,0.0,3063.2820864025653,2585.0236267623304,775.0,0.024738208620112563,0.42780701883396743
39.0,Ohio,OH,2010.5,10.683929310386098,0.0,3063.0272530650545,2584.8085795744546,790.0,0.024872858029177842,0.42834165020380993
39.0,Ohio,OH,2010.75,10.699052457085395,0.0,3062.772462123005,2584.5935681629994,866.0,0.02488568872791833,0.4305499245576826
39.0,Ohio,OH,2011.0,10.699707931319358,0.0,3263.6233345783357,2613.8099636685665,819.0,0.024874697093693242,0.41961826356122883
39.0,Ohio,OH,2011.25,10.719894152803295,0.0,3263.198292634643,2613.4695509574462,795.0,0.0249679383992889,0.4319963692929699
39.0,Ohio,OH,2011.5,10.742720293966553,0.0,3262.77336138824,2613.1292269029036,834.0,0.02505137003427873,0.4338424058231193
39.0,Ohio,OH,2011.75,10.762518513789654,0.0,3262.3485407958874,2612.78899147031,856.0,0.02505711313558068,0.435745194368077
39.0,Ohio,OH,2012.0,10.75646613683709,0.0,3293.423447422304,2700.1564994542823,874.0,0.02489550759040101,0.4272739264509992
39.0,Ohio,OH,2012.25,10.775308803053903,0.0,3292.056630640735,2699.0358967515826,816.0,0.024927752237928775,0.43917564401499737
39.0,Ohio,OH,2012.5,10.778592800230175,0.0,3290.690947884683,2697.916223794607,827.0,0.024950454916017186,0.43890009113414935
39.0,Ohio,OH,2012.75,10.772820278694086,0.0,3289.3263977434076,2696.7974794267425,887.0,0.024850616303334315,0.4417088972499205
39.0,Ohio,OH,2013.0,10.787588856375113,0.0,3442.717740726854,2777.6789879915527,884.0,0.024876530053270427,0.4305912872651985
39.0,Ohio,OH,2013.25,10.785264594420555,0.0,3440.9046521076993,2776.216138423255,829.0,0.02488416130156235,0.44355094787024973
39.0,Ohio,OH,2013.5,10.79279787214487,0.0,3439.0934721899052,2774.7548288475045,837.0,0.024919931118529574,0.44410756779539434
39.0,Ohio,OH,2013.75,10.81333285067705,0.0,3437.284197961023,2773.295056833776,887.0,0.024964637859450016,0.44698010289649764
39.0,Ohio,OH,2014.0,10.815575373735378,0.0,3428.469396626373,2840.013392663084,909.0,0.024843786763412156,0.43515279089712905
39.0,Ohio,OH,2014.25,10.838041131949746,0.0,3427.679910936189,2839.3594128038367,845.0,0.024904375701173362,0.4488630764492396
39.0,Ohio,OH,2014.5,10.863457066672025,0.0,3426.8907887575842,2838.705734063728,862.0,0.024967350586637693,0.4499253101654757
39.0,Ohio,OH,2014.75,10.865345501811328,0.0,3426.1020298395515,2838.0523562348353,922.0,0.02495151981015684,0.4536974378490624
39.0,Ohio,OH,2015.0,10.863940364503271,0.0,3565.022330718676,2931.3647718371853,920.0,0.024972576688332446,0.44168935067859594
39.0,Ohio,OH,2015.25,10.870887649205452,0.0,3564.3095511201755,2930.7786837818244,865.0,0.02498438336043204,0.4552323034948456
39.0,Ohio,OH,2015.5,10.873844152459174,0.0,3563.5970564866207,2930.1928300409013,877.0,0.02511677380308063,0.4559044855315273
39.0,Ohio,OH,2015.75,10.881793959263934,0.0,3562.884846647155,2929.6072104739283,965.0,0.025154209928740203,0.4589232708628227
39.0,Ohio,OH,2016.0,10.874850256999247,0.0,,,915.0,0.025132049745604002,0.4486149761736313
40.0,Oklahoma,OK,1990.0,9.817801188732622,0.0,,,382.0,0.023601819726405883,0.3650082173509166
40.0,Oklahoma,OK,1990.25,9.823560840078068,0.0,,,387.0,0.023713675777407787,0.3721190220871133
40.0,Oklahoma,OK,1990.5,9.829263476235337,0.0,,,381.0,0.023652392807701764,0.3686821050878376
40.0,Oklahoma,OK,1990.75,9.834910030996204,0.0,,,410.0,0.02378576339757849,0.37530353038696335
40.0,Oklahoma,OK,1991.0,9.840501416298912,0.0,,,392.0,0.024388116292545284,0.3690235054039755
40.0,Oklahoma,OK,1991.25,9.84770463984058,0.0,,,399.0,0.024273315803755864,0.3733800523743001
40.0,Oklahoma,OK,1991.5,9.854806123023325,0.0,,,397.0,0.024308793820846514,0.36558334168496337
40.0,Oklahoma,OK,1991.75,9.86180818158566,0.0,,,423.0,0.024393878596627512,0.3731657468119541
40.0,Oklahoma,OK,1992.0,9.86871305711948,0.0,,,405.0,0.024506934756127665,0.3669079633280412
40.0,Oklahoma,OK,1992.25,9.879595137070195,0.0,,,410.0,0.02448071974895763,0.37213523025484707
40.0,Oklahoma,OK,1992.5,9.89030751953748,0.0,,,408.0,0.024496655389736933,0.36642173410114093
40.0,Oklahoma,OK,1992.75,9.900854743824189,0.0,,,446.0,0.024446243815774104,0.3754226972918708
40.0,Oklahoma,OK,1993.0,9.911241173564722,0.0,,,399.0,0.02471892838419757,0.3701270542608248
40.0,Oklahoma,OK,1993.25,9.919281652868792,0.0,,,421.0,0.024873531145412242,0.3752014815388645
40.0,Oklahoma,OK,1993.5,9.927223152151338,0.0,,,418.0,0.0251027631835732,0.37024083307503824
40.0,Oklahoma,OK,1993.75,9.935067733803542,0.0,,,453.0,0.02526837318219289,0.38075428439354503
40.0,Oklahoma,OK,1994.0,9.942817398250352,0.0,,,413.0,0.025069644675001675,0.374369235645882
40.0,Oklahoma,OK,1994.25,9.95024942806482,0.0,,,425.0,0.025173697447834497,0.38121471061679235
40.0,Oklahoma,OK,1994.5,9.957596212695638,0.0,,,428.0,0.02532891961145811,0.3766961474634758
40.0,Oklahoma,OK,1994.75,9.964859405331003,0.0,,,449.0,0.025386571902570765,0.386484161777061
40.0,Oklahoma,OK,1995.0,9.972040612929163,0.0,,,430.0,0.02527017648225263,0.38156427890870226
40.0,Oklahoma,OK,1995.25,9.988701289336827,0.0,,,435.0,0.025313098555246372,0.3869510926186614
40.0,Oklahoma,OK,1995.5,10.005010885690684,0.0,,,428.0,0.02536032695093525,0.38013415986584315
40.0,Oklahoma,OK,1995.75,10.020982485992151,0.0,,,453.0,0.025495260378156887,0.39297515354519114
40.0,Oklahoma,OK,1996.0,10.03662846484994,0.0,,,441.0,0.02536129592599567,0.38879735882456434
40.0,Oklahoma,OK,1996.25,10.045898211296528,0.0,,,446.0,0.02545032950793919,0.39553197627710085
40.0,Oklahoma,OK,1996.5,10.055038162895643,0.0,,,437.0,0.025540417866941476,0.3906159240777833
40.0,Oklahoma,OK,1996.75,10.06405140066948,0.0,,,471.0,0.02548919375163461,0.4005137624131181
40.0,Oklahoma,OK,1997.0,10.072940900200624,0.0,,,457.0,0.025442369320087036,0.39611450069282267
40.0,Oklahoma,OK,1997.25,10.076032806484031,0.0,,,458.0,0.025452928121195404,0.4026834872023905
40.0,Oklahoma,OK,1997.5,10.07910052672565,0.0,,,455.0,0.02549087791569067,0.39801787449826853
40.0,Oklahoma,OK,1997.75,10.082144357875428,0.0,,,494.0,0.02587541125771139,0.41289151951219927
40.0,Oklahoma,OK,1998.0,10.08516459183368,0.0,,,472.0,0.025666966404850944,0.40695772399458
40.0,Oklahoma,OK,1998.25,10.091871604021971,0.0,,,482.0,0.025071617549868603,0.41486738658622757
40.0,Oklahoma,OK,1998.5,10.098502922303323,0.0,,,469.0,0.0257444053139123,0.4066524405414268
40.0,Oklahoma,OK,1998.75,10.105059964256537,0.0,,,511.0,0.02539544137465202,0.4153845798671953
40.0,Oklahoma,OK,1999.0,10.111544109492032,0.0,,,475.0,0.025667508547059525,0.4096025957962616
40.0,Oklahoma,OK,1999.25,10.126767229003752,0.0,,,489.0,0.025555205412599886,0.4162119772233702
40.0,Oklahoma,OK,1999.5,10.141724890957406,0.0,,,486.0,0.025587418261768972,0.40902896200427424
40.0,Oklahoma,OK,1999.75,10.156425609368505,0.0,,,530.0,0.025661289128118187,0.41901951188005737
40.0,Oklahoma,OK,2000.0,10.170877497078983,0.0,,,511.0,0.02571789605325436,0.41153921680733413
40.0,Oklahoma,OK,2000.25,10.175865693504145,0.0,,,510.0,0.02566211105483328,0.4203041244176239
40.0,Oklahoma,OK,2000.5,10.180820021490602,0.0,,,508.0,0.02572981298034448,0.41413400197790495
40.0,Oklahoma,OK,2000.75,10.185740884996209,0.0,,,548.0,0.025858015475980402,0.42612952896883693
40.0,Oklahoma,OK,2001.0,10.190628680919152,0.0,,,540.0,0.025927720573389865,0.41901973791737573
40.0,Oklahoma,OK,2001.25,10.196376922934196,0.0,,,530.0,0.026108428999062662,0.42675453563305443
40.0,Oklahoma,OK,2001.5,10.202074303399366,0.0,,,522.0,0.026183623770517726,0.41733499324821
40.0,Oklahoma,OK,2001.75,10.207721585646157,0.0,,,563.0,0.026061083625058667,0.4214708889453441
40.0,Oklahoma,OK,2002.0,10.213319516444464,0.0,,,549.0,0.025879314891031447,0.41160582923483174
40.0,Oklahoma,OK,2002.25,10.225908511330678,0.0,,,543.0,0.02584945518693926,0.4168865090405196
40.0,Oklahoma,OK,2002.5,10.238313057951911,0.0,,,539.0,0.025893440808742157,0.40708265155574924
40.0,Oklahoma,OK,2002.75,10.250538114318726,0.0,,,573.0,0.025933328172813064,0.41215133044782176
40.0,Oklahoma,OK,2003.0,10.262588442306184,0.0,,,563.0,0.026127766561708607,0.4015298236483939
40.0,Oklahoma,OK,2003.25,10.289267477355,0.0,,,565.0,0.026053160316067577,0.4042590304538299
40.0,Oklahoma,OK,2003.5,10.315178976904376,0.0,,,559.0,0.02601603812165502,0.3968732656484297
40.0,Oklahoma,OK,2003.75,10.34036393160953,0.0,,,597.0,0.026127880569785742,0.40488878153859686
40.0,Oklahoma,OK,2004.0,10.364860141247632,0.0,2631.8751129357975,1492.4562433178176,580.0,0.02605331335545764,0.39873553511687504
40.0,Oklahoma,OK,2004.25,10.384297128171283,0.0,2627.521541604622,1489.9874655699655,578.0,0.02610367270694412,0.40539894283344574
40.0,Oklahoma,OK,2004.5,10.403301131281276,0.0,2623.1823495899675,1487.526841894702,579.0,0.026181008025355428,0.4006043873450922
40.0,Oklahoma,OK,2004.75,10.421889779628186,0.0,2618.8574657695876,1485.0743319607673,627.0,0.02631934008438628,0.4111035777419237
40.0,Oklahoma,OK,2005.0,10.440079652527585,0.0,2733.37998087695,1561.9533579045465,590.0,0.026535557573880608,0.40536978417103997
40.0,Oklahoma,OK,2005.25,10.456112945202197,0.0,2724.647488276061,1556.9632920387469,595.0,0.02659263795814024,0.4131483963946047
40.0,Oklahoma,OK,2005.5,10.4791737232557,0.0,2715.9706144200354,1552.0050087593088,613.0,0.026502071279337874,0.40763520320387364
40.0,Oklahoma,OK,2005.75,10.490251790416783,0.0,2707.348829627684,1547.0782053870155,642.0,0.026608020296329592,0.41833588993603804
40.0,Oklahoma,OK,2006.0,10.574298076425857,0.0,3092.866900940154,1645.7386988083215,667.0,0.026632332523670803,0.41437888311088483
40.0,Oklahoma,OK,2006.25,10.551122968739982,0.0,3084.2299432342634,1641.1429059753887,639.0,0.026739695347432015,0.41969479806603754
40.0,Oklahoma,OK,2006.5,10.537877080003245,0.0,3075.641089314028,1636.5727095435127,631.0,0.026902627247736337,0.41392606803949417
40.0,Oklahoma,OK,2006.75,10.530375519396928,0.0,3067.099938422324,1632.0278962666905,679.0,0.026897448785922352,0.4223747075025917
40.0,Oklahoma,OK,2007.0,10.557402188317822,0.0,3219.566420285999,1808.7508932136125,675.0,0.027091784525921973,0.41730674003331364
40.0,Oklahoma,OK,2007.25,10.585502261789935,0.0,3211.9158746867197,1804.4528203119085,666.0,0.027282690948264354,0.42242370877399793
40.0,Oklahoma,OK,2007.5,10.6155991555277,0.0,3204.3016023523533,1800.175125713288,668.0,0.02724074308619704,0.41697537308919796
40.0,Oklahoma,OK,2007.75,10.620993524272174,0.0,3196.723345921261,1795.9176648321043,720.0,0.027459353443009104,0.42647263623248166
40.0,Oklahoma,OK,2008.0,10.630353837572812,0.0,3303.5555424728864,1887.1657923082628,711.0,0.027482600049714145,0.418907437206821
40.0,Oklahoma,OK,2008.25,10.677439354719596,0.0,3292.6526537403643,1880.937485143808,702.0,0.02737016537064077,0.4237609426466094
40.0,Oklahoma,OK,2008.5,10.678575931838257,0.0,3281.8214949662547,1874.7501539284658,699.0,0.027377064360781248,0.4175820694592386
40.0,Oklahoma,OK,2008.75,10.633734443213092,0.0,3271.061360605793,1868.6033956177205,756.0,0.027293779954407366,0.4217694803895084
40.0,Oklahoma,OK,2009.0,10.569727170133644,0.0,3266.1290756439953,1983.4184785123193,708.0,0.027138411845150544,0.4085937452365863
40.0,Oklahoma,OK,2009.25,10.549462122881776,0.0,3256.923353101553,1977.8281298837558,696.0,0.027065408136722396,0.40473678171718297
40.0,Oklahoma,OK,2009.5,10.557686411933265,0.0,3247.7693781408084,1972.269205950108,698.0,0.0271324397248961,0.3942104694174828
40.0,Oklahoma,OK,2009.75,10.55433728380088,0.0,3238.666715656264,1966.741442485357,763.0,0.02715828572240196,0.3973654710426469
40.0,Oklahoma,OK,2010.0,10.566897837683932,0.0,3053.9264385095976,1957.2651686893535,702.0,0.027212713682801083,0.38946949097196343
40.0,Oklahoma,OK,2010.25,10.585636398046883,0.0,3048.519812336912,1953.8000553996283,717.0,0.027207019038660456,0.39741947212194806
40.0,Oklahoma,OK,2010.5,10.598418619372376,0.0,3043.1322959544664,1950.3471895977102,725.0,0.027092145816848063,0.39086254210964033
40.0,Oklahoma,OK,2010.75,10.611744799099109,0.0,3037.763788225295,1946.9065064647937,796.0,0.02708059867347293,0.39841663400784144
40.0,Oklahoma,OK,2011.0,10.622079240735106,0.0,3255.3716397703915,1926.341041350943,737.0,0.02705747127651089,0.39115975230530065
40.0,Oklahoma,OK,2011.25,10.671082171447075,0.0,3248.7690331681674,1922.4339998560874,748.0,0.0269981120035509,0.3992701750242732
40.0,Oklahoma,OK,2011.5,10.68841021831327,0.0,3242.193155418259,1918.5427749532835,783.0,0.02710260559586539,0.3949385497157736
40.0,Oklahoma,OK,2011.75,10.705780969203188,0.0,3235.6438445418244,1914.6672707928026,815.0,0.027167300325330324,0.40241722207507
40.0,Oklahoma,OK,2012.0,10.712626361333676,0.0,3458.0870482838336,1976.0178923326735,804.0,0.027219421050894223,0.398364899562158
40.0,Oklahoma,OK,2012.25,10.716412457202232,0.0,3450.096666942637,1971.452033730415,767.0,0.027295579327630395,0.4042150407058428
40.0,Oklahoma,OK,2012.5,10.717668954270312,0.0,3442.1431262059996,1966.9072265628822,778.0,0.027330705685100234,0.39796975079587216
40.0,Oklahoma,OK,2012.75,10.755003475264482,0.0,3434.226171872942,1962.3833255747143,852.0,0.027366711158668112,0.4079519983317613
40.0,Oklahoma,OK,2013.0,10.759048203700734,0.0,3540.6857776226084,1990.5298364791954,822.0,0.02734310815423572,0.4006389931164391
40.0,Oklahoma,OK,2013.25,10.776480841088166,0.0,3534.931580335897,1987.294897796815,795.0,0.027362164218596694,0.4059213421356389
40.0,Oklahoma,OK,2013.5,10.787458645183548,0.0,3529.1960557387833,1984.0704566700222,797.0,0.027364081928983944,0.40131123494172555
40.0,Oklahoma,OK,2013.75,10.80590704827724,0.0,3523.47911308763,1980.856462083866,852.0,0.027493859829490798,0.40875772063369387
40.0,Oklahoma,OK,2014.0,10.815679889951053,0.0,3618.74574306789,2049.137343426781,852.0,0.027374346195833964,0.4032785910024305
40.0,Oklahoma,OK,2014.25,10.840882893791804,0.0,3611.779501182472,2045.19266551784,814.0,0.027483812487729176,0.4080315946897422
40.0,Oklahoma,OK,2014.5,10.864085950769615,0.0,3604.8400283985193,2041.2631457795353,825.0,0.02758206803338714,0.403623435911658
40.0,Oklahoma,OK,2014.75,10.845577587017504,0.0,3597.927170713924,2037.3486970072133,876.0,0.027633022881597843,0.4130464302794087
40.0,Oklahoma,OK,2015.0,10.806994398788753,0.0,3712.5863806599455,2107.6663491506147,869.0,0.02761007663892283,0.4072087063208557
40.0,Oklahoma,OK,2015.25,10.802242945996085,0.0,3708.754865442189,2105.4911659056424,818.0,0.02776412306865937,0.4087533677029339
40.0,Oklahoma,OK,2015.5,10.791459248523145,0.0,3704.9312505786315,2103.320467757846,825.0,0.02788465037878425,0.4033573512025429
40.0,Oklahoma,OK,2015.75,10.764063297603434,0.0,3701.1155116593545,2101.1542408495116,895.0,0.027768165996166497,0.4099349557538775
40.0,Oklahoma,OK,2016.0,10.732767579351776,0.0,,,834.0,0.02770391488752182,0.4020670678158608
41.0,Oregon,OR,1990.0,9.892210641863375,0.0,,,399.0,0.02865952890792291,0.41627245844804733
41.0,Oregon,OR,1990.25,9.898899835269322,0.0,,,406.0,0.02868623427751643,0.43343743165144927
41.0,Oregon,OR,1990.5,9.905466631692212,0.0,,,402.0,0.028588939971483266,0.4339669271775333
41.0,Oregon,OR,1990.75,9.911914497842588,0.0,,,434.0,0.028609563403279577,0.42919829154121475
41.0,Oregon,OR,1991.0,9.918246766090832,0.0,,,416.0,0.028935904882590343,0.40970945263234815
41.0,Oregon,OR,1991.25,9.929342713076672,0.0,,,427.0,0.028866777003442902,0.42045206378792516
41.0,Oregon,OR,1991.5,9.94020028356216,0.0,,,425.0,0.028889261995499523,0.421546996850252
41.0,Oregon,OR,1991.75,9.950827697450954,0.0,,,451.0,0.02888294567469874,0.42154010790305235
41.0,Oregon,OR,1992.0,9.961232777765549,0.0,,,439.0,0.02890544178918394,0.40440622087481537
41.0,Oregon,OR,1992.25,9.97896789758229,0.0,,,441.0,0.028962002161581544,0.42121283424639994
41.0,Oregon,OR,1992.5,9.996198091768424,0.0,,,443.0,0.02908434430105672,0.4207056632367953
41.0,Oregon,OR,1992.75,10.01294707313841,0.0,,,486.0,0.029112313494877456,0.41951469729043045
41.0,Oregon,OR,1993.0,10.029236977670672,0.0,,,443.0,0.029194864537488478,0.40630758772831277
41.0,Oregon,OR,1993.25,10.045599072696945,0.0,,,457.0,0.029467179684556588,0.4230762675848641
41.0,Oregon,OR,1993.5,10.06154041848552,0.0,,,457.0,0.029665957091259573,0.4258592379044732
41.0,Oregon,OR,1993.75,10.077078988257796,0.0,,,496.0,0.029908825217062982,0.42797295173057587
41.0,Oregon,OR,1994.0,10.092231663505784,0.0,,,462.0,0.030151887184166414,0.4157364879527439
41.0,Oregon,OR,1994.25,10.107413681902251,0.0,,,467.0,0.030305954792897542,0.43389943753510973
41.0,Oregon,OR,1994.5,10.122220086831588,0.0,,,476.0,0.030542215190766733,0.4377866583735527
41.0,Oregon,OR,1994.75,10.136666212007768,0.0,,,500.0,0.03065209310978825,0.43877375321689205
41.0,Oregon,OR,1995.0,10.150766503282068,0.0,,,488.0,0.03069399306424601,0.42626906617920224
41.0,Oregon,OR,1995.25,10.181244293396484,0.0,,,487.0,0.030664477745613396,0.4406417661532535
41.0,Oregon,OR,1995.5,10.210536249897556,0.0,,,488.0,0.03083147269368792,0.44524318922964334
41.0,Oregon,OR,1995.75,10.238722130266945,0.0,,,524.0,0.03096002058534229,0.4474446339548908
41.0,Oregon,OR,1996.0,10.265874015511082,0.0,,,508.0,0.030833870477479826,0.43437771812132897
41.0,Oregon,OR,1996.25,10.281333747781527,0.0,,,510.0,0.03066893674769423,0.4490254204666902
41.0,Oregon,OR,1996.5,10.296426188328155,0.0,,,511.0,0.030806446418265594,0.45418950585936496
41.0,Oregon,OR,1996.75,10.311165932131171,0.0,,,551.0,0.031007806130695186,0.45773454150586107
41.0,Oregon,OR,1997.0,10.325566746425684,0.0,,,535.0,0.031093329621010135,0.4447987628279429
41.0,Oregon,OR,1997.25,10.333609960322368,0.0,,,530.0,0.03211125743184571,0.46026859340644044
41.0,Oregon,OR,1997.5,10.341531523538222,0.0,,,540.0,0.03309598559899795,0.4624369506742445
41.0,Oregon,OR,1997.75,10.34933441825294,0.0,,,581.0,0.03339675610592309,0.4639298853428134
41.0,Oregon,OR,1998.0,10.357021523503164,0.0,,,554.0,0.03315128731264816,0.4492699714944707
41.0,Oregon,OR,1998.25,10.359168302994844,0.0,,,558.0,0.033081441717700194,0.462853718295725
41.0,Oregon,OR,1998.5,10.361297322758467,0.0,,,556.0,0.032902930307912824,0.46413128601617554
41.0,Oregon,OR,1998.75,10.363408807034215,0.0,,,605.0,0.03297229433544708,0.4641341132595335
41.0,Oregon,OR,1999.0,10.365502976227164,0.0,,,569.0,0.032822904110590016,0.45098426873065856
41.0,Oregon,OR,1999.25,10.37405123009275,0.0,,,582.0,0.03285479054486964,0.46286000695537727
41.0,Oregon,OR,1999.5,10.382482790042715,0.0,,,591.0,0.03227657225628106,0.4661875193170106
41.0,Oregon,OR,1999.75,10.390800323070442,0.0,,,634.0,0.03220857315228715,0.46968443595544324
41.0,Oregon,OR,2000.0,10.399006408733149,0.0,,,628.0,0.0324636966179045,0.4545363628623778
41.0,Oregon,OR,2000.25,10.393067805469409,0.0,,,621.0,0.032440068412868124,0.46947769827678554
41.0,Oregon,OR,2000.5,10.387126933258338,0.0,,,627.0,0.03232523564201985,0.4699344003158566
41.0,Oregon,OR,2000.75,10.381183685898932,0.0,,,648.0,0.032226940954069604,0.47109015910316576
41.0,Oregon,OR,2001.0,10.375237956937452,0.0,,,644.0,0.03159861323893715,0.45624214050024553
41.0,Oregon,OR,2001.25,10.380852521177388,0.0,,,631.0,0.03185546554326344,0.4629989601622257
41.0,Oregon,OR,2001.5,10.38639946130744,0.0,,,622.0,0.031992329289374954,0.45962260558268414
41.0,Oregon,OR,2001.75,10.391880075569432,0.0,,,657.0,0.03203835693770703,0.453870726800264
41.0,Oregon,OR,2002.0,10.397295627357131,0.0,,,644.0,0.0316053513609516,0.43794306256992227
41.0,Oregon,OR,2002.25,10.406004985786884,0.0,,,642.0,0.03196076449383176,0.4486537426261644
41.0,Oregon,OR,2002.5,10.414597806083536,0.0,,,633.0,0.032219012009970543,0.4497346853991993
41.0,Oregon,OR,2002.75,10.423076722735653,0.0,,,672.0,0.03241611489258773,0.4480749320125418
41.0,Oregon,OR,2003.0,10.431444284462511,0.0,,,652.0,0.032164901606144936,0.43318497954544427
41.0,Oregon,OR,2003.25,10.45922840590223,0.0,,,651.0,0.03258945462193501,0.44032489630002253
41.0,Oregon,OR,2003.5,10.486178616499476,0.0,,,652.0,0.032897189328014866,0.44141844434024713
41.0,Oregon,OR,2003.75,10.512341269496638,0.0,,,695.0,0.033189379875439864,0.44418521208788164
41.0,Oregon,OR,2004.0,10.53775896698199,0.0,2690.9400657745996,2024.455779482796,675.0,0.03196335135004901,0.4311935250017533
41.0,Oregon,OR,2004.25,10.554868397463238,0.0,2682.7217730208886,2018.272969811804,670.0,0.03231428686938483,0.44804649613766145
41.0,Oregon,OR,2004.5,10.571588428774987,0.0,2674.553525745667,2012.1278104993064,676.0,0.03268369052433881,0.4484324411621592
41.0,Oregon,OR,2004.75,10.58793446476229,0.0,2666.4348682069603,2006.0199586801893,719.0,0.033058902001232696,0.45144512806483195
41.0,Oregon,OR,2005.0,10.603921027640212,0.0,2849.223486536319,2151.762896179068,684.0,0.03268541310449845,0.44443488075120074
41.0,Oregon,OR,2005.25,10.602852985391332,0.0,2837.897468513983,2143.2093708213415,687.0,0.03317875779375871,0.4564274390293348
41.0,Oregon,OR,2005.5,10.610082327249174,0.0,2826.661138633061,2134.7235788709218,714.0,0.03369098520953558,0.4571662741442474
41.0,Oregon,OR,2005.75,10.6278167824908,0.0,2815.5134357652078,2126.304718952764,728.0,0.03407035939310472,0.46068922758750924
41.0,Oregon,OR,2006.0,10.682134295914844,0.0,3229.7286511174557,2282.9191232736102,735.0,0.03422936661288306,0.450739327113758
41.0,Oregon,OR,2006.25,10.69044627430526,0.0,3218.433090153787,2274.9349069763243,710.0,0.03397826653779495,0.4630345055800904
41.0,Oregon,OR,2006.5,10.70721270175003,0.0,3207.216263373595,2267.006343581351,720.0,0.034451733326119595,0.4631896446782898
41.0,Oregon,OR,2006.75,10.716727414777084,0.0,3196.0773504269473,2259.132853228041,763.0,0.03494159036439488,0.4655991559765309
41.0,Oregon,OR,2007.0,10.703156587958988,0.0,3264.8875717040837,2380.903321685883,754.0,0.03563007583513615,0.45492225436680883
41.0,Oregon,OR,2007.25,10.717294133209313,0.0,3254.759992953936,2373.517834327654,742.0,0.03408141631503859,0.46471392149039825
41.0,Oregon,OR,2007.5,10.741128470404044,0.0,3244.6950507698066,2366.1780243793855,750.0,0.034578333276599836,0.4633883603774135
41.0,Oregon,OR,2007.75,10.757417070875128,0.0,3234.6921658556275,2358.88346939225,798.0,0.03502188252166976,0.4650404095658733
41.0,Oregon,OR,2008.0,10.7612498399844,0.0,3189.7189729851925,2538.732756873105,777.0,0.03400015071318114,0.4515095375617225
41.0,Oregon,OR,2008.25,10.776979855196196,0.0,3181.3089172471773,2532.0391001058297,764.0,0.03344367960397077,0.4583825895479525
41.0,Oregon,OR,2008.5,10.78838428173943,0.0,3172.9430930188237,2525.380647688347,766.0,0.03384614247623311,0.4543287880315558
41.0,Oregon,OR,2008.75,10.773894673014166,0.0,3164.621152271196,2518.757122620561,809.0,0.03406537660745157,0.4475367524369048
41.0,Oregon,OR,2009.0,10.77175477477116,0.0,3120.60888515465,2493.5220290920547,772.0,0.03271858425668225,0.4219308932416111
41.0,Oregon,OR,2009.25,10.759773366647696,0.0,3114.5884052304505,2488.711365574395,767.0,0.032883189088360944,0.4241824211037741
41.0,Oregon,OR,2009.5,10.765524297206094,0.0,3108.591110771674,2483.919228399163,767.0,0.03324175508013446,0.4191401687815803
41.0,Oregon,OR,2009.75,10.767789063815432,0.0,3102.6168681014315,2479.14551075186,829.0,0.03351357955206979,0.4185986530872016
41.0,Oregon,OR,2010.0,10.808872897798269,0.0,3212.196668723268,2537.6149542684198,776.0,0.03274190421797747,0.40629776733728534
41.0,Oregon,OR,2010.25,10.806241972799224,0.0,3205.9354415094094,2532.668624560571,786.0,0.03260215151628427,0.4178285580550215
41.0,Oregon,OR,2010.5,10.816299788079856,0.0,3199.698575631005,2527.74154015291,790.0,0.03306973624329571,0.4170638098398247
41.0,Oregon,OR,2010.75,10.819561904992762,0.0,3193.485929185597,2522.8335889433984,852.0,0.03340832077624469,0.41951721590937424
41.0,Oregon,OR,2011.0,10.855789020364394,0.0,3413.3477730659342,2528.307813458579,812.0,0.033014730233547764,0.4087646488183092
41.0,Oregon,OR,2011.25,10.84956343007833,0.0,3406.5037760891955,2523.238382453594,818.0,0.032737480350035916,0.41842571646510945
41.0,Oregon,OR,2011.5,10.841738265081815,0.0,3399.687169561745,2518.189239884349,834.0,0.033191337823270245,0.41848184410569284
41.0,Oregon,OR,2011.75,10.8527232182094,0.0,3392.8977893824494,2513.1602641991562,850.0,0.03360046677951112,0.4210576133953008
41.0,Oregon,OR,2012.0,10.84764508612358,0.0,3560.087978916247,2540.2414290828997,864.0,0.033031076787661616,0.41125714991124485
41.0,Oregon,OR,2012.25,10.838468253008614,0.0,3554.018572115558,2535.910705040018,837.0,0.0334159055127283,0.4215889135269087
41.0,Oregon,OR,2012.5,10.824207259494528,0.0,3547.96982491843,2531.5947223128524,834.0,0.033696674972239146,0.4224697152467043
41.0,Oregon,OR,2012.75,10.799213493886873,0.0,3541.9416320195064,2527.2934057625207,871.0,0.03414260024116554,0.425272289350508
41.0,Oregon,OR,2013.0,10.80980681088214,0.0,3777.5610322712773,2568.315463716369,864.0,0.03272953378856682,0.4153467705924293
41.0,Oregon,OR,2013.25,10.810978899817645,0.0,3767.3359912569995,2561.363589020035,849.0,0.03307661862114833,0.4280179263351731
41.0,Oregon,OR,2013.5,10.817185404127708,0.0,3757.1661547668,2554.4492471740364,856.0,0.03348542117793467,0.42860683767829616
41.0,Oregon,OR,2013.75,10.830890436760528,0.0,3747.051076934272,2547.5721350395024,894.0,0.033855890619741286,0.4315030857865159
41.0,Oregon,OR,2014.0,10.81702500670537,0.0,3922.2033423790263,2693.9109271789357,893.0,0.0329382005865883,0.42247654432175485
41.0,Oregon,OR,2014.25,10.833901346986028,0.0,3908.350333498705,2684.396180303429,873.0,0.03335922409816051,0.43408632499520133
41.0,Oregon,OR,2014.5,10.855996054171076,0.0,3894.5948363600423,2674.948408014258,885.0,0.03415136109635863,0.4352740093786171
41.0,Oregon,OR,2014.75,10.859312787413128,0.0,3880.9358249918823,2665.5669056373745,928.0,0.034787090333146684,0.43853810491817463
41.0,Oregon,OR,2015.0,10.88170844937259,0.0,4255.996197418201,2804.823742978864,918.0,0.03425330104551122,0.43207895840135196
41.0,Oregon,OR,2015.25,10.88599056857066,0.0,4237.8767055884855,2792.8824774003087,896.0,0.03455578140831466,0.4436096489923189
41.0,Oregon,OR,2015.5,10.898286233099958,0.0,4219.910843659334,2781.0424583390763,922.0,0.03516857825951618,0.4432063056470076
41.0,Oregon,OR,2015.75,10.904095105878197,0.0,4202.09666600409,2769.302403571315,980.0,0.035646180083457685,0.4461529016599725
41.0,Oregon,OR,2016.0,10.91927451408156,0.0,,,934.0,0.035007261574240896,0.43883840869939444
42.0,Pennsylvania,PA,1990.0,9.93334418248262,0.0,,,440.0,0.021491436953738622,0.4188512501170194
42.0,Pennsylvania,PA,1990.25,9.941710919800633,0.0,,,443.0,0.021586401979985726,0.4254523340198417
42.0,Pennsylvania,PA,1990.5,9.949980952160562,0.0,,,443.0,0.021609712987351343,0.42253675384061007
42.0,Pennsylvania,PA,1990.75,9.958156224520588,0.0,,,478.0,0.02163052290029856,0.4244266814038958
42.0,Pennsylvania,PA,1991.0,9.966238624849982,0.0,,,457.0,0.0224494507002241,0.41018497715994096
42.0,Pennsylvania,PA,1991.25,9.979122035750148,0.0,,,463.0,0.02241297816386227,0.41548690373309755
42.0,Pennsylvania,PA,1991.5,9.99180618492011,0.0,,,462.0,0.02248196895972114,0.4105389398037657
42.0,Pennsylvania,PA,1991.75,10.00429665690775,0.0,,,498.0,0.02241829372526543,0.4150000420384734
42.0,Pennsylvania,PA,1992.0,10.016598806536006,0.0,,,481.0,0.022422351227649396,0.40354375787553237
42.0,Pennsylvania,PA,1992.25,10.026064954198828,0.0,,,479.0,0.022442080452598958,0.4127282697599798
42.0,Pennsylvania,PA,1992.5,10.035415195064669,0.0,,,481.0,0.022484839572920447,0.4098402094061358
42.0,Pennsylvania,PA,1992.75,10.044652046332832,0.0,,,544.0,0.022460957471584296,0.41451646086241967
42.0,Pennsylvania,PA,1993.0,10.05377794516202,0.0,,,473.0,0.022461732626914605,0.40477643440285166
42.0,Pennsylvania,PA,1993.25,10.065957495998962,0.0,,,494.0,0.022458753511730458,0.41332630413657184
42.0,Pennsylvania,PA,1993.5,10.0779676725148,0.0,,,501.0,0.022441944819218032,0.41085114273071965
42.0,Pennsylvania,PA,1993.75,10.089812831887873,0.0,,,552.0,0.02241439023022685,0.4162573624671453
42.0,Pennsylvania,PA,1994.0,10.101497166047263,0.0,,,499.0,0.0224583985763662,0.40461253515589146
42.0,Pennsylvania,PA,1994.25,10.114550325824768,0.0,,,504.0,0.02256274689504204,0.4166585945689695
42.0,Pennsylvania,PA,1994.5,10.127418293658597,0.0,,,522.0,0.02253561777069241,0.41575221628547676
42.0,Pennsylvania,PA,1994.75,10.14010602606198,0.0,,,549.0,0.022496876054820487,0.4217545463021508
42.0,Pennsylvania,PA,1995.0,10.152618283603266,0.0,,,533.0,0.02257459439567622,0.41097655706789377
42.0,Pennsylvania,PA,1995.25,10.161715107584302,0.0,,,525.0,0.022748021931398958,0.42081233486903546
42.0,Pennsylvania,PA,1995.5,10.170721817013082,0.0,,,524.0,0.022815227258496475,0.41770381893639863
42.0,Pennsylvania,PA,1995.75,10.1796401042873,0.0,,,566.0,0.022786587622809305,0.42369698849534676
42.0,Pennsylvania,PA,1996.0,10.188471614667533,0.0,,,553.0,0.02277335786922657,0.41207096009884187
42.0,Pennsylvania,PA,1996.25,10.21162372123287,0.0,,,545.0,0.022913278648869856,0.42482566260808846
42.0,Pennsylvania,PA,1996.5,10.23424518813065,0.0,,,541.0,0.02302493451686045,0.4226301200708969
42.0,Pennsylvania,PA,1996.75,10.256359647516083,0.0,,,592.0,0.023181297624774593,0.4293097297108879
42.0,Pennsylvania,PA,1997.0,10.27798918723993,0.0,,,571.0,0.023321748269968776,0.42090469591157775
42.0,Pennsylvania,PA,1997.25,10.290262902262128,0.0,,,563.0,0.02343014018197836,0.431540098328097
42.0,Pennsylvania,PA,1997.5,10.302379003920368,0.0,,,565.0,0.02435705317991887,0.4305044242573371
42.0,Pennsylvania,PA,1997.75,10.314341381350628,0.0,,,625.0,0.023892822664757542,0.43690962132071803
42.0,Pennsylvania,PA,1998.0,10.326153781605496,0.0,,,592.0,0.02396071036362888,0.42848714223278234
42.0,Pennsylvania,PA,1998.25,10.337006909937331,0.0,,,593.0,0.02401094463294809,0.4395383769862414
42.0,Pennsylvania,PA,1998.5,10.347735610555445,0.0,,,588.0,0.023998064095778135,0.43692111422859004
42.0,Pennsylvania,PA,1998.75,10.35834261807123,0.0,,,660.0,0.024204292559221553,0.44383767466992213
42.0,Pennsylvania,PA,1999.0,10.368830578015675,0.0,,,606.0,0.02430885031195457,0.4369051040847437
42.0,Pennsylvania,PA,1999.25,10.370992667622914,0.0,,,612.0,0.02424439621589455,0.4462475314610596
42.0,Pennsylvania,PA,1999.5,10.373148304546756,0.0,,,614.0,0.02442751089315788,0.44921706654074184
42.0,Pennsylvania,PA,1999.75,10.375297522616924,0.0,,,682.0,0.024618047555839073,0.4498786459127791
42.0,Pennsylvania,PA,2000.0,10.377440355402674,0.0,,,658.0,0.02461525085978519,0.4423492461939983
42.0,Pennsylvania,PA,2000.25,10.386775339439842,0.0,,,632.0,0.025245542408694883,0.45480504839504116
42.0,Pennsylvania,PA,2000.5,10.396018445614589,0.0,,,637.0,0.02583656613802393,0.4524000857010025
42.0,Pennsylvania,PA,2000.75,10.405171412816868,0.0,,,689.0,0.026241634410531383,0.4577276998963199
42.0,Pennsylvania,PA,2001.0,10.414235931078172,0.0,,,684.0,0.026728254479846687,0.4479874059914502
42.0,Pennsylvania,PA,2001.25,10.425114701550577,0.0,,,656.0,0.026831997706343234,0.455141007556393
42.0,Pennsylvania,PA,2001.5,10.435862463324098,0.0,,,654.0,0.026988305847003416,0.44970067195693575
42.0,Pennsylvania,PA,2001.75,10.446482178500846,0.0,,,698.0,0.027128586604297733,0.45120459521715156
42.0,Pennsylvania,PA,2002.0,10.456976710126744,0.0,,,698.0,0.026564283229845095,0.4404944998786665
42.0,Pennsylvania,PA,2002.25,10.468255772977118,0.0,,,670.0,0.025620125980622452,0.4492574920012054
42.0,Pennsylvania,PA,2002.5,10.479389450189208,0.0,,,671.0,0.025593943160217066,0.4455494710820114
42.0,Pennsylvania,PA,2002.75,10.490381211721331,0.0,,,716.0,0.02580066466477963,0.44791821036785523
42.0,Pennsylvania,PA,2003.0,10.501234405323151,0.0,,,713.0,0.025868432081112867,0.4359918202722586
42.0,Pennsylvania,PA,2003.25,10.508147165110133,0.0,,,689.0,0.026013523934819344,0.4447267157280357
42.0,Pennsylvania,PA,2003.5,10.515002511326031,0.0,,,692.0,0.026095625727747568,0.44071405535575137
42.0,Pennsylvania,PA,2003.75,10.521801315383351,0.0,,,751.0,0.02624671154113797,0.44516361969339807
42.0,Pennsylvania,PA,2004.0,10.528544429150765,0.0,2796.2108086862313,2077.9983630283555,736.0,0.026128616852428087,0.43427309601058395
42.0,Pennsylvania,PA,2004.25,10.544922409875468,0.0,2794.0007273436363,2076.35594558336,710.0,0.026133004372837602,0.4450165165940061
42.0,Pennsylvania,PA,2004.5,10.561011220216882,0.0,2791.794136869451,2074.7161223701073,723.0,0.02616296749666703,0.44250041323568423
42.0,Pennsylvania,PA,2004.75,10.57682048009013,0.0,2789.5910289993553,2073.0788872469857,796.0,0.02644858716996942,0.4476603071891899
42.0,Pennsylvania,PA,2005.0,10.592359338119088,0.0,3001.668274432349,2195.131080426571,747.0,0.026394077424961786,0.43719614768097537
42.0,Pennsylvania,PA,2005.25,10.604034388161775,0.0,2998.00691040146,2192.45351140623,737.0,0.026614826856194925,0.4482316384721279
42.0,Pennsylvania,PA,2005.5,10.62029225232427,0.0,2994.3544675793432,2189.782466498769,764.0,0.026362136885121346,0.44558920836895755
42.0,Pennsylvania,PA,2005.75,10.629776922927023,0.0,2990.710913399806,2187.1179218884113,802.0,0.026295086930269898,0.4495733236216515
42.0,Pennsylvania,PA,2006.0,10.622595358393356,0.0,3204.5855707652477,2342.4920003174852,808.0,0.026196147667189227,0.44008806038575654
42.0,Pennsylvania,PA,2006.25,10.638825709913318,0.0,3201.187056210307,2340.0077498638425,767.0,0.02649517637647315,0.45049523620782805
42.0,Pennsylvania,PA,2006.5,10.65361116775129,0.0,3197.7957423776097,2337.5287630032226,768.0,0.026535702495251598,0.4471581353871607
42.0,Pennsylvania,PA,2006.75,10.6637402657181,0.0,3194.4116064061996,2335.055023024695,838.0,0.02677533562989342,0.4521252742054764
42.0,Pennsylvania,PA,2007.0,10.685046832291256,0.0,3424.0948517968536,2479.778910066168,849.0,0.026672212698933464,0.4419330501259279
42.0,Pennsylvania,PA,2007.25,10.697242090108146,0.0,3420.803904318249,2477.395558405423,802.0,0.026836542296675005,0.45252211668807246
42.0,Pennsylvania,PA,2007.5,10.712645578024723,0.0,3417.519276720709,2475.0167836937567,802.0,0.02693382668773734,0.4489625170925169
42.0,Pennsylvania,PA,2007.75,10.717478446388432,0.0,3414.240950816805,2472.6425727595706,874.0,0.026930132367761206,0.4535840362720226
42.0,Pennsylvania,PA,2008.0,10.723294035892684,0.0,3538.6045431101506,2556.352080531006,868.0,0.026900835177765172,0.4432267956731605
42.0,Pennsylvania,PA,2008.25,10.743231649692786,0.0,3534.780818986517,2553.58975289599,827.0,0.02700387593284478,0.45274522027057035
42.0,Pennsylvania,PA,2008.5,10.740335641166666,0.0,3530.965349576922,2550.8333886160617,822.0,0.027011833431220354,0.44780969565832723
42.0,Pennsylvania,PA,2008.75,10.72703610753748,0.0,3527.1581081795835,2548.08296840137,897.0,0.02696310832786585,0.4479912901185843
42.0,Pennsylvania,PA,2009.0,10.713166812534649,0.0,3348.221240026532,2547.0220791928036,861.0,0.026805621409823968,0.4305407334110269
42.0,Pennsylvania,PA,2009.25,10.712685715553263,0.0,3345.2181817898586,2544.737625721668,829.0,0.02677550573555057,0.43442975287735863
42.0,Pennsylvania,PA,2009.5,10.715726781244587,0.0,3342.22050568101,2542.4572664836846,826.0,0.026718020003860643,0.4276434602229335
42.0,Pennsylvania,PA,2009.75,10.738112461718906,0.0,3339.2281972440414,2540.1809904820866,932.0,0.02666669973500256,0.43183157750639567
42.0,Pennsylvania,PA,2010.0,10.7294230283255,0.0,3346.4635118797537,2576.9474596461096,857.0,0.026587702990707535,0.4204676247853497
42.0,Pennsylvania,PA,2010.25,10.747271210929004,0.0,3344.3621610303285,2575.329312394831,849.0,0.026521637940146288,0.4336846960593254
42.0,Pennsylvania,PA,2010.5,10.766836074138151,0.0,3342.2634475348586,2573.7131960405136,859.0,0.026723876634760384,0.43008743705701463
42.0,Pennsylvania,PA,2010.75,10.778087882561591,0.0,3340.1673664313407,2572.0991067621612,951.0,0.026826225234625536,0.43597056723657684
42.0,Pennsylvania,PA,2011.0,10.759922985586316,0.0,3582.5165821281735,2628.62404371902,896.0,0.026857747228504553,0.426432469289064
42.0,Pennsylvania,PA,2011.25,10.778100127091502,0.0,3580.5807276748224,2627.2036361801956,875.0,0.027002513668682473,0.43746674777547934
42.0,Pennsylvania,PA,2011.5,10.79385078916976,0.0,3578.6469642144643,2625.7847628797563,911.0,0.02711083299527942,0.43345107446407694
42.0,Pennsylvania,PA,2011.75,10.804134080820116,0.0,3576.7152883610815,2624.367421333257,936.0,0.027315236206604972,0.43857006644456786
42.0,Pennsylvania,PA,2012.0,10.808835796578853,0.0,3614.597222924722,2651.520444878246,959.0,0.027147977106534417,0.43024082486379817
42.0,Pennsylvania,PA,2012.25,10.816549005552623,0.0,3613.9263242975603,2651.0283011298143,893.0,0.027299738340290702,0.4398498539050314
42.0,Pennsylvania,PA,2012.5,10.825631541825684,0.0,3613.2556746726596,2650.5363400392403,899.0,0.02742303192493525,0.43617426216915156
42.0,Pennsylvania,PA,2012.75,10.822530038402853,0.0,3612.5852739114202,2650.0445615048543,972.0,0.02731159725195315,0.44034213928768
42.0,Pennsylvania,PA,2013.0,10.836456847671611,0.0,3782.3186430090495,2740.452603631951,967.0,0.02671402634059126,0.43118430428280147
42.0,Pennsylvania,PA,2013.25,10.84858234179547,0.0,3781.6361409761485,2739.958101542207,918.0,0.026335681770255703,0.4405141707858134
42.0,Pennsylvania,PA,2013.5,10.853686914141884,0.0,3780.953885207526,2739.463777881529,913.0,0.02660865716563996,0.43767077744142335
42.0,Pennsylvania,PA,2013.75,10.86672196015514,0.0,3780.2718755699198,2738.969632553362,977.0,0.02689912834689587,0.44172051342488333
42.0,Pennsylvania,PA,2014.0,10.867734655629324,0.0,3791.133229845593,2862.317810042011,1007.0,0.027047358736693804,0.4321979782232711
42.0,Pennsylvania,PA,2014.25,10.882953599690577,0.0,3791.034012286743,2862.242900465231,933.0,0.026996380766724407,0.4440577893409466
42.0,Pennsylvania,PA,2014.5,10.899197964672368,0.0,3790.9347999209926,2862.167994809258,938.0,0.027085501403324285,0.4418924277142028
42.0,Pennsylvania,PA,2014.75,10.90635248760618,0.0,3790.8355927479342,2862.0930930737836,1013.0,0.02716601796140063,0.44697148214763927
42.0,Pennsylvania,PA,2015.0,10.908762348745055,0.0,4038.93228091768,2913.3237710351796,1032.0,0.027262634241157532,0.43643375268190465
42.0,Pennsylvania,PA,2015.25,10.91914001126452,0.0,4039.538358323687,2913.7609409581196,958.0,0.027202925320141607,0.44772075796780497
42.0,Pennsylvania,PA,2015.5,10.92470646767626,0.0,4040.1446176515124,2914.1982421031544,961.0,0.02741000974697854,0.4455955958832606
42.0,Pennsylvania,PA,2015.75,10.933747538949875,0.0,4040.7510589830767,2914.635674529376,1063.0,0.027505472964537692,0.45040826902789416
42.0,Pennsylvania,PA,2016.0,10.917918225605291,0.0,,,1012.0,0.027581174833644615,0.4408118952622895
44.0,Rhode Island,RI,1990.0,9.977430074225731,0.0,,,427.0,0.03026456393918459,0.4408159748971582
44.0,Rhode Island,RI,1990.25,9.977127762995472,0.0,,,429.0,0.030306054111641813,0.4465152869847861
44.0,Rhode Island,RI,1990.5,9.976826058333964,0.0,,,418.0,0.029440992064043034,0.4401745341931116
44.0,Rhode Island,RI,1990.75,9.976524958403786,0.0,,,447.0,0.028798828710268745,0.44339682607295167
44.0,Rhode Island,RI,1991.0,9.97622446137498,0.0,,,441.0,0.028579655251229654,0.41201511767850824
44.0,Rhode Island,RI,1991.25,9.98635129084668,0.0,,,437.0,0.029456094753207297,0.4178897183223028
44.0,Rhode Island,RI,1991.5,9.99636706944636,0.0,,,433.0,0.02899324347701448,0.4092251828347082
44.0,Rhode Island,RI,1991.75,10.00627410812611,0.0,,,465.0,0.028225527567488525,0.41850492738845446
44.0,Rhode Island,RI,1992.0,10.016074646576222,0.0,,,452.0,0.028923118249305487,0.40316083355306886
44.0,Rhode Island,RI,1992.25,10.025339124768996,0.0,,,453.0,0.029250491320316173,0.4164563828050432
44.0,Rhode Island,RI,1992.5,10.034507154124768,0.0,,,454.0,0.02927859394888674,0.4107893387542723
44.0,Rhode Island,RI,1992.75,10.04358061235114,0.0,,,511.0,0.029682223663027113,0.42341165019721533
44.0,Rhode Island,RI,1993.0,10.052561323039493,0.0,,,454.0,0.029901134062054236,0.4057154941195323
44.0,Rhode Island,RI,1993.25,10.060677254753234,0.0,,,471.0,0.030540989871213522,0.4205540957040971
44.0,Rhode Island,RI,1993.5,10.068724500302451,0.0,,,474.0,0.0307778355469427,0.4189459228098922
44.0,Rhode Island,RI,1993.75,10.076704185257988,0.0,,,516.0,0.03046917148741617,0.4268214163355478
44.0,Rhode Island,RI,1994.0,10.084617407764425,0.0,,,475.0,0.030455923461553604,0.4092070553958817
44.0,Rhode Island,RI,1994.25,10.096563522751207,0.0,,,482.0,0.031147767635075263,0.4240139484163788
44.0,Rhode Island,RI,1994.5,10.10836259596485,0.0,,,485.0,0.031467386011150233,0.4186662941396183
44.0,Rhode Island,RI,1994.75,10.120018132079927,0.0,,,517.0,0.030108931326202383,0.4291664433224505
44.0,Rhode Island,RI,1995.0,10.131533511999024,0.0,,,501.0,0.03046208365371946,0.41670681735794685
44.0,Rhode Island,RI,1995.25,10.139383991132384,0.0,,,503.0,0.030183459854971846,0.4281707380266554
44.0,Rhode Island,RI,1995.5,10.1471585053079,0.0,,,493.0,0.030366628310094484,0.4237352758606307
44.0,Rhode Island,RI,1995.75,10.154858383418546,0.0,,,532.0,0.030434732519527875,0.43138242099484414
44.0,Rhode Island,RI,1996.0,10.16248492011174,0.0,,,516.0,0.03009522055690459,0.41406265560315003
44.0,Rhode Island,RI,1996.25,10.186478636983134,0.0,,,517.0,0.03051052437945691,0.4283045403428023
44.0,Rhode Island,RI,1996.5,10.20985964029871,0.0,,,501.0,0.030588697546629292,0.42464688996337685
44.0,Rhode Island,RI,1996.75,10.232657258785547,0.0,,,558.0,0.030601286029223677,0.4319904162899639
44.0,Rhode Island,RI,1997.0,10.254898768028234,0.0,,,540.0,0.030450001121564964,0.4169351108024911
44.0,Rhode Island,RI,1997.25,10.267464583410291,0.0,,,540.0,0.030584235445243416,0.4353176305560574
44.0,Rhode Island,RI,1997.5,10.279839660517265,0.0,,,525.0,0.030886337422465656,0.42935403120240717
44.0,Rhode Island,RI,1997.75,10.292029235949222,0.0,,,599.0,0.030964223231033757,0.4371351198329229
44.0,Rhode Island,RI,1998.0,10.304038335319106,0.0,,,562.0,0.03086538881157537,0.4215851803721717
44.0,Rhode Island,RI,1998.25,10.31470942611426,0.0,,,566.0,0.03113597994323475,0.43647074276942144
44.0,Rhode Island,RI,1998.5,10.32522096224181,0.0,,,556.0,0.03123544271289663,0.43302404906068237
44.0,Rhode Island,RI,1998.75,10.33557706360438,0.0,,,635.0,0.03130074673179909,0.4402231244666187
44.0,Rhode Island,RI,1999.0,10.345781695795644,0.0,,,582.0,0.030978410268338585,0.4233328399343074
44.0,Rhode Island,RI,1999.25,10.352030782227066,0.0,,,583.0,0.031126647319388783,0.4404105918755177
44.0,Rhode Island,RI,1999.5,10.35821184367534,0.0,,,585.0,0.031371761205737876,0.43825408441631947
44.0,Rhode Island,RI,1999.75,10.364326101039458,0.0,,,648.0,0.0313876244689476,0.44739199170835314
44.0,Rhode Island,RI,2000.0,10.370374743973294,0.0,,,629.0,0.03129201308618372,0.4317209194859471
44.0,Rhode Island,RI,2000.25,10.379013996806863,0.0,,,607.0,0.031636337538552065,0.4473229139981042
44.0,Rhode Island,RI,2000.5,10.3875514323504,0.0,,,609.0,0.031664460166744963,0.4432723896473238
44.0,Rhode Island,RI,2000.75,10.395989145723062,0.0,,,661.0,0.031705756030636044,0.45201570743876746
44.0,Rhode Island,RI,2001.0,10.404329169178933,0.0,,,656.0,0.03180840416897635,0.4364128313257191
44.0,Rhode Island,RI,2001.25,10.417173795002205,0.0,,,629.0,0.03171929340983584,0.4470927009612687
44.0,Rhode Island,RI,2001.5,10.429802979083682,0.0,,,625.0,0.03174830451355706,0.44038514707246873
44.0,Rhode Island,RI,2001.75,10.442223079101936,0.0,,,674.0,0.03159670674929326,0.44494778495056275
44.0,Rhode Island,RI,2002.0,10.454440179396396,0.0,,,673.0,0.03190727911481761,0.42960833149623906
44.0,Rhode Island,RI,2002.25,10.470481404660744,0.0,,,649.0,0.032027530334406334,0.44322551696477375
44.0,Rhode Island,RI,2002.5,10.486230178795008,0.0,,,653.0,0.03205484207684609,0.43753667921031325
44.0,Rhode Island,RI,2002.75,10.501696328144837,0.0,,,702.0,0.032007319590254345,0.4444993766775132
44.0,Rhode Island,RI,2003.0,10.516889194167224,0.0,,,713.0,0.031921645935658265,0.4289355468810769
44.0,Rhode Island,RI,2003.25,10.530405422853534,0.0,,,672.0,0.0321838919648697,0.4439112485295335
44.0,Rhode Island,RI,2003.5,10.543721413542666,0.0,,,677.0,0.03227798227427757,0.44160929813663535
44.0,Rhode Island,RI,2003.75,10.556842738077217,0.0,,,739.0,0.03227880092543117,0.4479889659771101
44.0,Rhode Island,RI,2004.0,10.569774739497236,0.0,3278.6319107296904,1967.2736950936137,727.0,0.03238942879025181,0.4309656774110295
44.0,Rhode Island,RI,2004.25,10.588879745284473,0.0,3283.72214622198,1970.3279831803734,696.0,0.032577657140500406,0.4467950538716279
44.0,Rhode Island,RI,2004.5,10.607684338474394,0.0,3288.8282119678224,1973.3917698757757,707.0,0.032804744001736295,0.4452827194462531
44.0,Rhode Island,RI,2004.75,10.626198797792746,0.0,3293.95018192859,1976.4650995587763,766.0,0.033093309604431825,0.4516020709341136
44.0,Rhode Island,RI,2005.0,10.644432888130265,0.0,3575.4591185074482,2081.5101562295163,736.0,0.033188003550841075,0.43539878916818675
44.0,Rhode Island,RI,2005.25,10.659898021782084,0.0,3579.498102110131,2083.861514505804,721.0,0.033298616026271405,0.45196902753729296
44.0,Rhode Island,RI,2005.5,10.66681944170382,0.0,3583.546221231978,2086.218191169266,736.0,0.03367414167541056,0.4496911952318116
44.0,Rhode Island,RI,2005.75,10.688602872351572,0.0,3587.6035069026525,2088.5802042843143,787.0,0.033571329915127394,0.45423271549433225
44.0,Rhode Island,RI,2006.0,10.690635185502842,0.0,3751.4504804834182,2176.2973428552077,779.0,0.03373354805210442,0.43854772601282793
44.0,Rhode Island,RI,2006.25,10.724512609777335,0.0,3756.5574177760436,2179.25998733576,755.0,0.033775702602762726,0.4570793800754784
44.0,Rhode Island,RI,2006.5,10.738988115267643,0.0,3761.678278409233,2182.2307090465006,760.0,0.0339264416191012,0.45490771993417
44.0,Rhode Island,RI,2006.75,10.72549684511744,0.0,3766.8131194007333,2185.2095410646552,817.0,0.034090815177468176,0.46139718600126894
44.0,Rhode Island,RI,2007.0,10.741124925289707,0.0,3959.4226886027345,2357.5670448258084,832.0,0.0341203898554357,0.4458633425232783
44.0,Rhode Island,RI,2007.25,10.72562288119141,0.0,3961.588361153248,2358.8565556046583,774.0,0.034163656614654356,0.46004918915491744
44.0,Rhode Island,RI,2007.5,10.723171057456144,0.0,3963.7564041020337,2360.1474777945364,759.0,0.03432343046832911,0.45549549515429655
44.0,Rhode Island,RI,2007.75,10.709666719889224,0.0,3965.9268213429377,2361.439813713964,839.0,0.03423328006093327,0.4565084694274212
44.0,Rhode Island,RI,2008.0,10.717107452917707,0.0,4078.255701642555,2466.5086260418216,851.0,0.03389753394066178,0.4397962217485006
44.0,Rhode Island,RI,2008.25,10.70920256163356,0.0,4079.567539891269,2467.3020192454705,796.0,0.03393309004884258,0.4522098472933514
44.0,Rhode Island,RI,2008.5,10.70907938818464,0.0,4080.880222360384,2468.0959230293897,778.0,0.03395159649614516,0.4455459396039834
44.0,Rhode Island,RI,2008.75,10.713060382595788,0.0,4082.193749865096,2468.890337886607,886.0,0.03396726851727764,0.4441583346003498
44.0,Rhode Island,RI,2009.0,10.71353008551456,0.0,3964.9730554664466,2547.417253992328,830.0,0.03369917410591413,0.4207535864354189
44.0,Rhode Island,RI,2009.25,10.713919997668745,0.0,3965.263776094346,2547.604036281448,806.0,0.033489034294154986,0.4310580902606815
44.0,Rhode Island,RI,2009.5,10.722691952876868,0.0,3965.5545393579346,2547.7908459631612,793.0,0.03350857600654585,0.425071931445737
44.0,Rhode Island,RI,2009.75,10.7326532661373,0.0,3965.845345266594,2547.977683043494,912.0,0.03346451787603975,0.427262431026857
44.0,Rhode Island,RI,2010.0,10.740937065664726,0.0,3980.161145008672,2602.229865655531,835.0,0.033203048976728246,0.41338305467924
44.0,Rhode Island,RI,2010.25,10.753033552844656,0.0,3980.9982855631697,2602.7771882571287,833.0,0.03316635259855163,0.42877316558978257
44.0,Rhode Island,RI,2010.5,10.763082465852014,0.0,3981.8357783404595,2603.3247411420334,827.0,0.03339272519360923,0.4270135455231011
44.0,Rhode Island,RI,2010.75,10.76309180701642,0.0,3982.6736235628846,2603.8725244556117,939.0,0.03341780088299067,0.43038393549117443
44.0,Rhode Island,RI,2011.0,10.742723172712612,0.0,4165.770187875731,2687.3146588297222,862.0,0.03315213724914509,0.4148278637200212
44.0,Rhode Island,RI,2011.25,10.770727294362024,0.0,4165.32494239065,2687.0274334992614,862.0,0.03305738798656803,0.43089783498414425
44.0,Rhode Island,RI,2011.5,10.768442790913127,0.0,4164.879792072775,2686.7402695606243,872.0,0.033206798673096,0.4283866387505114
44.0,Rhode Island,RI,2011.75,10.76903568124758,0.0,4164.434736891598,2686.45316699413,920.0,0.033205149942272354,0.43046917780731836
44.0,Rhode Island,RI,2012.0,10.784830503269772,0.0,4272.5033027796535,2761.680347914951,932.0,0.03317500885648318,0.4169014940625947
44.0,Rhode Island,RI,2012.25,10.79089811680625,0.0,4272.369398271876,2761.5937941029542,860.0,0.03341235063166352,0.4320096669560169
44.0,Rhode Island,RI,2012.5,10.79459408261614,0.0,4272.2355021572375,2761.5072457161527,856.0,0.033661073898802144,0.42958168046418677
44.0,Rhode Island,RI,2012.75,10.781386856934192,0.0,4272.101614434948,2761.420702754036,946.0,0.0336343779677113,0.433690408357075
44.0,Rhode Island,RI,2013.0,10.807574394626652,0.0,4333.8375910346585,2839.3307712103992,954.0,0.033490878253578,0.4200463486582725
44.0,Rhode Island,RI,2013.25,10.80127238274978,0.0,4332.349292608493,2838.355706633245,880.0,0.033596142376825025,0.43629386482765997
44.0,Rhode Island,RI,2013.5,10.813441323960634,0.0,4330.862016035014,2837.381311526904,879.0,0.033747834532930523,0.4353289082123495
44.0,Rhode Island,RI,2013.75,10.819191603195378,0.0,4329.375760262191,2836.4075852021347,960.0,0.033778942732468585,0.439993014698936
44.0,Rhode Island,RI,2014.0,10.824376602681028,0.0,4369.005576208179,2864.288559289887,996.0,0.03363269099461346,0.42510273626179096
44.0,Rhode Island,RI,2014.25,10.832213659022528,0.0,4367.838518983079,2863.52344498651,899.0,0.03387400045555312,0.4429284622806999
44.0,Rhode Island,RI,2014.5,10.842786888266502,0.0,4366.672085084643,2862.758739331601,896.0,0.034014711241763966,0.4420051558695605
44.0,Rhode Island,RI,2014.75,10.858781888170787,0.0,4365.506274013627,2861.9944419978583,1003.0,0.03411270601172482,0.4467172561255404
44.0,Rhode Island,RI,2015.0,10.868255016242,0.0,4639.782608489713,2916.273764762833,1007.0,0.034095075155810825,0.43078279448064793
44.0,Rhode Island,RI,2015.25,10.879957108547824,0.0,4638.8828311486395,2915.7082216597796,926.0,0.034373551913965725,0.4491327802202113
44.0,Rhode Island,RI,2015.5,10.88424791220573,0.0,4637.983402721455,2915.1428978619174,920.0,0.03456290692427628,0.44799520967080847
44.0,Rhode Island,RI,2015.75,10.896635043766691,0.0,4637.084323005242,2914.5777932417095,1044.0,0.03465845815921617,0.45245728581961403
44.0,Rhode Island,RI,2016.0,10.886041892939344,0.0,,,984.0,0.03455613549836903,0.43711091295872434
45.0,South Carolina,SC,1990.0,9.831462107083086,0.0,,,368.0,0.022215526019270782,0.42405425257284146
45.0,South Carolina,SC,1990.25,9.837378768423536,0.0,,,375.0,0.022271913998915295,0.43466834410163496
45.0,South Carolina,SC,1990.5,9.84320319735342,0.0,,,370.0,0.022261852018769835,0.42621266399672264
45.0,South Carolina,SC,1990.75,9.848937630379922,0.0,,,397.0,0.022370657892524164,0.4260025089416844
45.0,South Carolina,SC,1991.0,9.854584229503295,0.0,,,382.0,0.02312875517728526,0.4119789618579111
45.0,South Carolina,SC,1991.25,9.865133075924035,0.0,,,390.0,0.02306862086471952,0.41735346701018544
45.0,South Carolina,SC,1991.5,9.875499509817825,0.0,,,388.0,0.022986654740429113,0.4074579962622964
45.0,South Carolina,SC,1991.75,9.885688764963726,0.0,,,414.0,0.023130870197998917,0.41168384955921866
45.0,South Carolina,SC,1992.0,9.89570586093147,0.0,,,397.0,0.023083781526345794,0.4036651103283999
45.0,South Carolina,SC,1992.25,9.907636950622312,0.0,,,403.0,0.02297299511604572,0.4138044515324441
45.0,South Carolina,SC,1992.5,9.919358408823614,0.0,,,403.0,0.02297955813590145,0.4068637640155059
45.0,South Carolina,SC,1992.75,9.930876496799309,0.0,,,445.0,0.023114210515436738,0.4129712297750886
45.0,South Carolina,SC,1993.0,9.94219720640776,0.0,,,400.0,0.0228806485056973,0.40693763442973585
45.0,South Carolina,SC,1993.25,9.958524746987992,0.0,,,420.0,0.02298089210463263,0.41924440577156247
45.0,South Carolina,SC,1993.5,9.974498955906714,0.0,,,420.0,0.02304120761419467,0.4135666785321521
45.0,South Carolina,SC,1993.75,9.990133153502136,0.0,,,450.0,0.023130679951730453,0.41982560760097626
45.0,South Carolina,SC,1994.0,10.005439932605348,0.0,,,417.0,0.023227200756086325,0.41367002420163523
45.0,South Carolina,SC,1994.25,10.018206038140148,0.0,,,426.0,0.023439308491290112,0.4253273606443009
45.0,South Carolina,SC,1994.5,10.030738649348493,0.0,,,433.0,0.023443586304710544,0.42130116009181134
45.0,South Carolina,SC,1994.75,10.043045072021911,0.0,,,456.0,0.023781459384075183,0.42680455935710065
45.0,South Carolina,SC,1995.0,10.055132282027293,0.0,,,441.0,0.023867425068999425,0.4229147626133473
45.0,South Carolina,SC,1995.25,10.06196036590138,0.0,,,443.0,0.024024019232617908,0.43286987822807854
45.0,South Carolina,SC,1995.5,10.068699484569214,0.0,,,439.0,0.02388538197657666,0.42730618326679287
45.0,South Carolina,SC,1995.75,10.075351515597944,0.0,,,471.0,0.02414663442640777,0.4326139435992776
45.0,South Carolina,SC,1996.0,10.08191828062932,0.0,,,454.0,0.02413308044886992,0.42495741355390476
45.0,South Carolina,SC,1996.25,10.098035695914447,0.0,,,456.0,0.024113645223046563,0.4355986618657805
45.0,South Carolina,SC,1996.5,10.113766931227673,0.0,,,451.0,0.024338627379473284,0.4318202162969124
45.0,South Carolina,SC,1996.75,10.129127580512415,0.0,,,488.0,0.024426209122066528,0.4363733110777069
45.0,South Carolina,SC,1997.0,10.14413233641678,0.0,,,469.0,0.024594942192338463,0.4326178365688213
45.0,South Carolina,SC,1997.25,10.155049597023089,0.0,,,470.0,0.024611695084687548,0.44175583814240205
45.0,South Carolina,SC,1997.5,10.165766741383154,0.0,,,470.0,0.02593723996266325,0.4377858602936573
45.0,South Carolina,SC,1997.75,10.176289820739152,0.0,,,518.0,0.025675719026488467,0.43985901794201654
45.0,South Carolina,SC,1998.0,10.186624626132271,0.0,,,479.0,0.025583053835761316,0.43535758041216377
45.0,South Carolina,SC,1998.25,10.198989841985473,0.0,,,492.0,0.026355314041028866,0.4465545713650022
45.0,South Carolina,SC,1998.5,10.211118750492655,0.0,,,493.0,0.02714140521112649,0.444288346752738
45.0,South Carolina,SC,1998.75,10.223018928714891,0.0,,,549.0,0.027371603142051195,0.44756916196840796
45.0,South Carolina,SC,1999.0,10.234697605757091,0.0,,,496.0,0.0273820647790188,0.4406004471972014
45.0,South Carolina,SC,1999.25,10.236699464925932,0.0,,,513.0,0.027559354560673637,0.45190308741343654
45.0,South Carolina,SC,1999.5,10.238684963245648,0.0,,,525.0,0.02805584014311959,0.44689808584216634
45.0,South Carolina,SC,1999.75,10.240654304337651,0.0,,,563.0,0.02831719702522865,0.4525753814445761
45.0,South Carolina,SC,2000.0,10.242607688397452,0.0,,,531.0,0.028288939256099873,0.4449255587144815
45.0,South Carolina,SC,2000.25,10.250599804587816,0.0,,,531.0,0.028105183005421353,0.45846486827337585
45.0,South Carolina,SC,2000.5,10.258488746997516,0.0,,,535.0,0.028429200449289413,0.4477331842624755
45.0,South Carolina,SC,2000.75,10.266276741498274,0.0,,,570.0,0.027382101518150577,0.4513397530467168
45.0,South Carolina,SC,2001.0,10.273965945108,0.0,,,558.0,0.027966578064671666,0.4390713887716959
45.0,South Carolina,SC,2001.25,10.281049362180497,0.0,,,551.0,0.027986147147909743,0.4431872355512373
45.0,South Carolina,SC,2001.5,10.28804625155956,0.0,,,551.0,0.02846592167423854,0.43655512173117544
45.0,South Carolina,SC,2001.75,10.29495835727431,0.0,,,591.0,0.02827540000903079,0.4326333658360375
45.0,South Carolina,SC,2002.0,10.301787373237875,0.0,,,571.0,0.028291820794367782,0.42251394401781656
45.0,South Carolina,SC,2002.25,10.30916012157874,0.0,,,567.0,0.028755198746703986,0.432981446811142
45.0,South Carolina,SC,2002.5,10.316441379214174,0.0,,,566.0,0.028942036489784807,0.42811043196580195
45.0,South Carolina,SC,2002.75,10.323633028125194,0.0,,,604.0,0.029179368459550475,0.42911142425995236
45.0,South Carolina,SC,2003.0,10.330736894981136,0.0,,,585.0,0.029338141342655718,0.4212940262668752
45.0,South Carolina,SC,2003.25,10.335389198662742,0.0,,,577.0,0.029617907103981246,0.42774307300230413
45.0,South Carolina,SC,2003.5,10.33998645979147,0.0,,,580.0,0.025560390842578197,0.42202575430198486
45.0,South Carolina,SC,2003.75,10.34452969718701,0.0,,,624.0,0.025362240258927752,0.42254002945033065
45.0,South Carolina,SC,2004.0,10.349019903633083,0.0,2537.9986943473887,1875.1634143694455,596.0,0.026039909084022237,0.4163986136682846
45.0,South Carolina,SC,2004.25,10.364164631624632,0.0,2529.1053678144117,1868.5927094341666,595.0,0.026394977007809246,0.4266429106036338
45.0,South Carolina,SC,2004.5,10.378979994579849,0.0,2520.2741493379785,1862.067892132963,603.0,0.02666007630404226,0.4227222403082504
45.0,South Carolina,SC,2004.75,10.393478195785413,0.0,2511.504390568774,1855.5884834423737,655.0,0.026912285737735228,0.4250937639903781
45.0,South Carolina,SC,2005.0,10.40767078807219,0.0,2707.6847417538024,2098.154397386508,611.0,0.027215671580623633,0.4185091858599815
45.0,South Carolina,SC,2005.25,10.412430204641591,0.0,2693.8536769255566,2087.4368610934443,620.0,0.02741285288808785,0.4261224822318331
45.0,South Carolina,SC,2005.5,10.41736865761544,0.0,2680.1631943080183,2076.8282603714392,635.0,0.027722540932733287,0.4233129272838953
45.0,South Carolina,SC,2005.75,10.42376284830904,0.0,2666.6111613727435,2066.3269427482305,666.0,0.02780008015594835,0.42312800276096557
45.0,South Carolina,SC,2006.0,10.439750302146344,0.0,2884.106073480781,2195.3421035662795,662.0,0.028106080823856367,0.4172656818837375
45.0,South Carolina,SC,2006.25,10.44333420536337,0.0,2869.9037330975484,2184.531476280695,646.0,0.028490349533736,0.4256799042291686
45.0,South Carolina,SC,2006.5,10.445629121528334,0.0,2855.840581816067,2173.8267978359813,641.0,0.02999355711462803,0.42257564615081245
45.0,South Carolina,SC,2006.75,10.455971206321328,0.0,2841.9145834436817,2163.2265183101335,688.0,0.03053694714303876,0.4253235001549165
45.0,South Carolina,SC,2007.0,10.463856220804448,0.0,3115.302951547104,2357.181752926908,676.0,0.026272527007657327,0.41963775274089377
45.0,South Carolina,SC,2007.25,10.481912235164923,0.0,3100.497465865636,2345.979240287087,665.0,0.026005460064947025,0.42709057547015267
45.0,South Carolina,SC,2007.5,10.495895216534992,0.0,3085.8320407671545,2334.8827039377447,664.0,0.02606700511506272,0.4211035361297043
45.0,South Carolina,SC,2007.75,10.49816512849162,0.0,3071.304698138738,2323.8906471475,716.0,0.0262266890235969,0.4223149730907495
45.0,South Carolina,SC,2008.0,10.481357582472633,0.0,3081.6183101066995,2405.374392028609,695.0,0.025889402419432474,0.4142500162655623
45.0,South Carolina,SC,2008.25,10.488649984681611,0.0,3071.297682878121,2397.3185687737046,681.0,0.02608767410872945,0.41969111643411827
45.0,South Carolina,SC,2008.5,10.485759918486895,0.0,3061.0459543881984,2389.3165248142645,682.0,0.02611420628086732,0.40978112634155905
45.0,South Carolina,SC,2008.75,10.470050144762464,0.0,3050.862436997954,2381.3677234098413,731.0,0.025916501207851175,0.4049813177086874
45.0,South Carolina,SC,2009.0,10.46377216747179,0.0,2927.3622445244664,2567.691430174959,693.0,0.024662997138046552,0.3866867456579762
45.0,South Carolina,SC,2009.25,10.452707012282136,0.0,2920.0347568905677,2561.2642354410427,685.0,0.02469753839043954,0.38775589483590256
45.0,South Carolina,SC,2009.5,10.45423322866651,0.0,2912.7438605695,2554.869136222653,687.0,0.024804746247350504,0.37957882311752406
45.0,South Carolina,SC,2009.75,10.46148401432732,0.0,2905.4892821545773,2548.5058927052614,763.0,0.024504234337013014,0.3790598626283342
45.0,South Carolina,SC,2010.0,10.456753767938263,0.0,2913.8876383941733,2620.7863211432928,691.0,0.024205431343741715,0.37233949310133163
45.0,South Carolina,SC,2010.25,10.470798650106229,0.0,2908.133089880523,2615.610609550912,710.0,0.023870445445232643,0.3824844866646509
45.0,South Carolina,SC,2010.5,10.477201454538395,0.0,2902.401225536011,2610.4553003787905,712.0,0.023473182805540695,0.37748142036701626
45.0,South Carolina,SC,2010.75,10.480857767626151,0.0,2896.6919114945363,2605.320273226112,775.0,0.023825210597231007,0.38020597066250583
45.0,South Carolina,SC,2011.0,10.485210437428725,0.0,3017.945327231711,2654.937886251382,721.0,0.023532964362521634,0.3737433487771466
45.0,South Carolina,SC,2011.25,10.50410577822318,0.0,3010.1949065651456,2648.1197092365837,726.0,0.023855053541417103,0.38387873576164144
45.0,South Carolina,SC,2011.5,10.50142387344908,0.0,3002.4841918211273,2641.336462197861,746.0,0.023515880357233915,0.3798302147774655
45.0,South Carolina,SC,2011.75,10.50548860036911,0.0,2994.8128786551065,2634.587877398132,763.0,0.02354987813325644,0.38101596094105433
45.0,South Carolina,SC,2012.0,10.517268858910684,0.0,2953.3687372372247,2665.372948423559,764.0,0.023333531041611944,0.37681496199764447
45.0,South Carolina,SC,2012.25,10.518335566889029,0.0,2946.0151818995428,2658.7364701454935,736.0,0.023581188424364193,0.3852610476093176
45.0,South Carolina,SC,2012.5,10.516020144030108,0.0,2938.6981546592388,2652.1329579516755,737.0,0.02379789588702465,0.3811138369397107
45.0,South Carolina,SC,2012.75,10.505792899573484,0.0,2931.4173840157837,2645.5621668167714,785.0,0.023992083447178108,0.3848424743986359
45.0,South Carolina,SC,2013.0,10.53477709878551,0.0,3137.2415158558474,2682.06109447903,772.0,0.024121761096198867,0.37912874461275076
45.0,South Carolina,SC,2013.25,10.529189786230456,0.0,3127.3149561323917,2673.574773135344,746.0,0.024388107282666962,0.3882337018864758
45.0,South Carolina,SC,2013.5,10.549429180438228,0.0,3117.4510156180636,2665.14198561866,750.0,0.02461463368681591,0.3852641907463733
45.0,South Carolina,SC,2013.75,10.556891164541955,0.0,3107.649103649557,2656.7622269646413,792.0,0.024486339506234397,0.38920239547564356
45.0,South Carolina,SC,2014.0,10.558964460469133,0.0,3196.9750001553302,2791.319538649209,787.0,0.0237739803621467,0.3834318815846973
45.0,South Carolina,SC,2014.25,10.581519935480731,0.0,3186.0208943967546,2781.755369573487,766.0,0.02412244627536955,0.3936199101030864
45.0,South Carolina,SC,2014.5,10.58972392060176,0.0,3175.1415985413955,2772.256517975857,768.0,0.024407030396377184,0.38997926347914996
45.0,South Carolina,SC,2014.75,10.594170151468608,0.0,3164.3363488377863,2762.822317015198,817.0,0.02475097027960739,0.39507508832262284
45.0,South Carolina,SC,2015.0,10.610988505961195,0.0,3322.9472133273566,2965.3916762039325,800.0,0.024636586245825702,0.38916621074381685
45.0,South Carolina,SC,2015.25,10.620086976974893,0.0,3311.735475300068,2955.386342839455,782.0,0.024698633858405393,0.39836650281166136
45.0,South Carolina,SC,2015.5,10.633683263860842,0.0,3300.599140438271,2945.448299114251,788.0,0.025091231664761387,0.3968070870467828
45.0,South Carolina,SC,2015.75,10.640152679933102,0.0,3289.5374506192197,2935.576868481046,860.0,0.02507549856303845,0.4009716898105932
45.0,South Carolina,SC,2016.0,10.63752787838736,0.0,,,805.0,0.024821617864840575,0.39433066075079704
46.0,South Dakota,SD,1990.0,9.81567892100298,0.0,,,309.0,0.037069233869984404,0.37555629193856654
46.0,South Dakota,SD,1990.25,9.832061133238792,0.0,,,306.0,0.03564543759293474,0.3956185130536788
46.0,South Dakota,SD,1990.5,9.848104316013975,0.0,,,309.0,0.03546049672680026,0.4002374884289831
46.0,South Dakota,SD,1990.75,9.86382088816366,0.0,,,345.0,0.0354217145494404,0.3958893318917933
46.0,South Dakota,SD,1991.0,9.879222606420738,0.0,,,319.0,0.03639637386327947,0.38502098761396814
46.0,South Dakota,SD,1991.25,9.896697805268264,0.0,,,319.0,0.03657330810026744,0.402402712932324
46.0,South Dakota,SD,1991.5,9.913763070768896,0.0,,,326.0,0.03638481577442516,0.4058732859385185
46.0,South Dakota,SD,1991.75,9.930435060186564,0.0,,,354.0,0.03596530981621859,0.40101540941491515
46.0,South Dakota,SD,1992.0,9.946729452828308,0.0,,,337.0,0.035426437392764604,0.39496998461001037
46.0,South Dakota,SD,1992.25,9.963718221055387,0.0,,,334.0,0.03538605350976486,0.41371031286859017
46.0,South Dakota,SD,1992.5,9.980315144476258,0.0,,,338.0,0.035384958465741204,0.41500343795878164
46.0,South Dakota,SD,1992.75,9.996535834520277,0.0,,,377.0,0.03512686166462565,0.41144388743752197
46.0,South Dakota,SD,1993.0,10.01239500449318,0.0,,,343.0,0.03420437881408388,0.401843176733471
46.0,South Dakota,SD,1993.25,10.028248836519962,0.0,,,347.0,0.03435237415122597,0.42117991426632984
46.0,South Dakota,SD,1993.5,10.043763250309476,0.0,,,357.0,0.03443892387138158,0.42401258865016367
46.0,South Dakota,SD,1993.75,10.058950839300335,0.0,,,384.0,0.03434242719835692,0.42466827401614465
46.0,South Dakota,SD,1994.0,10.073823520915932,0.0,,,359.0,0.03377714528113412,0.41492448811103966
46.0,South Dakota,SD,1994.25,10.08177579443711,0.0,,,355.0,0.033881912913204984,0.43554477165837113
46.0,South Dakota,SD,1994.5,10.089627150709,0.0,,,374.0,0.03390174404156014,0.43781854659798985
46.0,South Dakota,SD,1994.75,10.097379736096244,0.0,,,393.0,0.03402336168500271,0.43626726981178315
46.0,South Dakota,SD,1995.0,10.105035631420298,0.0,,,381.0,0.03404411017379815,0.4289369967589299
46.0,South Dakota,SD,1995.25,10.12230917567825,0.0,,,369.0,0.03420988177218581,0.44560442509689935
46.0,South Dakota,SD,1995.5,10.139240625961634,0.0,,,379.0,0.03425491406882331,0.4492207258152055
46.0,South Dakota,SD,1995.75,10.155842401907162,0.0,,,404.0,0.03442664756099042,0.44589940825474955
46.0,South Dakota,SD,1996.0,10.17212626222818,0.0,,,394.0,0.03439713397636528,0.4350139380474338
46.0,South Dakota,SD,1996.25,10.168096610166163,0.0,,,386.0,0.03463371910240193,0.4530644641184949
46.0,South Dakota,SD,1996.5,10.16405613640908,0.0,,,394.0,0.03458204725935055,0.45440279074690515
46.0,South Dakota,SD,1996.75,10.16000476419078,0.0,,,420.0,0.034694485361100036,0.4505729414925813
46.0,South Dakota,SD,1997.0,10.15594241597266,0.0,,,407.0,0.0343217019629869,0.4383497956929576
46.0,South Dakota,SD,1997.25,10.170464947412237,0.0,,,398.0,0.03435158710415557,0.46067643437392325
46.0,South Dakota,SD,1997.5,10.184762090014868,0.0,,,413.0,0.034777333939035655,0.46364231533068817
46.0,South Dakota,SD,1997.75,10.198840478371784,0.0,,,446.0,0.03490078617970713,0.4596133020967139
46.0,South Dakota,SD,1998.0,10.21270645881132,0.0,,,425.0,0.03469971503556024,0.4470148433499808
46.0,South Dakota,SD,1998.25,10.221842539473103,0.0,,,422.0,0.03512965663360532,0.4680452004169642
46.0,South Dakota,SD,1998.5,10.230869684902627,0.0,,,428.0,0.03504380308325593,0.4695245032197995
46.0,South Dakota,SD,1998.75,10.239790193242795,0.0,,,476.0,0.035191742952142835,0.46583751877526863
46.0,South Dakota,SD,1999.0,10.24860629168155,0.0,,,436.0,0.03521532171660368,0.45514552894498844
46.0,South Dakota,SD,1999.25,10.269493370896372,0.0,,,441.0,0.035239501443260574,0.4786503850911848
46.0,South Dakota,SD,1999.5,10.289880054365318,0.0,,,452.0,0.03539106234265623,0.4787840402516792
46.0,South Dakota,SD,1999.75,10.30978820064072,0.0,,,500.0,0.03546785493700347,0.4778228710230099
46.0,South Dakota,SD,2000.0,10.329238274049548,0.0,,,475.0,0.03542926847338869,0.4686090427830787
46.0,South Dakota,SD,2000.25,10.336722752719613,0.0,,,457.0,0.03557622135022793,0.4891447287239856
46.0,South Dakota,SD,2000.5,10.344141225584949,0.0,,,470.0,0.035836587801952154,0.48697331776120745
46.0,South Dakota,SD,2000.75,10.351494763438373,0.0,,,503.0,0.03600417194761301,0.4808191627939727
46.0,South Dakota,SD,2001.0,10.358784411384498,0.0,,,485.0,0.03584037405075649,0.469541530997627
46.0,South Dakota,SD,2001.25,10.369569940647462,0.0,,,478.0,0.036100959281936074,0.48757917108337157
46.0,South Dakota,SD,2001.5,10.380226062841237,0.0,,,484.0,0.03611876742433425,0.4868734486084248
46.0,South Dakota,SD,2001.75,10.390755687370223,0.0,,,522.0,0.03620370029018786,0.4787384289127523
46.0,South Dakota,SD,2002.0,10.401161626909454,0.0,,,498.0,0.036091155495908,0.4629272913870688
46.0,South Dakota,SD,2002.25,10.4155677322756,0.0,,,491.0,0.03634154667094204,0.48315175592000625
46.0,South Dakota,SD,2002.5,10.429734921069352,0.0,,,501.0,0.036334068143769084,0.4840390379255376
46.0,South Dakota,SD,2002.75,10.44367047503006,0.0,,,537.0,0.036381667975984584,0.47837418656507624
46.0,South Dakota,SD,2003.0,10.45738134967415,0.0,,,514.0,0.036152876216563726,0.4630276795390337
46.0,South Dakota,SD,2003.25,10.484135666360686,0.0,,,507.0,0.036370727169572084,0.48119725427445
46.0,South Dakota,SD,2003.5,10.510081018967982,0.0,,,513.0,0.03641424264645971,0.4811611396289959
46.0,South Dakota,SD,2003.75,10.535261904750923,0.0,,,559.0,0.03660326441331587,0.47615767623429617
46.0,South Dakota,SD,2004.0,10.559719264809967,0.0,2164.5958701758577,1759.0667656633732,531.0,0.036539649738576006,0.4626867221532822
46.0,South Dakota,SD,2004.25,10.567717190907125,0.0,2161.0214984962813,1756.1620394203353,525.0,0.036761816332818324,0.4853666446257323
46.0,South Dakota,SD,2004.5,10.575625599582496,0.0,2157.4589119917405,1753.266890442975,538.0,0.037045350604086064,0.4854190695450967
46.0,South Dakota,SD,2004.75,10.58344622858528,0.0,2153.9080524722503,1750.381271442987,581.0,0.037258203834510596,0.4809093037336024
46.0,South Dakota,SD,2005.0,10.591180766559882,0.0,2268.4227968530986,1823.1898933968457,545.0,0.03718021955066003,0.467633277583851
46.0,South Dakota,SD,2005.25,10.588007207322072,0.0,2262.9222849115877,1818.7689901180636,540.0,0.03735505764248538,0.48845392245900104
46.0,South Dakota,SD,2005.5,10.606323764926923,0.0,2257.4483839217314,1814.3694747472935,567.0,0.03753674946712471,0.48991803794097755
46.0,South Dakota,SD,2005.75,10.631916205862751,0.0,2252.0009012376654,1809.9911924500864,589.0,0.03767403872249561,0.48478905405889794
46.0,South Dakota,SD,2006.0,10.615913042013217,0.0,2513.70504180539,1892.645648395406,582.0,0.03749522689337487,0.4736390420327113
46.0,South Dakota,SD,2006.25,10.634522527500302,0.0,2506.829958207062,1887.469187021328,563.0,0.03763593212006666,0.493400349770955
46.0,South Dakota,SD,2006.5,10.639699779918596,0.0,2499.992379287921,1882.3209640708826,571.0,0.03785969761014469,0.4953301969869398
46.0,South Dakota,SD,2006.75,10.629955984431046,0.0,2493.1919989917355,1877.2007491049435,614.0,0.03790997947371388,0.49049611630337697
46.0,South Dakota,SD,2007.0,10.720713067063471,0.0,2555.6849662023465,2107.2075975559073,601.0,0.03787787873773248,0.4789139948350835
46.0,South Dakota,SD,2007.25,10.705799291747589,0.0,2549.645194554619,2102.227698674824,589.0,0.03793833193708997,0.4989067923800294
46.0,South Dakota,SD,2007.5,10.67803480697183,0.0,2543.6339028142124,2097.2712819826156,598.0,0.038061363623505186,0.5012257344086353
46.0,South Dakota,SD,2007.75,10.686773340940997,0.0,2537.6508900139384,2092.3381817782715,647.0,0.03803329889197067,0.4949237403424381
46.0,South Dakota,SD,2008.0,10.761203494620077,0.0,2715.1143001586743,2249.598310149614,632.0,0.03785770418608376,0.48441209791388234
46.0,South Dakota,SD,2008.25,10.759172698506031,0.0,2708.3842132741493,2244.0221205646294,606.0,0.038049717906940964,0.5008939162205928
46.0,South Dakota,SD,2008.5,10.753349243917926,0.0,2701.6874082845693,2238.4735065754944,623.0,0.0381536193391695,0.5014052915666111
46.0,South Dakota,SD,2008.75,10.708780495847536,0.0,2695.0236389184324,2232.9522641348312,663.0,0.03824707133596764,0.4935886905824723
46.0,South Dakota,SD,2009.0,10.715958103301425,0.0,2739.814662227547,2210.5141208846353,630.0,0.03767716930564625,0.47407009992148524
46.0,South Dakota,SD,2009.25,10.71529137402333,0.0,2731.979913057069,2204.192954743838,614.0,0.0380698100957336,0.48625524551771937
46.0,South Dakota,SD,2009.5,10.72267025044824,0.0,2724.189844473793,2197.9078374169635,633.0,0.03810170310066823,0.48462067900626177
46.0,South Dakota,SD,2009.75,10.72688468428353,0.0,2716.444075352836,2191.658461408053,688.0,0.0380781328987771,0.47653111763709843
46.0,South Dakota,SD,2010.0,10.71777068939043,0.0,2691.4035463816494,2235.405016384406,633.0,0.03768597066119499,0.45966863687869414
46.0,South Dakota,SD,2010.25,10.731422296735394,0.0,2684.76583634068,2229.8919188250165,632.0,0.03767978779075895,0.4810031324467657
46.0,South Dakota,SD,2010.5,10.765833833454678,0.0,2678.1607864337852,2224.405947865667,660.0,0.03769313893935783,0.48166692366718816
46.0,South Dakota,SD,2010.75,10.780191067550753,0.0,2671.58815620156,2218.9469037874537,714.0,0.03768818480756609,0.4776216016181494
46.0,South Dakota,SD,2011.0,10.825658598247704,0.0,2723.6456177719983,2294.9776685532956,659.0,0.0374176065444118,0.46133137958445636
46.0,South Dakota,SD,2011.25,10.831238724466097,0.0,2715.375789650309,2288.009408535101,656.0,0.0375797208579544,0.4806447305501766
46.0,South Dakota,SD,2011.5,10.83392921971807,0.0,2707.1560290058287,2281.0833359958383,684.0,0.03763113840463119,0.48160912541844025
46.0,South Dakota,SD,2011.75,10.868331722032885,0.0,2698.9858825304163,2274.1990689724284,724.0,0.03770628607386256,0.4781037833400096
46.0,South Dakota,SD,2012.0,10.859000564710051,0.0,2797.1084834038593,2354.8399467427894,703.0,0.03737591992723272,0.4645057789186613
46.0,South Dakota,SD,2012.25,10.860051004610977,0.0,2788.3527041778602,2347.468599221383,677.0,0.037414227453486826,0.4843452813837299
46.0,South Dakota,SD,2012.5,10.797984946713644,0.0,2779.651570268012,2340.1432566991175,683.0,0.037453486828041345,0.48348014495178626
46.0,South Dakota,SD,2012.75,10.867667067412704,0.0,2771.0045716989193,2332.8634898360356,749.0,0.03749368916780714,0.4783345161042346
46.0,South Dakota,SD,2013.0,10.877581126003747,0.0,2876.1743687582994,2397.345553790764,709.0,0.03722710498720592,0.464388034240636
46.0,South Dakota,SD,2013.25,10.865828068211576,0.0,2869.6881051047035,2391.9391307659403,689.0,0.03738759204529117,0.48228942762242916
46.0,South Dakota,SD,2013.5,10.866930426800597,0.0,2863.2310308851397,2386.557037684619,707.0,0.037467238258056194,0.48270723967976903
46.0,South Dakota,SD,2013.75,10.868541787978508,0.0,2856.802949504865,2381.199110681375,759.0,0.03741486302406539,0.4797806386577343
46.0,South Dakota,SD,2014.0,10.890523160456445,0.0,3035.8730929517064,2506.237090366554,741.0,0.037180917259879355,0.46730028701758586
46.0,South Dakota,SD,2014.25,10.897657845755443,0.0,3031.1107675894323,2502.305596495142,712.0,0.037334560642604146,0.4864384082220352
46.0,South Dakota,SD,2014.5,10.878759086081992,0.0,3026.3633599925165,2498.3864178476215,733.0,0.03753566250409242,0.4871743604134512
46.0,South Dakota,SD,2014.75,10.876378054801796,0.0,3021.6308001767493,2494.4794966491722,791.0,0.0376193920120666,0.48248994985287413
46.0,South Dakota,SD,2015.0,10.893396080193131,0.0,3113.5934744422257,2594.116694000249,762.0,0.0374464255949571,0.47078920037905675
46.0,South Dakota,SD,2015.25,10.908870047194297,0.0,3106.7718729673747,2588.433219130783,740.0,0.03763537625344883,0.4897848178937941
46.0,South Dakota,SD,2015.5,10.926172864249608,0.0,3099.98009716991,2582.7745937762747,756.0,0.03787224239906277,0.4881210664590119
46.0,South Dakota,SD,2015.75,10.93261193338021,0.0,3093.2179518689995,2577.1406553201664,832.0,0.03801080456395991,0.48456200677748373
46.0,South Dakota,SD,2016.0,10.91380676002238,0.0,,,771.0,0.03782523392346676,0.47145852542904265
47.0,Tennessee,TN,1990.0,9.86386467389614,0.0,,,388.0,0.02033775926081808,0.4316147620631518
47.0,Tennessee,TN,1990.25,9.878933517685352,0.0,,,388.0,0.02040339514433109,0.44043170073636234
47.0,Tennessee,TN,1990.5,9.89367092022256,0.0,,,388.0,0.020428190464755427,0.43442358927794145
47.0,Tennessee,TN,1990.75,9.908089246808936,0.0,,,422.0,0.020448157351530265,0.43732942755320614
47.0,Tennessee,TN,1991.0,9.922200200208303,0.0,,,401.0,0.020952819310323164,0.4216791799546315
47.0,Tennessee,TN,1991.25,9.943513671765349,0.0,,,408.0,0.020963730274383276,0.42932344396415956
47.0,Tennessee,TN,1991.5,9.964210873014574,0.0,,,406.0,0.02094400054151576,0.42553793909924487
47.0,Tennessee,TN,1991.75,9.984322399871091,0.0,,,442.0,0.020930995928427055,0.4313978593192662
47.0,Tennessee,TN,1992.0,10.003876665991086,0.0,,,420.0,0.020868788940108227,0.42231424892598474
47.0,Tennessee,TN,1992.25,10.017087876412578,0.0,,,427.0,0.02104697584292454,0.4317445670364143
47.0,Tennessee,TN,1992.5,10.030015117047384,0.0,,,423.0,0.021005904787968894,0.4289858464003868
47.0,Tennessee,TN,1992.75,10.042668492547786,0.0,,,484.0,0.02093254126305425,0.4378679679352217
47.0,Tennessee,TN,1993.0,10.05505759611642,0.0,,,420.0,0.021196344429599594,0.42933312623209663
47.0,Tennessee,TN,1993.25,10.071863467252912,0.0,,,438.0,0.021235805328278803,0.4402514541217973
47.0,Tennessee,TN,1993.5,10.088243179300669,0.0,,,441.0,0.021328337426615548,0.4386480550753324
47.0,Tennessee,TN,1993.75,10.104214855387092,0.0,,,498.0,0.02129253897076493,0.44632118174413743
47.0,Tennessee,TN,1994.0,10.119795518287596,0.0,,,444.0,0.021372708612813533,0.4359269860409318
47.0,Tennessee,TN,1994.25,10.128939907047611,0.0,,,450.0,0.021481310578581197,0.45102056252601536
47.0,Tennessee,TN,1994.5,10.1379198406452,0.0,,,459.0,0.021602189882646703,0.4498139580961993
47.0,Tennessee,TN,1994.75,10.146740068468452,0.0,,,502.0,0.021596392951505464,0.4570508312352528
47.0,Tennessee,TN,1995.0,10.155405147592164,0.0,,,471.0,0.021675499761964475,0.4483780795063679
47.0,Tennessee,TN,1995.25,10.16227251673263,0.0,,,471.0,0.021792315355693537,0.45691928445121804
47.0,Tennessee,TN,1995.5,10.16903628852996,0.0,,,467.0,0.021863105395324964,0.45290543619899226
47.0,Tennessee,TN,1995.75,10.175698940933223,0.0,,,518.0,0.02192681837699777,0.4611176523249941
47.0,Tennessee,TN,1996.0,10.182262869367255,0.0,,,484.0,0.021880341754108586,0.4476167249715368
47.0,Tennessee,TN,1996.25,10.199251581272131,0.0,,,489.0,0.02195229406999681,0.4540905070273512
47.0,Tennessee,TN,1996.5,10.21583114342596,0.0,,,483.0,0.021948215608165574,0.4532629355628444
47.0,Tennessee,TN,1996.75,10.232018359629553,0.0,,,541.0,0.021988522402360974,0.45950559075269826
47.0,Tennessee,TN,1997.0,10.247829041749164,0.0,,,511.0,0.021896871800121943,0.4477229218450403
47.0,Tennessee,TN,1997.25,10.262317213109402,0.0,,,536.0,0.021950046185056343,0.4586909593779349
47.0,Tennessee,TN,1997.5,10.276507757168211,0.0,,,507.0,0.022370745409050166,0.45512923245761827
47.0,Tennessee,TN,1997.75,10.290411137754967,0.0,,,576.0,0.022057899171196587,0.4627483921799726
47.0,Tennessee,TN,1998.0,10.304037288297806,0.0,,,524.0,0.021900002603210567,0.4511179592504788
47.0,Tennessee,TN,1998.25,10.313893369168197,0.0,,,534.0,0.021984853711205874,0.46231414565674045
47.0,Tennessee,TN,1998.5,10.323593758332734,0.0,,,531.0,0.022087920411471357,0.45854213967878016
47.0,Tennessee,TN,1998.75,10.3331425617563,0.0,,,602.0,0.02204537964080399,0.46764486527410953
47.0,Tennessee,TN,1999.0,10.342543730411682,0.0,,,539.0,0.022043710028506542,0.4547786909502523
47.0,Tennessee,TN,1999.25,10.340251177033744,0.0,,,549.0,0.02212447419492899,0.46339437960288277
47.0,Tennessee,TN,1999.5,10.337966541583112,0.0,,,557.0,0.02213565441252642,0.4628931937688222
47.0,Tennessee,TN,1999.75,10.335689777178937,0.0,,,623.0,0.022054286656583384,0.47125722617904703
47.0,Tennessee,TN,2000.0,10.333420837344438,0.0,,,581.0,0.021902902299359418,0.46146528840802525
47.0,Tennessee,TN,2000.25,10.33908865880992,0.0,,,569.0,0.021992528545032867,0.4695104549134473
47.0,Tennessee,TN,2000.5,10.344701442402124,0.0,,,583.0,0.02201019895398388,0.46562250134764993
47.0,Tennessee,TN,2000.75,10.35026007306135,0.0,,,627.0,0.021922029739738735,0.4686831486285017
47.0,Tennessee,TN,2001.0,10.355765415386522,0.0,,,595.0,0.021768491245288256,0.45615584226790445
47.0,Tennessee,TN,2001.25,10.36662452629034,0.0,,,591.0,0.021751553315138197,0.4596832548133914
47.0,Tennessee,TN,2001.5,10.377325220696887,0.0,,,592.0,0.02170125214054535,0.4518633754195027
47.0,Tennessee,TN,2001.75,10.387871539550352,0.0,,,646.0,0.021583035716639547,0.45330984467489305
47.0,Tennessee,TN,2002.0,10.398267373674106,0.0,,,617.0,0.02163643446991486,0.4420458789559595
47.0,Tennessee,TN,2002.25,10.408659054903673,0.0,,,616.0,0.02158139810323536,0.4491679120993509
47.0,Tennessee,TN,2002.5,10.418898255135158,0.0,,,608.0,0.021627433820605595,0.44693450180197125
47.0,Tennessee,TN,2002.75,10.428988831199012,0.0,,,661.0,0.02150325154672233,0.45122905572564975
47.0,Tennessee,TN,2003.0,10.438934498483588,0.0,,,632.0,0.021672550348745823,0.4391549067126873
47.0,Tennessee,TN,2003.25,10.457273757127249,0.0,,,629.0,0.021692448424581564,0.4444856783921205
47.0,Tennessee,TN,2003.5,10.475187111001953,0.0,,,631.0,0.021706286817136124,0.43983706366021436
47.0,Tennessee,TN,2003.75,10.492692003480087,0.0,,,690.0,0.021720220901917067,0.4469313478968555
47.0,Tennessee,TN,2004.0,10.509804840711135,0.0,2141.8458962216505,1752.4161244256072,651.0,0.02168654070872532,0.4393295401695436
47.0,Tennessee,TN,2004.25,10.5144869090202,0.0,2134.6008031535334,1746.488331983616,648.0,0.021733232774747587,0.4466015194058343
47.0,Tennessee,TN,2004.5,10.519115808701413,0.0,2127.4045599236288,1740.6005075170565,659.0,0.021818259422514082,0.4442281011509736
47.0,Tennessee,TN,2004.75,10.523692489057904,0.0,2120.2566741388996,1734.7522481596452,727.0,0.02181512461490924,0.4504938177528759
47.0,Tennessee,TN,2005.0,10.528217875906227,0.0,2439.751449535533,1862.3274657543734,660.0,0.021619223452556034,0.43989638778822054
47.0,Tennessee,TN,2005.25,10.529069838265098,0.0,2429.844280616311,1854.7650590224719,670.0,0.021861415396441274,0.44700258337473
47.0,Tennessee,TN,2005.5,10.544872356167494,0.0,2420.0172469414497,1847.263821663612,690.0,0.021942043356098843,0.4454168464775243
47.0,Tennessee,TN,2005.75,10.551709318770037,0.0,2410.269380152947,1839.8230145042605,739.0,0.021891587108322404,0.44972834012611845
47.0,Tennessee,TN,2006.0,10.562273133031802,0.0,2537.801419860773,1961.9290674005213,705.0,0.02199164822560105,0.44189441122662076
47.0,Tennessee,TN,2006.25,10.576219735019668,0.0,2528.772309168328,1954.948822775527,704.0,0.022196687876720526,0.4483056266137251
47.0,Tennessee,TN,2006.5,10.572664025881382,0.0,2519.807219099884,1948.0180713544378,698.0,0.022313193052497154,0.44484779490409154
47.0,Tennessee,TN,2006.75,10.578699920758362,0.0,2510.9054711565636,1941.1362886018564,782.0,0.022337877149313005,0.44798520243807805
47.0,Tennessee,TN,2007.0,10.558525012579594,0.0,2661.422857584216,2188.1820553272514,737.0,0.022537589501608474,0.4382849716856547
47.0,Tennessee,TN,2007.25,10.5691441375501,0.0,2653.7221682601275,2181.850663776824,731.0,0.022659989718498693,0.4440534883480624
47.0,Tennessee,TN,2007.5,10.578886961352676,0.0,2646.0659134592242,2175.5558056265654,725.0,0.02284173290194474,0.44171571895388534
47.0,Tennessee,TN,2007.75,10.596275088433964,0.0,2638.453709693731,2169.2971655785627,813.0,0.022858372033665676,0.4462018560106847
47.0,Tennessee,TN,2008.0,10.585462189665243,0.0,2688.701127555078,2186.1166169474045,761.0,0.02296215184177894,0.4364014149221173
47.0,Tennessee,TN,2008.25,10.591148189977204,0.0,2682.410093925915,2181.001532562033,745.0,0.02279041268029402,0.4395006352805244
47.0,Tennessee,TN,2008.5,10.599333139476627,0.0,2676.1484311459094,2175.9103288901915,747.0,0.022811614036960415,0.4310672594395848
47.0,Tennessee,TN,2008.75,10.582924581444406,0.0,2669.915934009254,2170.8428390840972,825.0,0.022695544545406426,0.4297501110119099
47.0,Tennessee,TN,2009.0,10.575618798368426,0.0,2402.2391940144807,2176.428266391205,752.0,0.022424924504667685,0.40986243989010074
47.0,Tennessee,TN,2009.25,10.565649775401347,0.0,2397.4249693211336,2172.0665797076035,751.0,0.022313197594055215,0.4074554366453848
47.0,Tennessee,TN,2009.5,10.564777531335231,0.0,2392.630001997996,2167.7223401978567,745.0,0.022224977473190924,0.39987359189345495
47.0,Tennessee,TN,2009.75,10.576970258125067,0.0,2387.8541767286547,2163.3954433853173,848.0,0.022092973401042368,0.4051430368099578
47.0,Tennessee,TN,2010.0,10.577697357410337,0.0,2225.3794478273294,2194.147376826644,764.0,0.02185106009104451,0.39566428192786235
47.0,Tennessee,TN,2010.25,10.583944553419672,0.0,2221.8000744238366,2190.6182381120643,776.0,0.02182094011276346,0.404496104410431
47.0,Tennessee,TN,2010.5,10.588830118372115,0.0,2218.2321968935194,2187.1004339319156,778.0,0.021813654291629375,0.39937819687809983
47.0,Tennessee,TN,2010.75,10.598000828280073,0.0,2214.6757599432285,2183.59390976906,878.0,0.02179042287712597,0.40648131379729907
47.0,Tennessee,TN,2011.0,10.600214176135912,0.0,2403.3533334354543,2246.570372734671,793.0,0.02151060845306249,0.398750694397335
47.0,Tennessee,TN,2011.25,10.615536648182813,0.0,2398.0427031277636,2241.606181850282,794.0,0.021513452848356828,0.40726891857650416
47.0,Tennessee,TN,2011.5,10.629353922692156,0.0,2392.7554906107557,2236.663881094994,819.0,0.021601874892039647,0.4045810982622079
47.0,Tennessee,TN,2011.75,10.639634122326312,0.0,2387.4915413303256,2231.7433259970517,858.0,0.021622673302963382,0.41120262743852176
47.0,Tennessee,TN,2012.0,10.652281747440634,0.0,2391.096734490122,2263.7524468161255,847.0,0.021662747319386468,0.4041625854119715
47.0,Tennessee,TN,2012.25,10.672027634261807,0.0,2387.350262913552,2260.205503659852,816.0,0.021726725604276537,0.4119509959216981
47.0,Tennessee,TN,2012.5,10.67371323842957,0.0,2383.6155132311237,2256.6696581167207,814.0,0.021838228940066772,0.4081656367001935
47.0,Tennessee,TN,2012.75,10.679110993472642,0.0,2379.892430515881,2253.1448581850586,903.0,0.02188184026774748,0.41625018262560315
47.0,Tennessee,TN,2013.0,10.696734020990016,0.0,2442.4260499250095,2315.3569590293555,855.0,0.02196673318633416,0.4080895634639764
47.0,Tennessee,TN,2013.25,10.686996309528192,0.0,2437.749158385111,2310.9233863634145,820.0,0.02195125568180814,0.4147556856115722
47.0,Tennessee,TN,2013.5,10.69641206345128,0.0,2433.090143751087,2306.506760543592,820.0,0.022132624266420358,0.4115429209724352
47.0,Tennessee,TN,2013.75,10.707230516062095,0.0,2428.448903719687,2302.1069845890415,896.0,0.022051827082825434,0.4201641023835376
47.0,Tennessee,TN,2014.0,10.71120445045774,0.0,2421.4799142446295,2277.44362085565,874.0,0.022049874836947297,0.4119677870859559
47.0,Tennessee,TN,2014.25,10.72280486221246,0.0,2416.827604664981,2273.06804346098,837.0,0.022099470262832672,0.41962442780512976
47.0,Tennessee,TN,2014.5,10.733286300711452,0.0,2412.193137463594,2268.7092471307797,837.0,0.022219957671849755,0.41786332467738974
47.0,Tennessee,TN,2014.75,10.740891100609998,0.0,2407.5764101942013,2264.3671355125675,928.0,0.022440554213963623,0.42644350179586543
47.0,Tennessee,TN,2015.0,10.757400663467765,0.0,2587.4259445257176,2384.0338884158073,884.0,0.022718078512146068,0.4180872257440523
47.0,Tennessee,TN,2015.25,10.77199297290361,0.0,2581.9315078224454,2378.9713577079933,863.0,0.022587979389902438,0.4268998888727579
47.0,Tennessee,TN,2015.5,10.784986950604791,0.0,2576.460356704728,2373.930282155327,865.0,0.022726733981315465,0.4255912931332767
47.0,Tennessee,TN,2015.75,10.791106110019644,0.0,2571.012343458071,2368.9105256548373,981.0,0.0227980056830034,0.434420326948599
47.0,Tennessee,TN,2016.0,10.798063255387282,0.0,,,886.0,0.022825225064853016,0.42634199714116494
48.0,Texas,TX,1990.0,10.008594764024426,0.0,,,427.0,0.020044316753098698,0.3998315037063029
48.0,Texas,TX,1990.25,10.01321176609237,0.0,,,424.0,0.020266691867827494,0.40768571235645873
48.0,Texas,TX,1990.5,10.017762134806793,0.0,,,430.0,0.020357767693056052,0.40705394552160573
48.0,Texas,TX,1990.75,10.022247348436066,0.0,,,464.0,0.020379499029397074,0.4107611222229009
48.0,Texas,TX,1991.0,10.02666884059315,0.0,,,442.0,0.0215385614615009,0.4007547608667392
48.0,Texas,TX,1991.25,10.035880091361456,0.0,,,444.0,0.021807493302039134,0.40522594977856297
48.0,Texas,TX,1991.5,10.044913783482151,0.0,,,451.0,0.021884283072437272,0.40183059153332645
48.0,Texas,TX,1991.75,10.053775360151898,0.0,,,490.0,0.021718511589993376,0.40257447028299176
48.0,Texas,TX,1992.0,10.062470032054094,0.0,,,464.0,0.021717099655411583,0.3955414394814458
48.0,Texas,TX,1992.25,10.073130167695387,0.0,,,462.0,0.021626401688020797,0.40019707125633364
48.0,Texas,TX,1992.5,10.0835604722076,0.0,,,470.0,0.02125749728225693,0.3974213664018752
48.0,Texas,TX,1992.75,10.093768848512532,0.0,,,532.0,0.02170521484423176,0.40292491262619484
48.0,Texas,TX,1993.0,10.103762820459549,0.0,,,462.0,0.022002342082850356,0.3963933010645384
48.0,Texas,TX,1993.25,10.116223823937752,0.0,,,477.0,0.022082304376446583,0.40242936085542774
48.0,Texas,TX,1993.5,10.128397407101229,0.0,,,484.0,0.022094407307541856,0.4024265422603272
48.0,Texas,TX,1993.75,10.140294272566036,0.0,,,540.0,0.021911723483740132,0.40607870520980743
48.0,Texas,TX,1994.0,10.151924563418708,0.0,,,481.0,0.02163804451848954,0.3998346554398134
48.0,Texas,TX,1994.25,10.163153917270074,0.0,,,482.0,0.02187991290718829,0.40754837410815087
48.0,Texas,TX,1994.5,10.174142405260769,0.0,,,500.0,0.02212542007444911,0.40801814796419095
48.0,Texas,TX,1994.75,10.184898337526633,0.0,,,534.0,0.0225685165816182,0.413803026494079
48.0,Texas,TX,1995.0,10.19542962227175,0.0,,,509.0,0.022287438660911787,0.40809933453246294
48.0,Texas,TX,1995.25,10.211742117761997,0.0,,,501.0,0.02251063564306435,0.4138056810331136
48.0,Texas,TX,1995.5,10.22763412521023,0.0,,,506.0,0.022431079503632108,0.41263542890341204
48.0,Texas,TX,1995.75,10.243123627889684,0.0,,,554.0,0.02235101304593283,0.41733128602507297
48.0,Texas,TX,1996.0,10.258227516047842,0.0,,,534.0,0.02213714731621602,0.4106250378957449
48.0,Texas,TX,1996.25,10.28119431453807,0.0,,,524.0,0.022344830129798557,0.41630344098695243
48.0,Texas,TX,1996.5,10.303418215778546,0.0,,,528.0,0.022413132797990946,0.41591253617294427
48.0,Texas,TX,1996.75,10.324939924325982,0.0,,,582.0,0.022757721159197317,0.42199218895238905
48.0,Texas,TX,1997.0,10.345796960208729,0.0,,,556.0,0.02322201816718546,0.4176235028714753
48.0,Texas,TX,1997.25,10.354153723504943,0.0,,,547.0,0.02324886988894547,0.4253722564258661
48.0,Texas,TX,1997.5,10.362354921159609,0.0,,,562.0,0.023369180212426496,0.4258518738487683
48.0,Texas,TX,1997.75,10.37040512529772,0.0,,,621.0,0.023342327313645647,0.4324728276283705
48.0,Texas,TX,1998.0,10.37830872163677,0.0,,,592.0,0.023187562008462247,0.42721644166969985
48.0,Texas,TX,1998.25,10.386921672495331,0.0,,,584.0,0.023226522483490324,0.43389329768500123
48.0,Texas,TX,1998.5,10.395377390400716,0.0,,,592.0,0.0233492930045672,0.4341052516342713
48.0,Texas,TX,1998.75,10.403680436131872,0.0,,,659.0,0.02320089413223703,0.438908970024604
48.0,Texas,TX,1999.0,10.41183518617923,0.0,,,604.0,0.02307018798320088,0.4346615773804023
48.0,Texas,TX,1999.25,10.421766897912445,0.0,,,605.0,0.023030493447651772,0.43501932362524615
48.0,Texas,TX,1999.5,10.431509855851996,0.0,,,622.0,0.023013335584109562,0.4340182466920621
48.0,Texas,TX,1999.75,10.441069839843555,0.0,,,694.0,0.023084019243781728,0.4384508995459745
48.0,Texas,TX,2000.0,10.450452381184588,0.0,,,676.0,0.023025711906501083,0.43485765243974883
48.0,Texas,TX,2000.25,10.453211579707215,0.0,,,646.0,0.022991756253264956,0.4417418048006832
48.0,Texas,TX,2000.5,10.455938796880163,0.0,,,657.0,0.023009682373377645,0.44053576002838596
48.0,Texas,TX,2000.75,10.458634595502437,0.0,,,711.0,0.022905146339017305,0.44338487644158747
48.0,Texas,TX,2001.0,10.461299525023202,0.0,,,711.0,0.023130663386058157,0.4371105485203568
48.0,Texas,TX,2001.25,10.466519868234432,0.0,,,669.0,0.02304656911470419,0.4394795665184197
48.0,Texas,TX,2001.5,10.471668455450914,0.0,,,668.0,0.02303378797467479,0.4344402315430273
48.0,Texas,TX,2001.75,10.476746822907712,0.0,,,725.0,0.02289100977042675,0.4320449982922717
48.0,Texas,TX,2002.0,10.481756461595843,0.0,,,705.0,0.022892787452470167,0.423958101134953
48.0,Texas,TX,2002.25,10.490575042072567,0.0,,,675.0,0.022842255598861407,0.4270070201831557
48.0,Texas,TX,2002.5,10.499248729273988,0.0,,,678.0,0.022852728659030288,0.4231466573909344
48.0,Texas,TX,2002.75,10.507781383491771,0.0,,,731.0,0.02280967053368963,0.4237731450824064
48.0,Texas,TX,2003.0,10.516176719944244,0.0,,,709.0,0.02273176744096743,0.4155172713006697
48.0,Texas,TX,2003.25,10.539389182506069,0.0,,,687.0,0.022628229724075504,0.4172055040003549
48.0,Texas,TX,2003.5,10.561891683244088,0.0,,,694.0,0.0226931017193625,0.41334046926268814
48.0,Texas,TX,2003.75,10.583721749504296,0.0,,,754.0,0.02274610202548956,0.4155918083687355
48.0,Texas,TX,2004.0,10.604914056275993,0.0,2047.31284771834,2248.5337717122106,737.0,0.022768753966181065,0.4104796177087074
48.0,Texas,TX,2004.25,10.61638781829834,0.0,2038.5715050497004,2238.933282845817,706.0,0.022721916822943198,0.4147688791059939
48.0,Texas,TX,2004.5,10.627635510475535,0.0,2029.9044902582225,2229.414427200337,719.0,0.022806399324043627,0.41284966477646057
48.0,Texas,TX,2004.75,10.638664440043671,0.0,2021.3108593393788,2219.976167989398,799.0,0.022814820745417817,0.4165854352038628
48.0,Texas,TX,2005.0,10.649481579459332,0.0,2160.508133176733,2370.7348493991362,759.0,0.022837790453585662,0.41260198071046794
48.0,Texas,TX,2005.25,10.653188245817937,0.0,2146.8077462777833,2355.7013560404075,738.0,0.022746888128899325,0.41753718485102365
48.0,Texas,TX,2005.5,10.675054325309532,0.0,2133.280020463958,2340.8573244316044,767.0,0.022804212858191054,0.41633368700648143
48.0,Texas,TX,2005.75,10.701593980893756,0.0,2119.921712194822,2326.199195421883,823.0,0.02264461593969635,0.4204226311916941
48.0,Texas,TX,2006.0,10.721605569655132,0.0,2344.3210879647663,2523.3003333107868,826.0,0.02271748892745503,0.4167239736330876
48.0,Texas,TX,2006.25,10.737999767899831,0.0,2332.5283524864353,2510.607271120679,781.0,0.022806937606049526,0.4222572538388401
48.0,Texas,TX,2006.5,10.74676195999671,0.0,2320.8536661521466,2498.0412706398383,786.0,0.022896974190068677,0.42128471142182766
48.0,Texas,TX,2006.75,10.759195419962571,0.0,2309.295265223812,2485.6004334760496,871.0,0.022882545939941993,0.4259358671648966
48.0,Texas,TX,2007.0,10.770540973978385,0.0,2504.3756535073057,2689.4596643510527,872.0,0.023655605998040532,0.42116341444743954
48.0,Texas,TX,2007.25,10.802628056560426,0.0,2491.9052440150613,2676.0676385659585,828.0,0.023681856731718395,0.427114198549523
48.0,Texas,TX,2007.5,10.809686575563678,0.0,2479.5584107042846,2662.80832176766,826.0,0.023788443876409604,0.425598401296923
48.0,Texas,TX,2007.75,10.823390018567718,0.0,2467.3333257543736,2649.679751051839,911.0,0.02375363144138381,0.4306024480729289
48.0,Texas,TX,2008.0,10.827850461825047,0.0,2690.3008794383027,2701.8302122103632,903.0,0.023059611694234396,0.4261104274833736
48.0,Texas,TX,2008.25,10.853356542630214,0.0,2676.7371257449618,2688.2083308067854,849.0,0.023078541841030857,0.4294805744793946
48.0,Texas,TX,2008.5,10.850926756403068,0.0,2663.309455354016,2674.7231158930417,849.0,0.023124811650390546,0.42533883925056537
48.0,Texas,TX,2008.75,10.807034604425064,0.0,2650.015830529637,2661.372521000549,933.0,0.023031389507998646,0.4261089219995183
48.0,Texas,TX,2009.0,10.761741518337256,0.0,2446.2342815092848,2817.884867126975,886.0,0.02283531399242175,0.4126518274246736
48.0,Texas,TX,2009.25,10.739674698234314,0.0,2435.370428457244,2805.370494588974,839.0,0.022746264503057226,0.4089894744142775
48.0,Texas,TX,2009.5,10.744094086502468,0.0,2424.602642633025,2792.966784545384,845.0,0.022702521442692275,0.4015232817510623
48.0,Texas,TX,2009.75,10.762065417736276,0.0,2413.9296553863182,2780.672275602856,945.0,0.022633540495986603,0.40296706470538945
48.0,Texas,TX,2010.0,10.7899804056642,0.0,2320.9403624024585,2814.624285631099,893.0,0.02262383087515563,0.3971779911327873
48.0,Texas,TX,2010.25,10.788056310983182,0.0,2311.7353155627334,2803.461246371166,865.0,0.022558210319009935,0.40286346764669034
48.0,Texas,TX,2010.5,10.80031548465642,0.0,2302.6029962763923,2792.386404439051,877.0,0.02260542736895793,0.39946049866597433
48.0,Texas,TX,2010.75,10.816422244733062,0.0,2293.542546022387,2781.3987186989148,976.0,0.022605729104324762,0.404260987648065
48.0,Texas,TX,2011.0,10.837713034709733,0.0,2506.7384340150184,2769.424771651089,945.0,0.022613202973720783,0.39961324249845337
48.0,Texas,TX,2011.25,10.858207366402889,0.0,2496.3897094229574,2757.9915826707993,899.0,0.022562949745221914,0.40540188421497436
48.0,Texas,TX,2011.5,10.865474643569696,0.0,2486.126080096919,2746.6524062665635,932.0,0.022670385600816613,0.40344178523070207
48.0,Texas,TX,2011.75,10.882221880522527,0.0,2475.9465007552276,2735.406087619462,973.0,0.022710583957917592,0.40699397519247954
48.0,Texas,TX,2012.0,10.901982174716863,0.0,2690.286558333178,2797.660639495268,1012.0,0.022772317292477213,0.4037065924660326
48.0,Texas,TX,2012.25,10.902389796897362,0.0,2679.9592963849227,2786.921198309384,922.0,0.02272009081418597,0.40992396903741124
48.0,Texas,TX,2012.5,10.911192664423943,0.0,2669.7110182132783,2776.2638932819336,929.0,0.022807953079616437,0.40868604884406146
48.0,Texas,TX,2012.75,10.932250602384006,0.0,2659.540821158108,2765.6877857260197,1027.0,0.022835691311104144,0.4140380259917405
48.0,Texas,TX,2013.0,10.945358349730771,0.0,2846.4607187747006,2863.630098371864,1016.0,0.022837570742845918,0.40964067560578604
48.0,Texas,TX,2013.25,10.956310978989796,0.0,2833.8501590264486,2850.943473815894,944.0,0.02286722648694745,0.41473871538424717
48.0,Texas,TX,2013.5,10.970823410458992,0.0,2821.3508425468467,2838.3687635295455,952.0,0.022926572920473884,0.41351395665907803
48.0,Texas,TX,2013.75,10.97578990314454,0.0,2808.9613038115467,2825.90449314867,1026.0,0.022947003897518036,0.4178611669075222
48.0,Texas,TX,2014.0,10.974770878201705,0.0,3006.287161458645,2930.4897269230655,1062.0,0.022955342953438315,0.41373177531559546
48.0,Texas,TX,2014.25,10.992734840470446,0.0,2992.8227224641064,2917.364766454175,973.0,0.022901190361787473,0.41992402539281826
48.0,Texas,TX,2014.5,11.007131996848573,0.0,2979.478353688198,2904.3568488768337,988.0,0.023019476632289575,0.41883825577935985
48.0,Texas,TX,2014.75,10.995411680538464,0.0,2966.2524561566493,2891.464415531666,1070.0,0.023068748364286365,0.4253686937132484
48.0,Texas,TX,2015.0,10.982482397885406,0.0,2922.9689096528027,3067.6986306673593,1089.0,0.02304405099899419,0.419786919786537
48.0,Texas,TX,2015.25,10.980016543859916,0.0,2911.480008449816,3055.6408607841818,988.0,0.023143867302122305,0.42325353563989027
48.0,Texas,TX,2015.5,10.973533777724231,0.0,2900.0810692495975,3043.67750733896,999.0,0.023284860885077262,0.42147883272699443
48.0,Texas,TX,2015.75,10.956838052220402,0.0,2888.7710395233717,3031.8074656873464,1099.0,0.023265716651855027,0.4252058312730787
48.0,Texas,TX,2016.0,10.94150687871475,0.0,,,1065.0,0.023453198689741616,0.41941672149525
49.0,Utah,UT,1990.0,9.80091455948851,0.0,,,367.0,0.023390978516343648,0.40689655039626127
49.0,Utah,UT,1990.25,9.81178327980778,0.0,,,379.0,0.02301529702160294,0.39754292794474205
49.0,Utah,UT,1990.5,9.822387227918435,0.0,,,382.0,0.022922224788756947,0.3991313403415871
49.0,Utah,UT,1990.75,9.832736537567104,0.0,,,407.0,0.02303805227391369,0.4028331737279384
49.0,Utah,UT,1991.0,9.84284080695408,0.0,,,388.0,0.02326130195866905,0.3921829289762405
49.0,Utah,UT,1991.25,9.850420430966093,0.0,,,396.0,0.02344324712773819,0.397624219188991
49.0,Utah,UT,1991.5,9.857824872760192,0.0,,,399.0,0.023675965601746844,0.3981943525451354
49.0,Utah,UT,1991.75,9.86506033237097,0.0,,,424.0,0.023638383539933257,0.3997570978043469
49.0,Utah,UT,1992.0,9.872132712319504,0.0,,,408.0,0.02358178548659924,0.38983652176059186
49.0,Utah,UT,1992.25,9.88482966428732,0.0,,,408.0,0.023832736228169712,0.39742211099114866
49.0,Utah,UT,1992.5,9.8971619063774,0.0,,,417.0,0.02400565645294245,0.39859020602985523
49.0,Utah,UT,1992.75,9.909145828857294,0.0,,,456.0,0.024169375217322438,0.4022316660627996
49.0,Utah,UT,1993.0,9.920796808767191,0.0,,,404.0,0.02402965859743237,0.3944160463210149
49.0,Utah,UT,1993.25,9.937963938525318,0.0,,,421.0,0.02430516096722189,0.4049750742087312
49.0,Utah,UT,1993.5,9.954572213787444,0.0,,,424.0,0.02447672233955712,0.4081373120662028
49.0,Utah,UT,1993.75,9.97065066985516,0.0,,,460.0,0.02464811815096182,0.4132370113730421
49.0,Utah,UT,1994.0,9.986226243954656,0.0,,,420.0,0.024595933782414817,0.4061693104528255
49.0,Utah,UT,1994.25,10.00349402047973,0.0,,,427.0,0.024867788864944212,0.41745167984608983
49.0,Utah,UT,1994.5,10.02024111391755,0.0,,,442.0,0.02518024979979233,0.4208462873921208
49.0,Utah,UT,1994.75,10.036492971287204,0.0,,,464.0,0.02540804503124275,0.4258563615347972
49.0,Utah,UT,1995.0,10.05227329431783,0.0,,,445.0,0.025375624883016736,0.41995134158186365
49.0,Utah,UT,1995.25,10.073412311806932,0.0,,,442.0,0.025752767367070887,0.4292662180880513
49.0,Utah,UT,1995.5,10.093843649055987,0.0,,,445.0,0.025997065764071067,0.433405933911182
49.0,Utah,UT,1995.75,10.11360631725174,0.0,,,485.0,0.026338432035122452,0.43855365683451353
49.0,Utah,UT,1996.0,10.132736291380708,0.0,,,460.0,0.026303496752380105,0.43243893223776936
49.0,Utah,UT,1996.25,10.150619655077058,0.0,,,462.0,0.026828415014839534,0.4418454971371747
49.0,Utah,UT,1996.5,10.167973336683554,0.0,,,467.0,0.02708273635547405,0.44451194274106764
49.0,Utah,UT,1996.75,10.184823026755565,0.0,,,502.0,0.027421265672820615,0.44919465181213625
49.0,Utah,UT,1997.0,10.201192658158648,0.0,,,480.0,0.027147577300328712,0.4417665510574033
49.0,Utah,UT,1997.25,10.215788445982012,0.0,,,477.0,0.027465505074770285,0.4515510204592317
49.0,Utah,UT,1997.5,10.230020358169195,0.0,,,491.0,0.027784674026260083,0.45290028211359956
49.0,Utah,UT,1997.75,10.2439032235157,0.0,,,527.0,0.028094388456082763,0.45565681527306395
49.0,Utah,UT,1998.0,10.257451017497663,0.0,,,496.0,0.02779137195516076,0.44642498784218854
49.0,Utah,UT,1998.25,10.269736621077932,0.0,,,502.0,0.028184553176847486,0.4553984383900666
49.0,Utah,UT,1998.5,10.281769522574873,0.0,,,507.0,0.028435667529171916,0.4576436380968859
49.0,Utah,UT,1998.75,10.293558284291512,0.0,,,561.0,0.028673696271571757,0.4612375498581082
49.0,Utah,UT,1999.0,10.305111056640763,0.0,,,508.0,0.02825346428970148,0.4501103253850043
49.0,Utah,UT,1999.25,10.308736411639046,0.0,,,520.0,0.02861315504054908,0.4600597692198004
49.0,Utah,UT,1999.5,10.31231541762634,0.0,,,535.0,0.029397138119201867,0.4611783675480847
49.0,Utah,UT,1999.75,10.315848980282343,0.0,,,579.0,0.02907064438264883,0.463988090842239
49.0,Utah,UT,2000.0,10.319337981297428,0.0,,,556.0,0.028611692036808165,0.4544708209957784
49.0,Utah,UT,2000.25,10.322907102877194,0.0,,,548.0,0.028974336993625862,0.46382893354837373
49.0,Utah,UT,2000.5,10.32643278774499,0.0,,,553.0,0.029364317125261444,0.46272222966935256
49.0,Utah,UT,2000.75,10.32991584556988,0.0,,,591.0,0.029707837166503933,0.46694409607877996
49.0,Utah,UT,2001.0,10.33335706552544,0.0,,,571.0,0.029394648631725064,0.45572046716278813
49.0,Utah,UT,2001.25,10.338683686498698,0.0,,,567.0,0.029650085658612286,0.46076821026537457
49.0,Utah,UT,2001.5,10.34393495628056,0.0,,,565.0,0.03006164655540921,0.45709051114635973
49.0,Utah,UT,2001.75,10.349112533429247,0.0,,,611.0,0.030248343083290847,0.4543896411381959
49.0,Utah,UT,2002.0,10.354218026324371,0.0,,,584.0,0.02956235227319163,0.44373595318337156
49.0,Utah,UT,2002.25,10.359997350245012,0.0,,,577.0,0.02996127732339809,0.4472615913599559
49.0,Utah,UT,2002.5,10.365700266114684,0.0,,,575.0,0.03029273298851301,0.44452308867483237
49.0,Utah,UT,2002.75,10.371328370190062,0.0,,,616.0,0.030501340424993507,0.4466407647549706
49.0,Utah,UT,2003.0,10.37688321237939,0.0,,,585.0,0.029790643509253912,0.4343037431019188
49.0,Utah,UT,2003.25,10.39457513251216,0.0,,,588.0,0.030134599368423783,0.4390924508013841
49.0,Utah,UT,2003.5,10.411809476061364,0.0,,,588.0,0.030402898786299145,0.43797002915824973
49.0,Utah,UT,2003.75,10.428606231746055,0.0,,,631.0,0.030835315498568355,0.44292244078691934
49.0,Utah,UT,2004.0,10.444984138611838,0.0,2782.4115790437963,1636.4580817628396,599.0,0.030692294239625578,0.43466662225146224
49.0,Utah,UT,2004.25,10.464152315903164,0.0,2766.2457351694843,1626.9502411342703,603.0,0.03114362503375176,0.4439445486909699
49.0,Utah,UT,2004.5,10.482744698205156,0.0,2750.2666536881143,1617.552243646666,607.0,0.03179800213981482,0.44329082583036494
49.0,Utah,UT,2004.75,10.500789920317027,0.0,2734.4711167164905,1608.262196722019,664.0,0.032445681147226776,0.44772314590152146
49.0,Utah,UT,2005.0,10.5183145988984,0.0,3041.59914131762,1766.3235707580893,606.0,0.03199918298226933,0.4408087336265863
49.0,Utah,UT,2005.25,10.528988207396871,0.0,3020.7696715435536,1754.2274391776507,622.0,0.03244720701702775,0.44919704989144665
49.0,Utah,UT,2005.5,10.553354197723907,0.0,3000.223549965424,1742.2958541314404,647.0,0.03288472166423919,0.4512522610854896
49.0,Utah,UT,2005.75,10.583600494918642,0.0,2979.955033963708,1730.5254807538988,687.0,0.03341040278087827,0.4553043711664594
49.0,Utah,UT,2006.0,10.608254906789185,0.0,3386.7912462725308,1866.462456845299,661.0,0.032958134742845695,0.44965505936035816
49.0,Utah,UT,2006.25,10.626985720541322,0.0,3362.744461099753,1853.2102607490053,655.0,0.033585515300512556,0.4595144462659243
49.0,Utah,UT,2006.5,10.645198889933637,0.0,3339.036740914415,1840.1449235475977,660.0,0.033400263465419334,0.46047449410234736
49.0,Utah,UT,2006.75,10.666070874195334,0.0,3315.660964584356,1827.2625207813549,725.0,0.0341871031796987,0.46454150512812686
49.0,Utah,UT,2007.0,10.674195943611204,0.0,3681.339130153602,2018.4017221083202,696.0,0.03259518059117404,0.459229911880017
49.0,Utah,UT,2007.25,10.70359711847599,0.0,3658.3549368048843,2005.7999666611422,698.0,0.032875977631405165,0.46777395157691876
49.0,Utah,UT,2007.5,10.70533328512746,0.0,3635.6559632373555,1993.354591291207,697.0,0.033002361819313694,0.4656732135474336
49.0,Utah,UT,2007.75,10.704885889100511,0.0,3613.23693308471,1981.062703076548,759.0,0.033211820758861504,0.4670607977538388
49.0,Utah,UT,2008.0,10.680164282916117,0.0,3649.850602453071,2019.449281250786,718.0,0.03241722114179004,0.45577961536781364
49.0,Utah,UT,2008.25,10.690334724841144,0.0,3629.2744892232517,2008.06459141034,716.0,0.03231138777212582,0.45900760743111385
49.0,Utah,UT,2008.5,10.68071006491046,0.0,3608.9290720233175,1996.8075448579307,717.0,0.03233595410706495,0.45456679878831757
49.0,Utah,UT,2008.75,10.646228392827965,0.0,3588.8104926923415,1985.6760068869187,771.0,0.03250720095055132,0.4493266374308628
49.0,Utah,UT,2009.0,10.644062919411148,0.0,3298.562359620492,1997.4858826453933,727.0,0.031233143902466787,0.42760643078441907
49.0,Utah,UT,2009.25,10.62538100866298,0.0,3282.9202704395348,1988.0136190021385,723.0,0.031088687872347483,0.42472463869539895
49.0,Utah,UT,2009.5,10.62038377227374,0.0,3267.4258335580816,1978.6307680640698,724.0,0.030816838818007085,0.417787300755366
49.0,Utah,UT,2009.75,10.621553887914468,0.0,3252.076968168133,1969.3360697717585,796.0,0.03092512090476595,0.4182652830258008
49.0,Utah,UT,2010.0,10.640059877117787,0.0,3242.4785412596575,1941.383462699517,728.0,0.02960733261606024,0.4066448410024624
49.0,Utah,UT,2010.25,10.63576171558391,0.0,3230.605858750889,1934.274879192454,733.0,0.029680934531024758,0.41467088825190557
49.0,Utah,UT,2010.5,10.652067299600857,0.0,3218.8198052383545,1927.2181634459753,741.0,0.029738976473007897,0.4122173437420824
49.0,Utah,UT,2010.75,10.67053921201131,0.0,3207.1194360361437,1920.2127498441243,827.0,0.03010487274336854,0.4158534320268893
49.0,Utah,UT,2011.0,10.674207499854498,0.0,3377.223091028662,2063.185072816396,753.0,0.029242675393555115,0.40827286014394254
49.0,Utah,UT,2011.25,10.68660929715915,0.0,3365.3748878509614,2055.9468669658963,756.0,0.029360180337245936,0.41651437751703196
49.0,Utah,UT,2011.5,10.691376303590769,0.0,3353.6095273793326,2048.7592706931323,780.0,0.029542097488921712,0.4167676027541124
49.0,Utah,UT,2011.75,10.69816130738094,0.0,3341.9261437856826,2041.6217550535998,808.0,0.02989457520422156,0.42073380670978766
49.0,Utah,UT,2012.0,10.706055233552128,0.0,3392.746365093694,2065.910493167896,799.0,0.02923227333178793,0.4147377729345821
49.0,Utah,UT,2012.25,10.704999534583417,0.0,3378.8793016640175,2057.466563452566,766.0,0.029483150361956995,0.42450196275637914
49.0,Utah,UT,2012.5,10.699151031328292,0.0,3365.125133608118,2049.0913779674897,767.0,0.02973511078077502,0.42378593526551006
49.0,Utah,UT,2012.75,10.707541950237024,0.0,3351.4824878493355,2040.7841006190802,844.0,0.030041411231682122,0.42965107720194967
49.0,Utah,UT,2013.0,10.720228186428953,0.0,3619.639620582892,2054.716307060103,804.0,0.029457432709205304,0.4218831695814039
49.0,Utah,UT,2013.25,10.724359513388048,0.0,3607.4684383670997,2047.807241739683,783.0,0.02981229331771078,0.43094678818494414
49.0,Utah,UT,2013.5,10.734583764712186,0.0,3595.3788340112637,2040.9444847197337,791.0,0.030110023117464815,0.43058791979717453
49.0,Utah,UT,2013.75,10.738544770535675,0.0,3583.369990086263,2034.12757198032,836.0,0.03061892600304003,0.43667337387901317
49.0,Utah,UT,2014.0,10.755938855364994,0.0,3660.2121940176135,2101.0991095356776,831.0,0.030005751510281335,0.4296041655619144
49.0,Utah,UT,2014.25,10.766211383394884,0.0,3645.0969605979617,2092.4223985159283,796.0,0.030264367212981567,0.4365384973434641
49.0,Utah,UT,2014.5,10.775542444218798,0.0,3630.106053669401,2083.8170555660813,803.0,0.03052119286610564,0.4365670409010213
49.0,Utah,UT,2014.75,10.782950797378756,0.0,3615.237945590853,2075.282203762851,872.0,0.031020002800130137,0.44288400421743024
49.0,Utah,UT,2015.0,10.796643993585167,0.0,3832.8584058486636,2105.7646009271616,844.0,0.030507598393918076,0.43763793071163554
49.0,Utah,UT,2015.25,10.808355753895784,0.0,3813.5444622370264,2095.153559647988,821.0,0.030744450293364124,0.44484485839898535
49.0,Utah,UT,2015.5,10.811279798720465,0.0,3794.424190343055,2084.648921216005,829.0,0.03100805730166378,0.44558732489562936
49.0,Utah,UT,2015.75,10.819965762465834,0.0,3775.4946916174467,2074.2490931741295,913.0,0.031407700232282135,0.45135981542371284
49.0,Utah,UT,2016.0,10.830192802043207,0.0,,,849.0,0.030796891863148376,0.4451717680737446
50.0,Vermont,VT,1990.0,9.936406559649598,0.0,,,387.0,0.038302189455345095,0.4473085952853941
50.0,Vermont,VT,1990.25,9.935985114218148,0.0,,,396.0,0.038373840035351305,0.43984798939460895
50.0,Vermont,VT,1990.5,9.935564907958586,0.0,,,390.0,0.038462895842965084,0.44126777977373177
50.0,Vermont,VT,1990.75,9.935145935376717,0.0,,,411.0,0.03844771639061823,0.4435888763225486
50.0,Vermont,VT,1991.0,9.93472819101098,0.0,,,396.0,0.03844489857651871,0.42452594590982157
50.0,Vermont,VT,1991.25,9.949914443188607,0.0,,,409.0,0.038460981431767044,0.424440661368312
50.0,Vermont,VT,1991.5,9.964819595625553,0.0,,,409.0,0.038222922363467346,0.4243697049506275
50.0,Vermont,VT,1991.75,9.979452992420526,0.0,,,429.0,0.038116910574722794,0.4307841745672412
50.0,Vermont,VT,1992.0,9.993823523521508,0.0,,,412.0,0.03804969349682497,0.42233012251397206
50.0,Vermont,VT,1992.25,10.001347889861176,0.0,,,425.0,0.03828743977027885,0.42496613314483167
50.0,Vermont,VT,1992.5,10.008783746208504,0.0,,,425.0,0.03863888625718058,0.4276237238508392
50.0,Vermont,VT,1992.75,10.01613284716086,0.0,,,459.0,0.038489242170950067,0.43750542968797995
50.0,Vermont,VT,1993.0,10.023396897236092,0.0,,,408.0,0.038200045694662725,0.4290267267620716
50.0,Vermont,VT,1993.25,10.033390354139405,0.0,,,431.0,0.03833272912458784,0.4328309769192259
50.0,Vermont,VT,1993.5,10.04323332495668,0.0,,,442.0,0.038289094891114206,0.43432129460001745
50.0,Vermont,VT,1993.75,10.052929649672407,0.0,,,464.0,0.03789879686904316,0.44307767516036595
50.0,Vermont,VT,1994.0,10.062483027105088,0.0,,,422.0,0.0374985441117026,0.4358524197434439
50.0,Vermont,VT,1994.25,10.063955681792017,0.0,,,435.0,0.037578134680048364,0.4404720908406003
50.0,Vermont,VT,1994.5,10.065419698630542,0.0,,,446.0,0.03758234300048259,0.44079006080407807
50.0,Vermont,VT,1994.75,10.066875154951555,0.0,,,463.0,0.03759333889729723,0.45187667510903184
50.0,Vermont,VT,1995.0,10.068322127147963,0.0,,,446.0,0.03740904105588776,0.4468994445972453
50.0,Vermont,VT,1995.25,10.080287633941756,0.0,,,443.0,0.03758873930564022,0.4493535199412718
50.0,Vermont,VT,1995.5,10.092064956113216,0.0,,,451.0,0.03764935068229302,0.44652968665844256
50.0,Vermont,VT,1995.75,10.10365929639055,0.0,,,472.0,0.03763208802985522,0.45848151593846403
50.0,Vermont,VT,1996.0,10.115075647850803,0.0,,,463.0,0.03738076910768215,0.4504119076774336
50.0,Vermont,VT,1996.25,10.128302300388066,0.0,,,463.0,0.03759762052724125,0.453500239522603
50.0,Vermont,VT,1996.5,10.141317760833266,0.0,,,465.0,0.03771306698910105,0.45154303883207103
50.0,Vermont,VT,1996.75,10.15412812392643,0.0,,,494.0,0.03782481728569165,0.4594442846774304
50.0,Vermont,VT,1997.0,10.166739226463026,0.0,,,481.0,0.0377436838518583,0.4506169222036739
50.0,Vermont,VT,1997.25,10.17503116345802,0.0,,,477.0,0.03804972382388437,0.4567900976520397
50.0,Vermont,VT,1997.5,10.183233183505164,0.0,,,479.0,0.038196308619761116,0.45656331191648125
50.0,Vermont,VT,1997.75,10.19134701275856,0.0,,,527.0,0.03825078059626756,0.46651131873274
50.0,Vermont,VT,1998.0,10.199374328834702,0.0,,,492.0,0.03794535788519959,0.46039079571497094
50.0,Vermont,VT,1998.25,10.21411024297241,0.0,,,501.0,0.038172333288028625,0.4658343623875054
50.0,Vermont,VT,1998.5,10.228581110798386,0.0,,,504.0,0.03787904562197795,0.46321505536059693
50.0,Vermont,VT,1998.75,10.242795494690334,0.0,,,552.0,0.037772342941396954,0.47144854035987266
50.0,Vermont,VT,1999.0,10.256761552429992,0.0,,,499.0,0.03796700089137614,0.4670733811490208
50.0,Vermont,VT,1999.25,10.263123861261358,0.0,,,520.0,0.038138902745302884,0.4724416899406285
50.0,Vermont,VT,1999.5,10.269420334239244,0.0,,,533.0,0.03826398891213958,0.4704638031811443
50.0,Vermont,VT,1999.75,10.275652110889329,0.0,,,573.0,0.03840336103375457,0.4845934127979151
50.0,Vermont,VT,2000.0,10.281820302413328,0.0,,,544.0,0.03865043355019045,0.479168375386991
50.0,Vermont,VT,2000.25,10.29367507312895,0.0,,,554.0,0.03890905530632586,0.48318890937620296
50.0,Vermont,VT,2000.5,10.305366120018746,0.0,,,539.0,0.039003438254240935,0.4815056405320605
50.0,Vermont,VT,2000.75,10.316897594291223,0.0,,,587.0,0.03934452498827815,0.4926159522574416
50.0,Vermont,VT,2001.0,10.3282734921402,0.0,,,574.0,0.039018462226998986,0.48748468014650437
50.0,Vermont,VT,2001.25,10.338627202174193,0.0,,,578.0,0.039182565552701325,0.4870383110715624
50.0,Vermont,VT,2001.5,10.348848077604146,0.0,,,566.0,0.03960037958237793,0.4818035321796527
50.0,Vermont,VT,2001.75,10.35893918224453,0.0,,,608.0,0.039712855021396765,0.4869799218970214
50.0,Vermont,VT,2002.0,10.36890347615865,0.0,,,587.0,0.03819693813551886,0.47886776224783706
50.0,Vermont,VT,2002.25,10.381425141704431,0.0,,,590.0,0.038532836833613075,0.4805414963601203
50.0,Vermont,VT,2002.5,10.393767874848546,0.0,,,582.0,0.038853482526554774,0.4758074542555204
50.0,Vermont,VT,2002.75,10.40593640416497,0.0,,,629.0,0.03871987868851397,0.48215753428356345
50.0,Vermont,VT,2003.0,10.41793527406501,0.0,,,599.0,0.038455437980895284,0.4732257789546034
50.0,Vermont,VT,2003.25,10.432964161095686,0.0,,,608.0,0.03876944920828593,0.474626311336649
50.0,Vermont,VT,2003.5,10.447746036555646,0.0,,,599.0,0.03889873628388936,0.47351517531145865
50.0,Vermont,VT,2003.75,10.4622885166089,0.0,,,661.0,0.0388276158794455,0.482144812746221
50.0,Vermont,VT,2004.0,10.476598871371523,0.0,4000.3677893921795,1161.5918182991354,615.0,0.038803393986320815,0.475411881102938
50.0,Vermont,VT,2004.25,10.490567480277525,0.0,3998.2797085823113,1160.9854996523545,634.0,0.0391652475337317,0.48057128078006967
50.0,Vermont,VT,2004.5,10.504329376540506,0.0,3996.1938064755236,1160.3798136383232,633.0,0.03952350066672844,0.48026846394630723
50.0,Vermont,VT,2004.75,10.51789038984036,0.0,3994.1100796637093,1159.774759267424,677.0,0.039583421412364886,0.4879877648997845
50.0,Vermont,VT,2005.0,10.531256106963074,0.0,4767.257712708161,885.3681897571695,639.0,0.03923923279379925,0.4795328509453249
50.0,Vermont,VT,2005.25,10.53465459822306,0.0,4764.042521788335,884.7710691616493,645.0,0.03932215768355749,0.48342628053929354
50.0,Vermont,VT,2005.5,10.543052972069178,0.0,4760.831664800536,884.1747534577011,663.0,0.0396927273940264,0.4824826160450829
50.0,Vermont,VT,2005.75,10.556692844866282,0.0,4757.62513298775,883.5792410189844,684.0,0.0397752351408154,0.49020084279459086
50.0,Vermont,VT,2006.0,10.568192274818006,0.0,5090.620845989353,940.6510277865184,688.0,0.03934710993237993,0.48300400925575115
50.0,Vermont,VT,2006.25,10.574664163609327,0.0,5089.417721275185,940.4287129582927,665.0,0.039507944322929894,0.4864316333200517
50.0,Vermont,VT,2006.5,10.575698576412677,0.0,5088.215165123122,940.2065031896551,672.0,0.039769796040190215,0.48321436145787283
50.0,Vermont,VT,2006.75,10.569587078414829,0.0,5087.013177130229,939.9843984061508,708.0,0.039611203468446876,0.493736033598908
50.0,Vermont,VT,2007.0,10.579273463984045,0.0,5470.094517715856,1019.7455896811612,704.0,0.039823186271915265,0.48364852604436487
50.0,Vermont,VT,2007.25,10.591089831388818,0.0,5468.6253554686655,1019.4717056162247,697.0,0.03989587083108514,0.48572286044676344
50.0,Vermont,VT,2007.5,10.602483109579582,0.0,5467.156982187055,1019.197968631776,699.0,0.03980180053092579,0.48413047009588295
50.0,Vermont,VT,2007.75,10.5973420336606,0.0,5465.689397235664,1018.9243786093703,742.0,0.03973342243825358,0.49250607855282497
50.0,Vermont,VT,2008.0,10.61579468118324,0.0,5505.730183881785,1032.2181651555472,734.0,0.03975960945348161,0.4840377835918979
50.0,Vermont,VT,2008.25,10.612300621611949,0.0,5504.2618539445075,1031.9428816267364,718.0,0.04009978896955475,0.4851420417762864
50.0,Vermont,VT,2008.5,10.619026452006011,0.0,5502.794306979843,1031.6677448901812,721.0,0.04028125620512295,0.48188744627564517
50.0,Vermont,VT,2008.75,10.617192776013397,0.0,5501.327542361689,1031.3927548285,775.0,0.03977744354643117,0.4876001326608506
50.0,Vermont,VT,2009.0,10.607788383303108,0.0,5448.296061086686,1149.4677641613464,719.0,0.03992048871909695,0.4700885752681718
50.0,Vermont,VT,2009.25,10.604707456947311,0.0,5445.7575947845835,1148.932204942104,725.0,0.039396376547581956,0.46668343709536175
50.0,Vermont,VT,2009.5,10.625942813665333,0.0,5443.221492821788,1148.3971445452069,733.0,0.03932046635790403,0.4622655865037735
50.0,Vermont,VT,2009.75,10.629661002096125,0.0,5440.687751896604,1147.8625822740707,805.0,0.03895215008372747,0.47160251823018534
50.0,Vermont,VT,2010.0,10.634054683430586,0.0,5472.369812550521,1169.4361818710443,714.0,0.038667246023048586,0.4622837930377125
50.0,Vermont,VT,2010.25,10.654769332451885,0.0,5470.7355362529925,1169.086939787821,752.0,0.03887928019432454,0.46639166103719604
50.0,Vermont,VT,2010.5,10.668386866222786,0.0,5469.102235789232,1168.7379062386246,753.0,0.03872079137104139,0.46646529023962946
50.0,Vermont,VT,2010.75,10.6738670084717,0.0,5467.4699102854875,1168.3890810367366,813.0,0.03848897841010114,0.476644061141853
50.0,Vermont,VT,2011.0,10.671053795624058,0.0,5732.16377068275,1201.5237821709507,740.0,0.03856525138416862,0.4665810370228541
50.0,Vermont,VT,2011.25,10.690385141962714,0.0,5732.817794699984,1201.6608727081816,772.0,0.0385345447320989,0.46896036677073716
50.0,Vermont,VT,2011.5,10.6975574597858,0.0,5733.471967978908,1201.7979945322834,777.0,0.038835788166687146,0.4702518032877584
50.0,Vermont,VT,2011.75,10.72323912791562,0.0,5734.126290570624,1201.9351476539687,809.0,0.03897589125887548,0.4805872054774915
50.0,Vermont,VT,2012.0,10.708476774656951,0.0,5691.93255901565,1225.6594364380535,773.0,0.039047384921876496,0.4734538655224303
50.0,Vermont,VT,2012.25,10.72630485738719,0.0,5690.352016699169,1225.319093929635,787.0,0.0388641883890983,0.47579386484269526
50.0,Vermont,VT,2012.5,10.718570006224212,0.0,5688.772351912597,1224.9789403821364,762.0,0.03893955251502891,0.47794483656460196
50.0,Vermont,VT,2012.75,10.703209091168004,0.0,5687.193563925317,1224.6389756382325,829.0,0.0388282618196202,0.48451112181521805
50.0,Vermont,VT,2013.0,10.725682406746657,0.0,5954.729406512102,1230.3903434639792,792.0,0.038771247249417995,0.4766894154415282
50.0,Vermont,VT,2013.25,10.728229156020705,0.0,5955.099736725025,1230.4668625947015,807.0,0.039024016864906926,0.479730803597294
50.0,Vermont,VT,2013.5,10.72773198655205,0.0,5955.47011300318,1230.543391243609,787.0,0.039087044024354846,0.47855767584917175
50.0,Vermont,VT,2013.75,10.742202403799832,0.0,5955.8405353551625,1230.6199294124776,847.0,0.038966672673889154,0.4887667597520346
50.0,Vermont,VT,2014.0,10.73051057279078,0.0,6106.329667104743,1330.164725096653,808.0,0.038664463526979956,0.4803025276562081
50.0,Vermont,VT,2014.25,10.74382764591368,0.0,6108.512030123173,1330.640117429319,813.0,0.03883623715616823,0.4840720530984747
50.0,Vermont,VT,2014.5,10.765642961515333,0.0,6110.695953624372,1331.1158496878072,805.0,0.03909591787223719,0.4857544764653055
50.0,Vermont,VT,2014.75,10.785356420385668,0.0,6112.881439282658,1331.5919222368402,883.0,0.03914981670477334,0.49337124840867386
50.0,Vermont,VT,2015.0,10.775982908811397,0.0,6231.446697588837,1474.832611390092,824.0,0.039082365418279856,0.4864779392034347
50.0,Vermont,VT,2015.25,10.783961473431791,0.0,6235.166357819741,1475.7129649384824,830.0,0.039287886088623485,0.49043240434202284
50.0,Vermont,VT,2015.5,10.799128080264314,0.0,6238.89046136428,1476.594370111667,829.0,0.039551220853902114,0.49006168900914326
50.0,Vermont,VT,2015.75,10.800313057735904,0.0,6242.619016188843,1477.4768287950974,919.0,0.039538055978910906,0.49654795382693234
50.0,Vermont,VT,2016.0,10.808517444465943,0.0,,,833.0,0.03962894296134769,0.48852961550489865
51.0,Virginia,VA,1990.0,10.057020184803886,0.0,,,431.0,0.0236213189758728,0.4495056794797308
51.0,Virginia,VA,1990.25,10.064136578203016,0.0,,,429.0,0.023416602579951026,0.4576152057654145
51.0,Virginia,VA,1990.5,10.071155249299563,0.0,,,429.0,0.023487268556149212,0.4531557409013822
51.0,Virginia,VA,1990.75,10.078078366626716,0.0,,,463.0,0.02365745793232509,0.45092330504372885
51.0,Virginia,VA,1991.0,10.084908030907052,0.0,,,448.0,0.02409566279021973,0.4330078882645474
51.0,Virginia,VA,1991.25,10.09341306109317,0.0,,,452.0,0.02419721211323599,0.437638032788163
51.0,Virginia,VA,1991.5,10.1017716733675,0.0,,,451.0,0.023960475399991382,0.43353997837603864
51.0,Virginia,VA,1991.75,10.10998790104938,0.0,,,481.0,0.024058122454552976,0.4360130949287334
51.0,Virginia,VA,1992.0,10.118065621969842,0.0,,,466.0,0.024067915676627263,0.42434758215761526
51.0,Virginia,VA,1992.25,10.127941532432772,0.0,,,465.0,0.02398923508587557,0.4340186207831087
51.0,Virginia,VA,1992.5,10.137649081955818,0.0,,,468.0,0.02396050058120834,0.4322325310004219
51.0,Virginia,VA,1992.75,10.147192985343054,0.0,,,520.0,0.024241885069137777,0.43744364530966123
51.0,Virginia,VA,1993.0,10.156577769932603,0.0,,,465.0,0.02442381517843564,0.42804014974737425
51.0,Virginia,VA,1993.25,10.167247021169064,0.0,,,478.0,0.02483543678785442,0.43928226249193736
51.0,Virginia,VA,1993.5,10.17773671037058,0.0,,,485.0,0.02491870229872785,0.4381056146732547
51.0,Virginia,VA,1993.75,10.188051895569966,0.0,,,534.0,0.025082080761619087,0.4433837914829447
51.0,Virginia,VA,1994.0,10.198197430736782,0.0,,,491.0,0.025123541305590556,0.43325033290920556
51.0,Virginia,VA,1994.25,10.20813828440437,0.0,,,497.0,0.02529547136098867,0.446232649568061
51.0,Virginia,VA,1994.5,10.217924017750688,0.0,,,510.0,0.025378487906059125,0.44569970427852224
51.0,Virginia,VA,1994.75,10.227558691284468,0.0,,,533.0,0.025654516343372943,0.4505485101957568
51.0,Virginia,VA,1995.0,10.237046213049853,0.0,,,513.0,0.025713220500478737,0.44136623686124765
51.0,Virginia,VA,1995.25,10.249391269410763,0.0,,,506.0,0.025564882333843228,0.45173164620574086
51.0,Virginia,VA,1995.5,10.261513362202528,0.0,,,508.0,0.025384349395007756,0.44898737806046685
51.0,Virginia,VA,1995.75,10.27341934484614,0.0,,,544.0,0.025765000597065484,0.45293945954090525
51.0,Virginia,VA,1996.0,10.285115767237183,0.0,,,535.0,0.025688487611400225,0.4422000634781065
51.0,Virginia,VA,1996.25,10.308293884188265,0.0,,,527.0,0.025794263941125113,0.4548482036021562
51.0,Virginia,VA,1996.5,10.33081777198982,0.0,,,527.0,0.025828443998103984,0.45440148908445493
51.0,Virginia,VA,1996.75,10.35272022543058,0.0,,,567.0,0.026390798618995445,0.46103963959062305
51.0,Virginia,VA,1997.0,10.374031656736642,0.0,,,560.0,0.026318228695877677,0.45194239681867265
51.0,Virginia,VA,1997.25,10.388885065950042,0.0,,,550.0,0.026473332735271384,0.4626721166978787
51.0,Virginia,VA,1997.5,10.403445162499697,0.0,,,556.0,0.026451080002980312,0.46198349159995256
51.0,Virginia,VA,1997.75,10.417722048401918,0.0,,,612.0,0.026860006253828055,0.4672975485403249
51.0,Virginia,VA,1998.0,10.431725320889106,0.0,,,583.0,0.02665123683544711,0.4574424735955419
51.0,Virginia,VA,1998.25,10.446114297755257,0.0,,,585.0,0.02681449412134342,0.46862709482068704
51.0,Virginia,VA,1998.5,10.460198593109553,0.0,,,587.0,0.02704866639253952,0.4683867521582717
51.0,Virginia,VA,1998.75,10.473989136626896,0.0,,,662.0,0.026537411689145793,0.4709441997736795
51.0,Virginia,VA,1999.0,10.487496294909612,0.0,,,634.0,0.026735049728763886,0.46230812738845256
51.0,Virginia,VA,1999.25,10.490898387382298,0.0,,,611.0,0.026655054576834075,0.47328341126177975
51.0,Virginia,VA,1999.5,10.49426359486947,0.0,,,621.0,0.026759552022966697,0.47316547983052026
51.0,Virginia,VA,1999.75,10.497592532738231,0.0,,,683.0,0.026863976057314127,0.4786031785269186
51.0,Virginia,VA,2000.0,10.500885802358065,0.0,,,674.0,0.02685898046628558,0.47112203987240314
51.0,Virginia,VA,2000.25,10.514379897138571,0.0,,,656.0,0.026910262036014893,0.482694099118502
51.0,Virginia,VA,2000.5,10.527608748859414,0.0,,,664.0,0.026910876884300734,0.4805537831519959
51.0,Virginia,VA,2000.75,10.540581226205497,0.0,,,711.0,0.027143118110255972,0.4852275205417753
51.0,Virginia,VA,2001.0,10.553305771034388,0.0,,,712.0,0.026920568873863248,0.47343752185103594
51.0,Virginia,VA,2001.25,10.56093613714648,0.0,,,698.0,0.027054536016757034,0.47952582902473245
51.0,Virginia,VA,2001.5,10.56846262334621,0.0,,,677.0,0.027115611172342045,0.4747988785362014
51.0,Virginia,VA,2001.75,10.575887545526244,0.0,,,738.0,0.02712207974532899,0.4729022902305716
51.0,Virginia,VA,2002.0,10.583213146292204,0.0,,,717.0,0.02697412182152756,0.46086334517792016
51.0,Virginia,VA,2002.25,10.595004087967824,0.0,,,700.0,0.02712327076096166,0.4687321301872837
51.0,Virginia,VA,2002.5,10.60659428663759,0.0,,,699.0,0.02711765167515704,0.4652129417638823
51.0,Virginia,VA,2002.75,10.617989584591816,0.0,,,747.0,0.026985343988274863,0.4664830349351724
51.0,Virginia,VA,2003.0,10.629195578615056,0.0,,,738.0,0.026888233803363307,0.4543998621596529
51.0,Virginia,VA,2003.25,10.643906088777722,0.0,,,719.0,0.026923261320995793,0.4624031429991539
51.0,Virginia,VA,2003.5,10.658298021412346,0.0,,,724.0,0.027026349646610638,0.4606377214196948
51.0,Virginia,VA,2003.75,10.67238305796533,0.0,,,787.0,0.02716399593444279,0.46428555046074277
51.0,Virginia,VA,2004.0,10.686172265023451,0.0,2896.114211950251,2012.5195720730512,773.0,0.027057049123311586,0.45640391095891175
51.0,Virginia,VA,2004.25,10.699537377397563,0.0,2886.314047239969,2005.709404432701,746.0,0.027208926327072242,0.46743010253468753
51.0,Virginia,VA,2004.5,10.71263783857838,0.0,2876.579984428022,1998.9451712253233,757.0,0.027309555507723543,0.46675475729238913
51.0,Virginia,VA,2004.75,10.725482523918751,0.0,2866.9113569784904,1992.2264092728515,841.0,0.027284106374406633,0.470364079188556
51.0,Virginia,VA,2005.0,10.738079881067206,0.0,3153.942039868789,2192.8916122978367,794.0,0.027831869823633167,0.46232230735441393
51.0,Virginia,VA,2005.25,10.756695128920873,0.0,3143.9195607044094,2185.9231232716684,787.0,0.02786656422750965,0.4723420853911062
51.0,Virginia,VA,2005.5,10.773938749561728,0.0,3133.9605778833024,2178.9987823613533,816.0,0.027953626130512242,0.47187984741376915
51.0,Virginia,VA,2005.75,10.778306914061856,0.0,3124.0644898994324,2172.1181713481938,855.0,0.028146026508679572,0.4735550277117973
51.0,Virginia,VA,2006.0,10.799616731789852,0.0,3393.729381753972,2371.576906912875,863.0,0.027579435020149926,0.466550165228317
51.0,Virginia,VA,2006.25,10.80579258023605,0.0,3385.2070579996375,2365.621409601369,823.0,0.027999320814989515,0.47523296614555194
51.0,Virginia,VA,2006.5,10.806019970393027,0.0,3376.7274295003635,2359.6957482224157,816.0,0.028161539346730654,0.4721063098369663
51.0,Virginia,VA,2006.75,10.805320177690518,0.0,3368.2901762149077,2353.7996991275345,887.0,0.028519411609215006,0.4744697668440483
51.0,Virginia,VA,2007.0,10.819922771455722,0.0,3658.5179976777185,2461.3359566507547,900.0,0.02918487937040382,0.4673845095256526
51.0,Virginia,VA,2007.25,10.824099560624443,0.0,3648.8091806808975,2454.80416963044,859.0,0.02923610303329137,0.4755909018072242
51.0,Virginia,VA,2007.5,10.835769858356125,0.0,3639.151756976934,2448.306958402761,857.0,0.029378813405322828,0.47182143929026216
51.0,Virginia,VA,2007.75,10.834530056382272,0.0,3629.5453195700634,2441.8440491537553,923.0,0.02870992894802321,0.47312571697919364
51.0,Virginia,VA,2008.0,10.823494357767474,0.0,3659.5425592864285,2530.4683885713353,919.0,0.02931322107013267,0.4639360680510124
51.0,Virginia,VA,2008.25,10.83310879444877,0.0,3648.7779949517007,2523.0250020484355,885.0,0.029243288092743607,0.47031053219278574
51.0,Virginia,VA,2008.5,10.841230496869509,0.0,3638.0765729325412,2515.625276620041,878.0,0.02928912480544192,0.4657609191904303
51.0,Virginia,VA,2008.75,10.835749772393482,0.0,3627.437739287401,2508.268829251508,953.0,0.02928369902579479,0.46353873736803525
51.0,Virginia,VA,2009.0,10.83724088319794,0.0,3403.7800199522153,2544.2537582622726,920.0,0.02885236155674717,0.4463539137391579
51.0,Virginia,VA,2009.25,10.84028179307895,0.0,3393.0950675244653,2536.266981733883,899.0,0.028840774674954873,0.4488211978457103
51.0,Virginia,VA,2009.5,10.841841054864682,0.0,3382.4769883604954,2528.3301915594,896.0,0.0288038084945125,0.4422903040907004
51.0,Virginia,VA,2009.75,10.850356072797677,0.0,3371.9251566153143,2520.442919932897,995.0,0.028763073357285895,0.4435231215223851
51.0,Virginia,VA,2010.0,10.84830998916479,0.0,3404.4584864286594,2553.8654033698685,931.0,0.028438880591315004,0.4315456799820611
51.0,Virginia,VA,2010.25,10.863301974256396,0.0,3395.5460893119703,2547.179740217229,929.0,0.028532820684794406,0.4430484924814468
51.0,Virginia,VA,2010.5,10.86913264202466,0.0,3386.6802331807617,2540.528989933445,930.0,0.028582764494966724,0.4392070108915525
51.0,Virginia,VA,2010.75,10.872866302437766,0.0,3377.8605544253815,2533.912879755573,1029.0,0.028768435831041272,0.4419099367354519
51.0,Virginia,VA,2011.0,10.85868400100963,0.0,3536.5474994867473,2556.635822163529,968.0,0.02830937227767821,0.43326849596415634
51.0,Virginia,VA,2011.25,10.868841905351047,0.0,3527.6291824837062,2550.188605286987,949.0,0.02851127353099901,0.44228703636769273
51.0,Virginia,VA,2011.5,10.87810459876035,0.0,3518.755732012897,2543.773823259273,975.0,0.02856800569595922,0.4404066237016051
51.0,Virginia,VA,2011.75,10.88498493817969,0.0,3509.9268103500262,2537.3912319332276,1005.0,0.02882037695504268,0.44248263667241944
51.0,Virginia,VA,2012.0,10.88522453020987,0.0,3619.960600816792,2550.7656937557003,1019.0,0.028768996470723805,0.43470725106428415
51.0,Virginia,VA,2012.25,10.892108330750087,0.0,3612.1732207560585,2545.2784014634376,952.0,0.02888019538816784,0.4424311507265361
51.0,Virginia,VA,2012.5,10.895730484171075,0.0,3604.4192737168746,2539.8146673845954,960.0,0.029125467798336527,0.44036186533485183
51.0,Virginia,VA,2012.75,10.889827678708013,0.0,3596.698544856896,2534.374340132863,1042.0,0.029139490197186646,0.44394140745700855
51.0,Virginia,VA,2013.0,10.900045553758972,0.0,3773.754122748373,2609.7866167587995,1027.0,0.028858512455746867,0.43513147208359376
51.0,Virginia,VA,2013.25,10.894726783378564,0.0,3767.521043666287,2605.47605336741,968.0,0.028666339147562662,0.44240674022394544
51.0,Virginia,VA,2013.5,10.899780015249531,0.0,3761.3085208838756,2601.179705940822,970.0,0.02866189177556854,0.439032844907394
51.0,Virginia,VA,2013.75,10.909653114145357,0.0,3755.116452878487,2596.8975042697825,1028.0,0.02865324405909557,0.4412926507558516
51.0,Virginia,VA,2014.0,10.901771665094124,0.0,3780.1297092398895,2712.430200308463,1050.0,0.028635367036607236,0.43194549111586367
51.0,Virginia,VA,2014.25,10.91375412093017,0.0,3774.432803317605,2708.3423882859943,976.0,0.02894443566918949,0.4416788869136479
51.0,Virginia,VA,2014.5,10.923039199426718,0.0,3768.7530427854213,2704.2668789297,989.0,0.028643282851339342,0.43867233956043883
51.0,Virginia,VA,2014.75,10.93017488071902,0.0,3763.0903503585696,2700.2036167839306,1057.0,0.02899054890056841,0.44139912110263996
51.0,Virginia,VA,2015.0,10.937712646550738,0.0,4056.2543299519925,2787.041951281773,1070.0,0.029019596688985724,0.43541509238764614
51.0,Virginia,VA,2015.25,10.955630478873909,0.0,4050.902280736476,2783.3645719865885,999.0,0.03035014414179099,0.44687658074910647
51.0,Virginia,VA,2015.5,10.96672072626376,0.0,4045.5643364972334,2779.696884184442,1012.0,0.03084282836180923,0.4477666805030813
51.0,Virginia,VA,2015.75,10.972084755522785,0.0,4040.2404415485266,2776.038849613804,1094.0,0.031092689878296918,0.45217737581115375
51.0,Virginia,VA,2016.0,10.963302253125908,0.0,,,1056.0,0.031069301629328677,0.44276914071267437
53.0,Washington,WA,1990.0,10.093992944040444,0.0,,,435.0,0.02793917981139468,0.4159516175294948
53.0,Washington,WA,1990.25,10.102934308726914,0.0,,,425.0,0.02782016070837066,0.43405762413139903
53.0,Washington,WA,1990.5,10.11168749756805,0.0,,,426.0,0.028038003490297336,0.44197339548870623
53.0,Washington,WA,1990.75,10.120258714108177,0.0,,,458.0,0.02836728784882218,0.4317208223024639
53.0,Washington,WA,1991.0,10.128653879845007,0.0,,,455.0,0.028273901907504423,0.41273315844294495
53.0,Washington,WA,1991.25,10.138836946757468,0.0,,,450.0,0.0282922470809204,0.4258443516283454
53.0,Washington,WA,1991.5,10.148784298868096,0.0,,,456.0,0.028532213746962735,0.43225315579039636
53.0,Washington,WA,1991.75,10.15850450245926,0.0,,,481.0,0.028312998481804203,0.4247802777093082
53.0,Washington,WA,1992.0,10.168005694027665,0.0,,,487.0,0.028389245996275354,0.40862002738487135
53.0,Washington,WA,1992.25,10.177122240971626,0.0,,,478.0,0.028676304589257812,0.42698796222212815
53.0,Washington,WA,1992.5,10.186054693794182,0.0,,,490.0,0.028894596430380132,0.4307079227851568
53.0,Washington,WA,1992.75,10.194808918811498,0.0,,,535.0,0.029095764437713202,0.4216226769276133
53.0,Washington,WA,1993.0,10.20339052320824,0.0,,,483.0,0.029635855742604154,0.4076461592649802
53.0,Washington,WA,1993.25,10.213304386772991,0.0,,,489.0,0.03002703179619801,0.4245159755563053
53.0,Washington,WA,1993.5,10.223032612132837,0.0,,,511.0,0.03024328038953997,0.42565822442512924
53.0,Washington,WA,1993.75,10.232580812768331,0.0,,,522.0,0.030871891545283487,0.42445969837092895
53.0,Washington,WA,1994.0,10.2419543634515,0.0,,,501.0,0.03119590278319105,0.408294808905879
53.0,Washington,WA,1994.25,10.244086458230944,0.0,,,497.0,0.03166471586572751,0.4273974834436473
53.0,Washington,WA,1994.5,10.24619329143527,0.0,,,513.0,0.031171530927798966,0.43052969728723683
53.0,Washington,WA,1994.75,10.248275313972243,0.0,,,522.0,0.03201889501454792,0.4270227943510145
53.0,Washington,WA,1995.0,10.250332965976597,0.0,,,532.0,0.03264187532737934,0.41350991337937215
53.0,Washington,WA,1995.25,10.264618629621015,0.0,,,517.0,0.033278586482776366,0.42604509714651007
53.0,Washington,WA,1995.5,10.278590787262177,0.0,,,523.0,0.03359437071410344,0.43145913682111126
53.0,Washington,WA,1995.75,10.292260967149478,0.0,,,545.0,0.031719284735672176,0.42300605469137864
53.0,Washington,WA,1996.0,10.305640091537644,0.0,,,557.0,0.03136781828565827,0.41170215866544413
53.0,Washington,WA,1996.25,10.341286717289046,0.0,,,548.0,0.03163097794023107,0.4265075697352833
53.0,Washington,WA,1996.5,10.375390306645343,0.0,,,548.0,0.03183334074436391,0.4353279677471949
53.0,Washington,WA,1996.75,10.408067544996202,0.0,,,575.0,0.03236877906579952,0.4349577738815604
53.0,Washington,WA,1997.0,10.43942249511048,0.0,,,591.0,0.03150783638460005,0.421446042734005
53.0,Washington,WA,1997.25,10.45569159709089,0.0,,,579.0,0.03267045872073212,0.4405916233752949
53.0,Washington,WA,1997.5,10.47156866424905,0.0,,,582.0,0.03306307091148972,0.4470402421558756
53.0,Washington,WA,1997.75,10.487069629176943,0.0,,,618.0,0.03380678595751992,0.44487836086106025
53.0,Washington,WA,1998.0,10.502209497449725,0.0,,,626.0,0.034017313619300736,0.43187605344507374
53.0,Washington,WA,1998.25,10.523471105230067,0.0,,,622.0,0.03497573565142271,0.4488570883501611
53.0,Washington,WA,1998.5,10.54416051445628,0.0,,,627.0,0.03546551251682939,0.456010840162545
53.0,Washington,WA,1998.75,10.564304772892296,0.0,,,672.0,0.03603755189345491,0.4514589859674735
53.0,Washington,WA,1999.0,10.5839290781308,0.0,,,668.0,0.03486654147049138,0.4370468171165947
53.0,Washington,WA,1999.25,10.569811612511096,0.0,,,656.0,0.03523341634879532,0.4485850537012136
53.0,Washington,WA,1999.5,10.555575364737525,0.0,,,686.0,0.035973050799637474,0.4575375842034885
53.0,Washington,WA,1999.75,10.541217368183068,0.0,,,742.0,0.03660712391989514,0.45523089605400274
53.0,Washington,WA,2000.0,10.526734555045456,0.0,,,752.0,0.035992144166190676,0.4422713294550455
53.0,Washington,WA,2000.25,10.527799624569464,0.0,,,698.0,0.036539637086209546,0.45795040893850375
53.0,Washington,WA,2000.5,10.528856838096234,0.0,,,686.0,0.037238675701907004,0.4626615448216637
53.0,Washington,WA,2000.75,10.529906282809971,0.0,,,719.0,0.0376160596770243,0.45823650433583585
53.0,Washington,WA,2001.0,10.530948044601136,0.0,,,722.0,0.036285012902370004,0.442374258833493
53.0,Washington,WA,2001.25,10.537859710020252,0.0,,,727.0,0.03660698685500311,0.45142369598053106
53.0,Washington,WA,2001.5,10.544686070075691,0.0,,,704.0,0.03715977418641243,0.4537979548384455
53.0,Washington,WA,2001.75,10.551428850521326,0.0,,,729.0,0.03731320131506042,0.4422119103239566
53.0,Washington,WA,2002.0,10.558089727506225,0.0,,,741.0,0.03646402413343976,0.4255543866797283
53.0,Washington,WA,2002.25,10.568723885236368,0.0,,,726.0,0.03707456386466568,0.43642443836779127
53.0,Washington,WA,2002.5,10.579201573397285,0.0,,,726.0,0.037709649779738584,0.4430313507831444
53.0,Washington,WA,2002.75,10.58952678285916,0.0,,,749.0,0.03787135598747926,0.4366193695407516
53.0,Washington,WA,2003.0,10.59970335664464,0.0,,,742.0,0.038044827137103415,0.42416249803070005
53.0,Washington,WA,2003.25,10.604960602337686,0.0,,,747.0,0.03828428332215235,0.43372685220156476
53.0,Washington,WA,2003.5,10.610158702841249,0.0,,,753.0,0.036375537745588125,0.43908529787550465
53.0,Washington,WA,2003.75,10.615298719725464,0.0,,,759.0,0.03606112812271079,0.43370366537405564
53.0,Washington,WA,2004.0,10.620381687898233,0.0,2948.526092695081,2206.0701011305873,748.0,0.03342885050039288,0.42160085261412494
53.0,Washington,WA,2004.25,10.653026582502047,0.0,2939.17148383995,2199.0710371052755,736.0,0.03388230017537038,0.43597174068415423
53.0,Washington,WA,2004.5,10.684442542059164,0.0,2929.8760448538314,2192.116243632372,752.0,0.03430650653950844,0.4409533114344568
53.0,Washington,WA,2004.75,10.714712352457411,0.0,2920.6392161137865,2185.2053020052454,790.0,0.03459930358276528,0.43777523764329673
53.0,Washington,WA,2005.0,10.743910758369022,0.0,3124.5144674903972,2286.29897375947,766.0,0.03263705381150511,0.42720590840092765
53.0,Washington,WA,2005.25,10.759028250377591,0.0,3110.4161260849482,2275.9828034160896,760.0,0.033024816618506835,0.4407563005379275
53.0,Washington,WA,2005.5,10.756195114869223,0.0,3096.4444414176746,2265.7593115267605,801.0,0.03340323587363948,0.445789632367331
53.0,Washington,WA,2005.75,10.776187440893032,0.0,3082.5977143320238,2255.627254768746,804.0,0.033702116441575426,0.44265141227233284
53.0,Washington,WA,2006.0,10.793229066620144,0.0,3383.258462539671,2458.169701446595,832.0,0.032572130798353034,0.4332708132513273
53.0,Washington,WA,2006.25,10.798612352001944,0.0,3371.241697474834,2449.4386960803627,798.0,0.032892823394650925,0.44635554620920137
53.0,Washington,WA,2006.5,10.813927503627282,0.0,3359.3099933449394,2440.7694933270163,823.0,0.03366681369103375,0.452807464058257
53.0,Washington,WA,2006.75,10.829521423321452,0.0,3347.4624501766884,2432.1614392941256,846.0,0.03403605146455241,0.4474357348617983
53.0,Washington,WA,2007.0,10.844086310556106,0.0,3611.021719586845,2725.8150358418143,867.0,0.03299452595778715,0.43972107780952263
53.0,Washington,WA,2007.25,10.875703991224825,0.0,3597.015176171481,2715.2420596576285,834.0,0.03339099961953201,0.4518679210805373
53.0,Washington,WA,2007.5,10.894546959211189,0.0,3583.11687095136,2704.7507881329425,877.0,0.0337070127976297,0.45701728940008224
53.0,Washington,WA,2007.75,10.91355518787868,0.0,3569.325554109104,2694.3402778308937,885.0,0.034054859440085544,0.4520570632816639
53.0,Washington,WA,2008.0,10.888839169070684,0.0,3652.591778619192,2921.5199830667343,899.0,0.032978418467743666,0.44226676364587997
53.0,Washington,WA,2008.25,10.893356228773817,0.0,3638.0121073294085,2909.8584551431977,862.0,0.033521439286207974,0.4503374469344495
53.0,Washington,WA,2008.5,10.899063775558144,0.0,3623.5483656152237,2898.289653314519,904.0,0.03362672214404349,0.4543542335728482
53.0,Washington,WA,2008.75,10.87996947650277,0.0,3609.199176239245,2886.812475999462,919.0,0.03351855665768187,0.4409340296859995
53.0,Washington,WA,2009.0,10.86180679329436,0.0,3403.2757168958456,2933.5184222517055,903.0,0.032812212688974725,0.4227929938779973
53.0,Washington,WA,2009.25,10.860756046251804,0.0,3393.630421023287,2925.204475488665,880.0,0.03326630150622699,0.42608950897566433
53.0,Washington,WA,2009.5,10.854203859207852,0.0,3384.039642517008,2916.9375210094186,916.0,0.034173729957350324,0.42808388436296757
53.0,Washington,WA,2009.75,10.86243255138012,0.0,3374.50292046311,2908.717161520437,953.0,0.03368199044774486,0.4174060275534992
53.0,Washington,WA,2010.0,10.865701887508273,0.0,3341.7560081776883,2889.89898900022,900.0,0.03354848258088933,0.4056317159373471
53.0,Washington,WA,2010.25,10.880425159254065,0.0,3331.9608262515303,2881.4282669378654,897.0,0.03418753625860642,0.4162534470088777
53.0,Washington,WA,2010.5,10.888098894202011,0.0,3322.2228987628105,2873.007057628825,953.0,0.03452283420314666,0.42096866622742307
53.0,Washington,WA,2010.75,10.885811014815824,0.0,3312.541725182066,2864.6349282229476,981.0,0.0347913507533373,0.4158654831457888
53.0,Washington,WA,2011.0,10.88980171974354,0.0,3524.943276091532,2939.269360881316,947.0,0.03292273236282195,0.40517115865300996
53.0,Washington,WA,2011.25,10.890418290608018,0.0,3515.577105343001,2931.4593915985015,927.0,0.033600672095304915,0.41530220399828194
53.0,Washington,WA,2011.5,10.896633639064676,0.0,3506.260576628259,2923.6908162609216,1011.0,0.03354574432271891,0.42342549084473013
53.0,Washington,WA,2011.75,10.91265125370334,0.0,3496.993296325699,2915.9633066477127,978.0,0.03380970283840475,0.417188068807706
53.0,Washington,WA,2012.0,10.929901756926188,0.0,3489.7798853873683,3025.4096094892325,1010.0,0.03364095680112588,0.4066473431521075
53.0,Washington,WA,2012.25,10.937821183357157,0.0,3480.59535214187,3017.4472233066667,946.0,0.033975220082792586,0.4187092998772484
53.0,Washington,WA,2012.5,10.946062072412865,0.0,3471.4590363920906,3009.526638521234,1023.0,0.03429575440993846,0.42616575028584003
53.0,Washington,WA,2012.75,10.931534735876244,0.0,3462.3705594296016,3001.647526817636,1017.0,0.0345055426687143,0.4210410901821647
53.0,Washington,WA,2013.0,10.959279760305344,0.0,3696.754566514438,3060.463065043285,1029.0,0.03453412640574649,0.41206078180759315
53.0,Washington,WA,2013.25,10.957589264025817,0.0,3685.3581562828017,3051.028223762791,970.0,0.03482683121318121,0.4236960677578809
53.0,Washington,WA,2013.5,10.971427208086142,0.0,3674.0317961472815,3041.651375440177,1046.0,0.03572905311162969,0.42996760898656766
53.0,Washington,WA,2013.75,10.97970685637661,0.0,3662.7748422233813,3032.3319870174087,1035.0,0.036078157467986635,0.4256227697621079
53.0,Washington,WA,2014.0,10.983181969336014,0.0,3802.084745022679,3208.248820985411,1068.0,0.03589268004461458,0.41809073635039345
53.0,Washington,WA,2014.25,10.997021167795957,0.0,3787.8426055431237,3196.231117473302,995.0,0.033603788428562945,0.4289855006966453
53.0,Washington,WA,2014.5,11.013662699732352,0.0,3773.7067664634515,3184.303111628518,1087.0,0.03366424927359315,0.43717786676680864
53.0,Washington,WA,2014.75,11.022769023521931,0.0,3759.676042102023,3172.463802957386,1081.0,0.03383542200322929,0.4317910695095875
53.0,Washington,WA,2015.0,11.029912686999152,0.0,3925.245066889749,3359.0227490785987,1088.0,0.03356540028406671,0.4230145240858494
53.0,Washington,WA,2015.25,11.04212823288226,0.0,3907.820223734891,3344.111464927194,1028.0,0.03335786216142657,0.43521162515825845
53.0,Washington,WA,2015.5,11.055372954537711,0.0,3890.549400655718,3329.331983231234,1111.0,0.03303491278206625,0.4406420875180846
53.0,Washington,WA,2015.75,11.05652113148102,0.0,3873.430564537496,3314.682564155747,1131.0,0.0327974947879862,0.43393842421870327
53.0,Washington,WA,2016.0,11.072646876958416,0.0,,,1119.0,0.033312980241492866,0.4277656421514819
54.0,West Virginia,WV,1990.0,9.64749718155517,0.0,,,396.0,0.023798525897214467,0.326932203024224
54.0,West Virginia,WV,1990.25,9.65861494170544,0.0,,,399.0,0.023568989318986638,0.33905158390696294
54.0,West Virginia,WV,1990.5,9.669591615835008,0.0,,,379.0,0.02365449896318391,0.33876286924013876
54.0,West Virginia,WV,1990.75,9.680430521525588,0.0,,,420.0,0.02362356864952795,0.337095460088836
54.0,West Virginia,WV,1991.0,9.691134861214154,0.0,,,406.0,0.023825077068050603,0.3272236692267992
54.0,West Virginia,WV,1991.25,9.701325492811469,0.0,,,416.0,0.023650719956638217,0.33457602306704637
54.0,West Virginia,WV,1991.5,9.71139184000131,0.0,,,399.0,0.023702521867110325,0.3359983830700182
54.0,West Virginia,WV,1991.75,9.7213366634968,0.0,,,432.0,0.023738142289204563,0.3361854274982516
54.0,West Virginia,WV,1992.0,9.73116263370718,0.0,,,418.0,0.023913740256447588,0.32881323656163386
54.0,West Virginia,WV,1992.25,9.741649833963791,0.0,,,425.0,0.023827908444674868,0.34011782958761855
54.0,West Virginia,WV,1992.5,9.751996603265544,0.0,,,405.0,0.024017174440326822,0.34033151305605147
54.0,West Virginia,WV,1992.75,9.762206286471857,0.0,,,457.0,0.02397001929173277,0.34189715080044253
54.0,West Virginia,WV,1993.0,9.77228211179872,0.0,,,415.0,0.023801965184791083,0.33330050506023073
54.0,West Virginia,WV,1993.25,9.792921703873212,0.0,,,439.0,0.024120869435853353,0.3436500675508639
54.0,West Virginia,WV,1993.5,9.813128044176672,0.0,,,411.0,0.024257550935139472,0.34702085784340675
54.0,West Virginia,WV,1993.75,9.832918631919268,0.0,,,456.0,0.024180902296834013,0.34958591629043717
54.0,West Virginia,WV,1994.0,9.852309927418954,0.0,,,431.0,0.02403784619052406,0.3395214623430514
54.0,West Virginia,WV,1994.25,9.863049483054596,0.0,,,444.0,0.024271365551204585,0.3564282573112131
54.0,West Virginia,WV,1994.5,9.87366541481787,0.0,,,431.0,0.024447047724266015,0.3586377437339027
54.0,West Virginia,WV,1994.75,9.884160433098284,0.0,,,459.0,0.024400396021625668,0.3603293926374666
54.0,West Virginia,WV,1995.0,9.894537160246358,0.0,,,457.0,0.02440203980917914,0.3470866918901135
54.0,West Virginia,WV,1995.25,9.90206645405062,0.0,,,457.0,0.02471761365786352,0.36008168277782865
54.0,West Virginia,WV,1995.5,9.909541302194416,0.0,,,427.0,0.024733251647877916,0.3631525466738772
54.0,West Virginia,WV,1995.75,9.916962499691683,0.0,,,469.0,0.024887673330842974,0.36268372104844443
54.0,West Virginia,WV,1996.0,9.92433082427421,0.0,,,466.0,0.024844635309917446,0.3512831119167058
54.0,West Virginia,WV,1996.25,9.93452230327639,0.0,,,464.0,0.02495603109802393,0.3662530518427099
54.0,West Virginia,WV,1996.5,9.94462114721907,0.0,,,439.0,0.02507962144154143,0.36824155896480637
54.0,West Virginia,WV,1996.75,9.95462912144444,0.0,,,485.0,0.025076416726200722,0.36777407562420555
54.0,West Virginia,WV,1997.0,9.964547941459644,0.0,,,471.0,0.02498250520995672,0.3579909549324314
54.0,West Virginia,WV,1997.25,9.97280834363091,0.0,,,480.0,0.0250165407479883,0.3679738486603598
54.0,West Virginia,WV,1997.5,9.981008935984896,0.0,,,453.0,0.02529491939135923,0.37148278923853506
54.0,West Virginia,WV,1997.75,9.989150638545176,0.0,,,500.0,0.02526032419755737,0.373527995001335
54.0,West Virginia,WV,1998.0,9.997234350360191,0.0,,,477.0,0.025241668222618415,0.36301850600358704
54.0,West Virginia,WV,1998.25,10.01005129089378,0.0,,,488.0,0.025555800781029356,0.37641063198462077
54.0,West Virginia,WV,1998.5,10.022719242050156,0.0,,,463.0,0.02569768826666314,0.3776931994783419
54.0,West Virginia,WV,1998.75,10.035241785738888,0.0,,,516.0,0.025722223923135633,0.3786731569844699
54.0,West Virginia,WV,1999.0,10.047622376485016,0.0,,,480.0,0.02578321325930746,0.36650919886808636
54.0,West Virginia,WV,1999.25,10.051496236822434,0.0,,,503.0,0.0257913862469689,0.37748037556885927
54.0,West Virginia,WV,1999.5,10.055360233423905,0.0,,,483.0,0.02585373132678608,0.3795126588224891
54.0,West Virginia,WV,1999.75,10.05921443265053,0.0,,,536.0,0.02580665855369562,0.38055051144807317
54.0,West Virginia,WV,2000.0,10.06305890023624,0.0,,,516.0,0.025890125239275027,0.37032921403053237
54.0,West Virginia,WV,2000.25,10.072544867861838,0.0,,,522.0,0.02596702768442809,0.3838172994630885
54.0,West Virginia,WV,2000.5,10.0819560557415,0.0,,,492.0,0.025877774212124588,0.38263356927611514
54.0,West Virginia,WV,2000.75,10.091293756570122,0.0,,,542.0,0.025839413467223852,0.38343356263490097
54.0,West Virginia,WV,2001.0,10.100559230115197,0.0,,,532.0,0.025823197691232935,0.37369604971317116
54.0,West Virginia,WV,2001.25,10.109314282561556,0.0,,,545.0,0.025877350965490716,0.3824024064092626
54.0,West Virginia,WV,2001.5,10.117983925997382,0.0,,,510.0,0.02587155988738236,0.3830580041836538
54.0,West Virginia,WV,2001.75,10.12656972526938,0.0,,,565.0,0.02585690805812304,0.38223467428716784
54.0,West Virginia,WV,2002.0,10.135073202737772,0.0,,,549.0,0.026197869297568312,0.37155226815936215
54.0,West Virginia,WV,2002.25,10.143621230006897,0.0,,,556.0,0.026153009938248914,0.38104990447352394
54.0,West Virginia,WV,2002.5,10.15208075454398,0.0,,,521.0,0.02596947405111909,0.38072142710575485
54.0,West Virginia,WV,2002.75,10.160453441813896,0.0,,,575.0,0.025921603071069006,0.3781390412077712
54.0,West Virginia,WV,2003.0,10.168740911085331,0.0,,,561.0,0.02580871215778888,0.3662622990922192
54.0,West Virginia,WV,2003.25,10.182075930865192,0.0,,,573.0,0.025864007434937063,0.37538086566207884
54.0,West Virginia,WV,2003.5,10.195220539224874,0.0,,,532.0,0.02597104829702268,0.37672726724911054
54.0,West Virginia,WV,2003.75,10.208179897335429,0.0,,,587.0,0.02603334880740618,0.37656447765226686
54.0,West Virginia,WV,2004.0,10.22095895964802,0.0,3164.983886045106,1185.725028875194,569.0,0.026113195165483216,0.3686273171265227
54.0,West Virginia,WV,2004.25,10.229472563781446,0.0,3163.2189359661043,1185.0638105060848,589.0,0.026218581348663225,0.37962296838916104
54.0,West Virginia,WV,2004.5,10.237904927662315,0.0,3161.4559532352837,1184.4033291814799,559.0,0.026372242523227007,0.38128164871654574
54.0,West Virginia,WV,2004.75,10.246257504167184,0.0,3159.694934565042,1183.7435836697161,620.0,0.02623224182093935,0.38190210363390753
54.0,West Virginia,WV,2005.0,10.254531707671834,0.0,3551.2537270144558,1196.3348369561636,583.0,0.026224778796061724,0.37335896010529024
54.0,West Virginia,WV,2005.25,10.278544409523551,0.0,3547.6388415598126,1195.1170660691953,612.0,0.026347342191141425,0.3831235214808157
54.0,West Virginia,WV,2005.5,10.292350691098232,0.0,3544.0313079362923,1193.90177184325,589.0,0.02638085036635197,0.38440845184177336
54.0,West Virginia,WV,2005.75,10.317174987221984,0.0,3540.431103738821,1192.6889467305787,627.0,0.026336527282554707,0.3846586753133482
54.0,West Virginia,WV,2006.0,10.326390658191563,0.0,3844.695477681639,1227.9053915068123,626.0,0.026230474990043284,0.37844910841805657
54.0,West Virginia,WV,2006.25,10.345599116796864,0.0,3841.46958069843,1226.8751158136859,636.0,0.026292098103962564,0.38690343766905155
54.0,West Virginia,WV,2006.5,10.352110560582268,0.0,3838.2490925634443,1225.846567579583,599.0,0.026350340964575295,0.3870496815370113
54.0,West Virginia,WV,2006.75,10.35207430681534,0.0,3835.0339996845873,1224.819742463508,656.0,0.026322811739263537,0.38880075873784525
54.0,West Virginia,WV,2007.0,10.35624206198191,0.0,4021.118812334656,1319.8235382639098,653.0,0.0264937962500518,0.37742259579699305
54.0,West Virginia,WV,2007.25,10.372865719451028,0.0,4017.69160388349,1318.6986497451946,661.0,0.026574178212061178,0.38619232285175037
54.0,West Virginia,WV,2007.5,10.384355749240134,0.0,4014.2702324920624,1317.5756770835317,624.0,0.02659346030685055,0.38661968163906185
54.0,West Virginia,WV,2007.75,10.387484355919645,0.0,4010.854683260952,1316.4546153885897,686.0,0.02658062249506525,0.387918647070335
54.0,West Virginia,WV,2008.0,10.387086259770044,0.0,4070.9717384571077,1428.722334824024,677.0,0.026393922763012754,0.3787242366775163
54.0,West Virginia,WV,2008.25,10.430997741831584,0.0,4066.8475668384062,1427.2749417977784,695.0,0.026422010380385698,0.3859426226634576
54.0,West Virginia,WV,2008.5,10.45694125209229,0.0,4062.7317428963815,1425.830478419017,662.0,0.026406115911102916,0.38763007540950567
54.0,West Virginia,WV,2008.75,10.454369536608938,0.0,4058.6242413120367,1424.3889358019458,734.0,0.026407047477292687,0.38781801465899474
54.0,West Virginia,WV,2009.0,10.450560204822734,0.0,3970.905007373733,1518.575584148503,704.0,0.026115733787934137,0.37269364505959873
54.0,West Virginia,WV,2009.25,10.443688005538514,0.0,3967.4400528282654,1517.2504969547372,710.0,0.026130255199184056,0.3761902412351108
54.0,West Virginia,WV,2009.5,10.442453438759063,0.0,3963.981139949838,1515.927720248892,673.0,0.026119359644300857,0.37334021248845783
54.0,West Virginia,WV,2009.75,10.460175490274048,0.0,3960.5282529503884,1514.6072479932095,752.0,0.026184591655179532,0.37383007229190973
54.0,West Virginia,WV,2010.0,10.471465298202355,0.0,3928.209013984241,1533.6570975553195,692.0,0.02597142749281373,0.3641013610321625
54.0,West Virginia,WV,2010.25,10.48365138000492,0.0,3927.816069268187,1533.5036835056653,726.0,0.02603353994830177,0.3749037544893975
54.0,West Virginia,WV,2010.5,10.514902815093247,0.0,3927.4232031579836,1533.3503001454221,701.0,0.026082699189744856,0.3768566212714577
54.0,West Virginia,WV,2010.75,10.523541312141289,0.0,3927.0304156300467,1533.1969474653822,778.0,0.026148562112135277,0.3776804859570989
54.0,West Virginia,WV,2011.0,10.515492392778862,0.0,4294.245950882278,1553.3107777368068,723.0,0.026045137069454417,0.3684287417815471
54.0,West Virginia,WV,2011.25,10.554560384265098,0.0,4293.327095580447,1552.978410224597,765.0,0.026131190075936377,0.37806783089150103
54.0,West Virginia,WV,2011.5,10.562575895953152,0.0,4292.408633416067,1552.6461849177106,742.0,0.026350304941463527,0.38226083820194284
54.0,West Virginia,WV,2011.75,10.5723199119613,0.0,4291.490564136878,1552.3141017249022,776.0,0.026500366616509435,0.38431628400451184
54.0,West Virginia,WV,2012.0,10.558587545768532,0.0,4274.23999224372,1821.343236954367,768.0,0.02646453656224415,0.3772306487984947
54.0,West Virginia,WV,2012.25,10.56333496231306,0.0,4276.156887776237,1822.1600663136066,776.0,0.02659495715360187,0.3844942592827351
54.0,West Virginia,WV,2012.5,10.54926318396861,0.0,4278.075503444803,1822.9776286588651,724.0,0.026749215791401725,0.3848928416722128
54.0,West Virginia,WV,2012.75,10.536339165379143,0.0,4279.995841565816,1823.7959249772089,788.0,0.026809764985094225,0.38540073178913037
54.0,West Virginia,WV,2013.0,10.558674266351026,0.0,4358.6277155950875,1644.3616580987475,768.0,0.026650752118866996,0.37592885074769417
54.0,West Virginia,WV,2013.25,10.56356135567924,0.0,4361.402968356581,1645.4086663615096,781.0,0.026767070628561,0.3841345145998215
54.0,West Virginia,WV,2013.5,10.571981290453982,0.0,4364.181757522466,1646.4570087890982,752.0,0.0268597647866074,0.37575215652797983
54.0,West Virginia,WV,2013.75,10.583948046574896,0.0,4366.96408985652,1647.506687933256,792.0,0.026935817601107644,0.38496815620644126
54.0,West Virginia,WV,2014.0,10.570997199349025,0.0,4275.38228003683,1741.8456122052633,781.0,0.026833445675823932,0.37321275359559086
54.0,West Virginia,WV,2014.25,10.59729855345724,0.0,4279.700728143346,1743.605003387894,792.0,0.026962896977565442,0.3837995720626351
54.0,West Virginia,WV,2014.5,10.6099304494485,0.0,4284.027908966012,1745.3679523911615,778.0,0.027113750746361295,0.37458812917613366
54.0,West Virginia,WV,2014.75,10.609054719200898,0.0,4288.363849020433,1747.1344700178643,818.0,0.02715964205140407,0.3872754529399229
54.0,West Virginia,WV,2015.0,10.574875060923748,0.0,4574.288735848451,1745.5429039794076,792.0,0.027111115215042697,0.3751738814689202
54.0,West Virginia,WV,2015.25,10.600643271200733,0.0,4580.478174489592,1747.9047860825174,803.0,0.027254403943509756,0.38332480539739705
54.0,West Virginia,WV,2015.5,10.599352870609763,0.0,4586.684385599192,1750.2730685387737,785.0,0.02734143847413848,0.37247538116809703
54.0,West Virginia,WV,2015.75,10.588563508913436,0.0,4592.907437446135,1752.6477773994975,830.0,0.027486519271827298,0.38471073841172304
54.0,West Virginia,WV,2016.0,10.567711957440588,0.0,,,778.0,0.02717380025798672,0.3709534841132098
55.0,Wisconsin,WI,1990.0,9.925116892149848,0.0,,,399.0,0.023070153868989727,0.43803089178333693
55.0,Wisconsin,WI,1990.25,9.933329027740449,0.0,,,402.0,0.023219601922529944,0.4518849592778491
55.0,Wisconsin,WI,1990.5,9.941425132377017,0.0,,,392.0,0.02330836095797862,0.4521653280345354
55.0,Wisconsin,WI,1990.75,9.94940790776034,0.0,,,431.0,0.02331819058187433,0.455578661060328
55.0,Wisconsin,WI,1991.0,9.95727996602896,0.0,,,410.0,0.02378703486040348,0.4368455201423431
55.0,Wisconsin,WI,1991.25,9.973582296701585,0.0,,,417.0,0.02384224416918063,0.44955778887559744
55.0,Wisconsin,WI,1991.5,9.98952585845756,0.0,,,408.0,0.023924744395275113,0.44838346326162676
55.0,Wisconsin,WI,1991.75,10.005124327097455,0.0,,,446.0,0.023926704159673965,0.4523435009085169
55.0,Wisconsin,WI,1992.0,10.020390624590666,0.0,,,427.0,0.02409938476514696,0.4389778348567284
55.0,Wisconsin,WI,1992.25,10.032920599545584,0.0,,,432.0,0.024444123363809373,0.4554568158201951
55.0,Wisconsin,WI,1992.5,10.04522314465413,0.0,,,425.0,0.024498414337792786,0.45365616228302913
55.0,Wisconsin,WI,1992.75,10.057305302557438,0.0,,,486.0,0.024868559346333457,0.46041640727811606
55.0,Wisconsin,WI,1993.0,10.069173801413134,0.0,,,426.0,0.024636919311316334,0.44596496272255565
55.0,Wisconsin,WI,1993.25,10.08619471283867,0.0,,,447.0,0.02473550452476648,0.4596617659092323
55.0,Wisconsin,WI,1993.5,10.102851509650076,0.0,,,446.0,0.02465061881964467,0.45883067557319923
55.0,Wisconsin,WI,1993.75,10.119157990695864,0.0,,,498.0,0.024756707325317977,0.46615411633311976
55.0,Wisconsin,WI,1994.0,10.135127193907664,0.0,,,452.0,0.024858395871342146,0.4527795990840615
55.0,Wisconsin,WI,1994.25,10.143920410828835,0.0,,,457.0,0.025104987061513553,0.4700599650796072
55.0,Wisconsin,WI,1994.5,10.152593951701135,0.0,,,467.0,0.025280190539064055,0.47095101743009377
55.0,Wisconsin,WI,1994.75,10.161150562917529,0.0,,,496.0,0.025340066064757926,0.4784600576709174
55.0,Wisconsin,WI,1995.0,10.169592900186956,0.0,,,481.0,0.02556512877167185,0.4651130720431659
55.0,Wisconsin,WI,1995.25,10.182332959986445,0.0,,,475.0,0.02569819597243984,0.4791421912893333
55.0,Wisconsin,WI,1995.5,10.194858554982956,0.0,,,467.0,0.025730060484951158,0.47783329054175544
55.0,Wisconsin,WI,1995.75,10.207176013709644,0.0,,,509.0,0.02603810126222084,0.48228723438739884
55.0,Wisconsin,WI,1996.0,10.219291392905404,0.0,,,495.0,0.025928750096080564,0.46773732600176493
55.0,Wisconsin,WI,1996.25,10.238104219902311,0.0,,,492.0,0.026049415229528333,0.48278355175984516
55.0,Wisconsin,WI,1996.5,10.256506500404091,0.0,,,485.0,0.026048667712950183,0.4825322004660925
55.0,Wisconsin,WI,1996.75,10.274514545168053,0.0,,,532.0,0.026347894833827698,0.48884806622718635
55.0,Wisconsin,WI,1997.0,10.292143717453326,0.0,,,519.0,0.02609522250619183,0.47208332312675794
55.0,Wisconsin,WI,1997.25,10.304202288874672,0.0,,,511.0,0.02621690588463547,0.49001843655667254
55.0,Wisconsin,WI,1997.5,10.316081909640578,0.0,,,515.0,0.026978900281477883,0.4887398275665944
55.0,Wisconsin,WI,1997.75,10.327787353859762,0.0,,,567.0,0.02710646971116008,0.49689838257654223
55.0,Wisconsin,WI,1998.0,10.339323208905268,0.0,,,534.0,0.026731175505014276,0.47877759639831735
55.0,Wisconsin,WI,1998.25,10.352500366413338,0.0,,,534.0,0.026880078576509345,0.49798610318701025
55.0,Wisconsin,WI,1998.5,10.365463604919292,0.0,,,532.0,0.02706630776932963,0.4969003494213135
55.0,Wisconsin,WI,1998.75,10.37821915491502,0.0,,,601.0,0.027082500808849875,0.5031367096378434
55.0,Wisconsin,WI,1999.0,10.390772981202913,0.0,,,545.0,0.02679597784672807,0.48792017601202353
55.0,Wisconsin,WI,1999.25,10.39449583805906,0.0,,,552.0,0.026890514723542213,0.5066001709308369
55.0,Wisconsin,WI,1999.5,10.39819059430765,0.0,,,558.0,0.027056978059928093,0.5058705021591691
55.0,Wisconsin,WI,1999.75,10.401857591849106,0.0,,,622.0,0.027045495890567005,0.5105652479059369
55.0,Wisconsin,WI,2000.0,10.40549716671904,0.0,,,593.0,0.0268526287407199,0.49570192824127185
55.0,Wisconsin,WI,2000.25,10.411676397168549,0.0,,,577.0,0.026710227475415294,0.5124070517775109
55.0,Wisconsin,WI,2000.5,10.417799031280689,0.0,,,572.0,0.027035570717441712,0.5094103727658423
55.0,Wisconsin,WI,2000.75,10.423865956270822,0.0,,,625.0,0.027022431263065826,0.51172872504967
55.0,Wisconsin,WI,2001.0,10.429878039180144,0.0,,,608.0,0.027154888210940413,0.49576409612401096
55.0,Wisconsin,WI,2001.25,10.438426592223566,0.0,,,594.0,0.02735461594604957,0.5072043247041506
55.0,Wisconsin,WI,2001.5,10.446872876750508,0.0,,,586.0,0.027412097515323676,0.5016843750816862
55.0,Wisconsin,WI,2001.75,10.455219013001823,0.0,,,639.0,0.027445827885624538,0.500546070188796
55.0,Wisconsin,WI,2002.0,10.463467057277256,0.0,,,622.0,0.027671720327145453,0.4832551660844373
55.0,Wisconsin,WI,2002.25,10.474109645567,0.0,,,614.0,0.027859759999328892,0.4972721514999977
55.0,Wisconsin,WI,2002.5,10.484607518766502,0.0,,,605.0,0.028004190632590544,0.494005585984479
55.0,Wisconsin,WI,2002.75,10.494964175517389,0.0,,,656.0,0.028057506976607305,0.49748861025568164
55.0,Wisconsin,WI,2003.0,10.505182990653694,0.0,,,638.0,0.028215782477853075,0.48029947664529554
55.0,Wisconsin,WI,2003.25,10.513204636942747,0.0,,,627.0,0.028388044899616816,0.49369971758367887
55.0,Wisconsin,WI,2003.5,10.52113734008767,0.0,,,623.0,0.02849881504333258,0.48970767976057505
55.0,Wisconsin,WI,2003.75,10.528982816723856,0.0,,,682.0,0.028642293788449454,0.4938682722408383
55.0,Wisconsin,WI,2004.0,10.536742735200065,0.0,3125.188745936272,2020.8635214995356,657.0,0.028774982199938848,0.4786891344606161
55.0,Wisconsin,WI,2004.25,10.55372899234097,0.0,3120.641369227902,2017.9230182354015,643.0,0.02817842830783651,0.4946217846319819
55.0,Wisconsin,WI,2004.5,10.57038339493535,0.0,3116.1072068188328,2014.9910598297026,653.0,0.02845104316453096,0.4936139143576049
55.0,Wisconsin,WI,2004.75,10.58671781774139,0.0,3111.5862011931463,2012.0676090905035,719.0,0.02869271239701625,0.498149766891875
55.0,Wisconsin,WI,2005.0,10.602743512620618,0.0,3230.615527916041,2110.0215896891655,666.0,0.028710283824898136,0.4827123818508137
55.0,Wisconsin,WI,2005.25,10.608530085226556,0.0,3226.036478952949,2107.0308617338023,663.0,0.028907975201647198,0.497728357080244
55.0,Wisconsin,WI,2005.5,10.62614242094565,0.0,3221.470392233028,2104.048599847121,686.0,0.02911913091733497,0.4959518855975838
55.0,Wisconsin,WI,2005.75,10.62032802160929,0.0,3216.9172127943407,2101.0747681316657,714.0,0.029292883999829256,0.4983999899577172
55.0,Wisconsin,WI,2006.0,10.63753722415632,0.0,3419.8479468522164,2180.4252862538106,717.0,0.029254946747333782,0.4841449796853098
55.0,Wisconsin,WI,2006.25,10.649469105836664,0.0,3414.7787254953737,2177.193254128449,684.0,0.028662524716094977,0.4997470134065887
55.0,Wisconsin,WI,2006.5,10.654470502369051,0.0,3409.724510051902,2173.970789467334,687.0,0.028839077511321965,0.4968387879264562
55.0,Wisconsin,WI,2006.75,10.657128994828424,0.0,3404.6852339894995,2170.757849850825,746.0,0.028235634302217136,0.49927630457501526
55.0,Wisconsin,WI,2007.0,10.667527200232746,0.0,3556.262726628674,2306.8453110310074,744.0,0.028110911594209358,0.48443402797890367
55.0,Wisconsin,WI,2007.25,10.676706284811862,0.0,3551.4804420761843,2303.7431806362756,708.0,0.028295595475185887,0.49911774647517976
55.0,Wisconsin,WI,2007.5,10.684178832427428,0.0,3546.711002205786,2300.649382217253,706.0,0.028443522357502655,0.49624822024313625
55.0,Wisconsin,WI,2007.75,10.67831971400588,0.0,3541.95435533781,2297.5638822508254,770.0,0.02857578647649751,0.4987365255712802
55.0,Wisconsin,WI,2008.0,10.67525212709937,0.0,3685.3046873282665,2414.947998544938,759.0,0.02843380849764829,0.48364201404621926
55.0,Wisconsin,WI,2008.25,10.674757732817405,0.0,3680.6935404226197,2411.926354220907,729.0,0.028433110608008443,0.4963303348422282
55.0,Wisconsin,WI,2008.5,10.678819012889448,0.0,3676.093918265363,2408.912261963916,729.0,0.028651153908044555,0.49227710061484
55.0,Wisconsin,WI,2008.75,10.672049609282997,0.0,3671.5057777043085,2405.9056934967116,793.0,0.02783389557092415,0.4902936086469616
55.0,Wisconsin,WI,2009.0,10.656255629517446,0.0,3648.7309463803413,2541.3872065227515,747.0,0.027580476054740087,0.46432152980234
55.0,Wisconsin,WI,2009.25,10.66226476730993,0.0,3645.3553399178913,2539.0360539702633,728.0,0.027599545423605678,0.4700016807607524
55.0,Wisconsin,WI,2009.5,10.671274980100996,0.0,3641.985973535694,2536.6892477125148,726.0,0.027718583705113778,0.4633483418807843
55.0,Wisconsin,WI,2009.75,10.699755588609726,0.0,3638.6228299467903,2534.3467757089225,810.0,0.027582873267709623,0.4653742305115413
55.0,Wisconsin,WI,2010.0,10.680494237365115,0.0,3592.4167301230186,2586.8096079214615,740.0,0.027134070955947026,0.4497292421574656
55.0,Wisconsin,WI,2010.25,10.69312657307476,0.0,3589.361025641791,2584.6092714057313,745.0,0.02725550076339651,0.46578619451518377
55.0,Wisconsin,WI,2010.5,10.707050213284177,0.0,3586.3105150982424,2582.4126749148654,750.0,0.027431110598046315,0.4641823121945277
55.0,Wisconsin,WI,2010.75,10.72127802599986,0.0,3583.2651852610143,2580.2198089212925,837.0,0.027477232642378127,0.46920002934957544
55.0,Wisconsin,WI,2011.0,10.717150922043508,0.0,3782.5531907440745,2613.7297622967476,779.0,0.027443586635935015,0.4552324373048622
55.0,Wisconsin,WI,2011.25,10.727148156509507,0.0,3779.816292182002,2611.838575876532,767.0,0.027639698925801977,0.4692335660035338
55.0,Wisconsin,WI,2011.5,10.743723510167916,0.0,3777.083351368774,2609.950124245605,791.0,0.027838850516758006,0.4690528013870806
55.0,Wisconsin,WI,2011.75,10.750078641059511,0.0,3774.3543597258167,2608.064401476204,816.0,0.02773537474881676,0.4714001248359542
55.0,Wisconsin,WI,2012.0,10.760654933668471,0.0,3898.4287422481007,2587.483062434151,826.0,0.027606551456582636,0.458588921252929
55.0,Wisconsin,WI,2012.25,10.773474709873158,0.0,3895.592347495581,2585.6004774580597,778.0,0.027831128005572088,0.47400602828610344
55.0,Wisconsin,WI,2012.5,10.771942845302243,0.0,3892.760077115495,2583.720629929416,770.0,0.02806775916814594,0.4722177488228953
55.0,Wisconsin,WI,2012.75,10.769711272612504,0.0,3889.9319221185656,2581.8435138818177,855.0,0.02802872208653734,0.47597956424887544
55.0,Wisconsin,WI,2013.0,10.788936928002926,0.0,4014.019858418828,2487.7263116910162,832.0,0.02791956751817128,0.4621580141163261
55.0,Wisconsin,WI,2013.25,10.792186568680632,0.0,4011.3092047618866,2486.046358760512,800.0,0.02819827381105418,0.4756346781680385
55.0,Wisconsin,WI,2013.5,10.799940477652283,0.0,4008.602209624344,2484.368673231587,793.0,0.028397829762744527,0.47695172803676406
55.0,Wisconsin,WI,2013.75,10.815358719918962,0.0,4005.89886560444,2482.6932505169325,865.0,0.028315076232780585,0.4792117699847894
55.0,Wisconsin,WI,2014.0,10.808054284989227,0.0,4018.3558665922706,2509.1062985282138,856.0,0.028076661184219094,0.4659636445014512
55.0,Wisconsin,WI,2014.25,10.828513953095682,0.0,4016.6967683318617,2508.070339037996,815.0,0.028404434105908503,0.48119330875958893
55.0,Wisconsin,WI,2014.5,10.840078086959874,0.0,4015.039039522593,2507.03523464837,806.0,0.028651598244982677,0.4825908958563171
55.0,Wisconsin,WI,2014.75,10.847652092490591,0.0,4013.382678469607,2506.0009843010484,894.0,0.02867394702552462,0.4852156681647989
55.0,Wisconsin,WI,2015.0,10.85928458311018,0.0,4167.088282354851,2502.9597473322574,877.0,0.02850764690248134,0.4720986116647026
55.0,Wisconsin,WI,2015.25,10.868514806970325,0.0,4165.1354771416345,2501.786795738273,836.0,0.028778140348692798,0.48688027461291794
55.0,Wisconsin,WI,2015.5,10.881489557069656,0.0,4163.184501341045,2500.61494298018,833.0,0.02906085159794672,0.487646391230295
55.0,Wisconsin,WI,2015.75,10.88622525733149,0.0,4161.235352383558,2499.4441875145944,943.0,0.029330659627774654,0.4897414872119269
55.0,Wisconsin,WI,2016.0,10.8866315973895,0.0,,,874.0,0.028827031924783187,0.4784465085736581
56.0,Wyoming,WY,1990.0,10.240092029305645,0.0,,,377.0,0.039114814080098745,0.39589808018691175
56.0,Wyoming,WY,1990.25,10.24236540482889,0.0,,,386.0,0.03934671185993748,0.4248855976663572
56.0,Wyoming,WY,1990.5,10.244619800790614,0.0,,,372.0,0.03857166328933676,0.43300363291162347
56.0,Wyoming,WY,1990.75,10.246855459540402,0.0,,,407.0,0.03878851414437583,0.41917949333959426
56.0,Wyoming,WY,1991.0,10.249072619228643,0.0,,,387.0,0.03822018029003179,0.4025178185196476
56.0,Wyoming,WY,1991.25,10.24915821163034,0.0,,,392.0,0.03889088632457914,0.4293514226893872
56.0,Wyoming,WY,1991.5,10.249243150253069,0.0,,,385.0,0.03847171994714271,0.4372020789956395
56.0,Wyoming,WY,1991.75,10.249327442559256,0.0,,,420.0,0.03850349809177869,0.4216325002390547
56.0,Wyoming,WY,1992.0,10.249411095898184,0.0,,,399.0,0.03878812056167172,0.4032670528678044
56.0,Wyoming,WY,1992.25,10.257298101637677,0.0,,,404.0,0.03892011791643917,0.4275941848119723
56.0,Wyoming,WY,1992.5,10.26506671077282,0.0,,,393.0,0.03863170849071468,0.4346862096326609
56.0,Wyoming,WY,1992.75,10.27271979866907,0.0,,,437.0,0.03881847409750442,0.422360753556716
56.0,Wyoming,WY,1993.0,10.280260142268403,0.0,,,402.0,0.03829365372948818,0.40382513776710544
56.0,Wyoming,WY,1993.25,10.281506363589418,0.0,,,413.0,0.03667651824718377,0.43122477221510347
56.0,Wyoming,WY,1993.5,10.282741636965673,0.0,,,408.0,0.03704985713746271,0.4423039538588269
56.0,Wyoming,WY,1993.75,10.283966106961518,0.0,,,447.0,0.03708599583056851,0.4281097009817496
56.0,Wyoming,WY,1994.0,10.285179915591272,0.0,,,415.0,0.0369115708863316,0.4120334608276093
56.0,Wyoming,WY,1994.25,10.292158469652836,0.0,,,421.0,0.03736846504870953,0.4389622962994115
56.0,Wyoming,WY,1994.5,10.299053772899804,0.0,,,417.0,0.038158648413215486,0.45113037917998955
56.0,Wyoming,WY,1994.75,10.305867467243042,0.0,,,444.0,0.03798398874242353,0.43645494481159797
56.0,Wyoming,WY,1995.0,10.312601148376206,0.0,,,424.0,0.03788028691565669,0.4178566521010251
56.0,Wyoming,WY,1995.25,10.33044198220281,0.0,,,430.0,0.038325889423336645,0.4417482529835236
56.0,Wyoming,WY,1995.5,10.34791641076797,0.0,,,419.0,0.03832833158845897,0.4498070364156479
56.0,Wyoming,WY,1995.75,10.365038194980055,0.0,,,447.0,0.038605685808968844,0.43579063232018284
56.0,Wyoming,WY,1996.0,10.38182033887475,0.0,,,431.0,0.038263545057326695,0.41565215728770416
56.0,Wyoming,WY,1996.25,10.364632368579407,0.0,,,434.0,0.03901017015771114,0.44161712604335557
56.0,Wyoming,WY,1996.5,10.3471669689033,0.0,,,430.0,0.03883316387382393,0.4512866988946603
56.0,Wyoming,WY,1996.75,10.329414638282554,0.0,,,466.0,0.039059145830351846,0.4385971009752009
56.0,Wyoming,WY,1997.0,10.311365379359758,0.0,,,452.0,0.03918063299492697,0.4193433050499437
56.0,Wyoming,WY,1997.25,10.314531362085113,0.0,,,450.0,0.039492838694529235,0.44589973151484835
56.0,Wyoming,WY,1997.5,10.317683058352427,0.0,,,446.0,0.041292012756085766,0.46030317807172
56.0,Wyoming,WY,1997.75,10.320820580193097,0.0,,,489.0,0.0419550904979682,0.44413905783700647
56.0,Wyoming,WY,1998.0,10.323944038353975,0.0,,,459.0,0.04166573279243338,0.4280397266702935
56.0,Wyoming,WY,1998.25,10.337143676265626,0.0,,,467.0,0.0422902429102595,0.4553522379503305
56.0,Wyoming,WY,1998.5,10.350158270422488,0.0,,,467.0,0.04207143126117608,0.4638346969383937
56.0,Wyoming,WY,1998.75,10.362992764382296,0.0,,,512.0,0.042070527488814305,0.44946164040607073
56.0,Wyoming,WY,1999.0,10.375651906452305,0.0,,,469.0,0.041597868965797716,0.43512342917564767
56.0,Wyoming,WY,1999.25,10.40599799980288,0.0,,,479.0,0.04189598099145021,0.4608517292500152
56.0,Wyoming,WY,1999.5,10.43537609279696,0.0,,,492.0,0.04180391043323057,0.4704195738006382
56.0,Wyoming,WY,1999.75,10.463843873399806,0.0,,,531.0,0.04195110093787348,0.458252138743155
56.0,Wyoming,WY,2000.0,10.49145402908603,0.0,,,504.0,0.04157596601254299,0.44663294895137906
56.0,Wyoming,WY,2000.25,10.512193152678282,0.0,,,501.0,0.042130770440498046,0.47093796369291335
56.0,Wyoming,WY,2000.5,10.532503628975668,0.0,,,499.0,0.042230349752314815,0.4799521111635794
56.0,Wyoming,WY,2000.75,10.552402674534074,0.0,,,561.0,0.04237437641253398,0.46771010308159666
56.0,Wyoming,WY,2001.0,10.571906489120716,0.0,,,522.0,0.04230203959511338,0.4570756436615001
56.0,Wyoming,WY,2001.25,10.581839236789785,0.0,,,527.0,0.043121228555817875,0.48352779015464475
56.0,Wyoming,WY,2001.5,10.5916215547162,0.0,,,528.0,0.043196062227423254,0.4929058834016639
56.0,Wyoming,WY,2001.75,10.601257292193129,0.0,,,580.0,0.042827321091608396,0.47736176589923607
56.0,Wyoming,WY,2002.0,10.61075015677848,0.0,,,547.0,0.04255455314519306,0.4603290154801403
56.0,Wyoming,WY,2002.25,10.633142978174924,0.0,,,547.0,0.04303859637914374,0.4835142164261547
56.0,Wyoming,WY,2002.5,10.654971140560358,0.0,,,543.0,0.043166213240057004,0.49230370613969526
56.0,Wyoming,WY,2002.75,10.676260746095297,0.0,,,592.0,0.04307253966422202,0.4757372086946256
56.0,Wyoming,WY,2003.0,10.697036135510368,0.0,,,560.0,0.04287987160668424,0.4576839016419275
56.0,Wyoming,WY,2003.25,10.714539630788003,0.0,,,563.0,0.04316588799508781,0.48213363440317114
56.0,Wyoming,WY,2003.5,10.731646794496353,0.0,,,562.0,0.043371299845243586,0.49351988377961187
56.0,Wyoming,WY,2003.75,10.74837335792213,0.0,,,616.0,0.04336678040015344,0.4788381686889692
56.0,Wyoming,WY,2004.0,10.764734146803075,0.0,4094.500948721877,3137.4821746355374,583.0,0.043381928321410475,0.46627290452937764
56.0,Wyoming,WY,2004.25,10.77764101618888,0.0,4084.3703694632554,3129.7194430497557,586.0,0.04396233115761888,0.4913773946125555
56.0,Wyoming,WY,2004.5,10.790320917220734,0.0,4074.2897964648387,3121.995029625815,591.0,0.044018009055345496,0.49855087760103384
56.0,Wyoming,WY,2004.75,10.802780777674554,0.0,4064.258860379113,3114.3086513447947,641.0,0.044114356906906245,0.48541065401558575
56.0,Wyoming,WY,2005.0,10.815027218572716,0.0,4607.923260793882,3644.542425757113,610.0,0.04408381097602483,0.4708516399984181
56.0,Wyoming,WY,2005.25,10.864393113638377,0.0,4588.934976742475,3629.524031808044,621.0,0.04464980064286261,0.49588227679377034
56.0,Wyoming,WY,2005.5,10.885594894025592,0.0,4570.102543922594,3614.6289051950957,642.0,0.04472697391264091,0.5055374232592352
56.0,Wyoming,WY,2005.75,10.94693155314636,0.0,4551.4240513928335,3599.8555344983424,682.0,0.04462101339091462,0.4946560251431448
56.0,Wyoming,WY,2006.0,10.978186739270166,0.0,5525.319180281135,4009.644764257165,668.0,0.04491387441717193,0.48654178154223116
56.0,Wyoming,WY,2006.25,11.025872380782731,0.0,5493.239975519253,3986.365346142451,684.0,0.04555092856120448,0.5111524195978494
56.0,Wyoming,WY,2006.5,11.067542880884435,0.0,5461.531115046859,3963.3546815590475,705.0,0.04555843119381434,0.5182919276095629
56.0,Wyoming,WY,2006.75,11.062731422032028,0.0,5430.18622240921,3940.6081432053384,761.0,0.045076963937770734,0.5086196319739388
56.0,Wyoming,WY,2007.0,11.071997186158717,0.0,5371.716061292711,4424.440431053178,730.0,0.04503847620756961,0.498377193966452
56.0,Wyoming,WY,2007.25,11.109842354755523,0.0,5343.824322734626,4401.467263007684,740.0,0.04553741599714694,0.5192971557868838
56.0,Wyoming,WY,2007.5,11.12354884682528,0.0,5316.220734393604,4378.731431309839,734.0,0.04546501634257516,0.5259543036989821
56.0,Wyoming,WY,2007.75,11.165058157729682,0.0,5288.900853886669,4356.22927696899,815.0,0.045413609264589816,0.516978715342732
56.0,Wyoming,WY,2008.0,11.213447915866384,0.0,6335.944238823682,4734.57401706459,779.0,0.045349908340551935,0.5057843429913029
56.0,Wyoming,WY,2008.25,11.29778897106964,0.0,6296.141002192922,4704.830799188346,780.0,0.045465381850608284,0.523713591570442
56.0,Wyoming,WY,2008.5,11.306577502772043,0.0,6256.834741846868,4675.458949953611,781.0,0.045447393692343026,0.5315060334293642
56.0,Wyoming,WY,2008.75,11.22490964344372,0.0,6218.016207793327,4646.451557245789,850.0,0.04526068522768732,0.5166765816137939
56.0,Wyoming,WY,2009.0,11.155572304579414,0.0,6624.425070241903,4741.225790433526,778.0,0.044711896558191376,0.48845675009958006
56.0,Wyoming,WY,2009.25,11.089435774708758,0.0,6610.662966240742,4731.375993397699,768.0,0.04480260384498495,0.49534490815629606
56.0,Wyoming,WY,2009.5,11.075282248387555,0.0,6596.9579246578505,4721.567037009368,756.0,0.0445674176690111,0.4949174229460685
56.0,Wyoming,WY,2009.75,11.074257737335586,0.0,6583.309591326845,4711.798667784981,831.0,0.044361606290966055,0.4782820550370775
56.0,Wyoming,WY,2010.0,11.142518873983072,0.0,5616.217872750495,4906.505253200547,774.0,0.04413538749329068,0.46186299813585635
56.0,Wyoming,WY,2010.25,11.134016969414889,0.0,5608.240346991771,4899.535834825125,790.0,0.044281428440022925,0.4829918134282419
56.0,Wyoming,WY,2010.5,11.14793077338536,0.0,5600.28545235189,4892.586187709651,792.0,0.044195654977133784,0.4916339733047881
56.0,Wyoming,WY,2010.75,11.149917218181251,0.0,5592.353092665305,4885.656227840867,871.0,0.044078374097318504,0.4806845856514065
56.0,Wyoming,WY,2011.0,11.170993815429055,0.0,6439.591351446563,4620.221057730415,808.0,0.04385926284732925,0.4642359123401882
56.0,Wyoming,WY,2011.25,11.210850459676356,0.0,6414.058264691176,4601.90180443345,820.0,0.043973087011061694,0.4827653359298929
56.0,Wyoming,WY,2011.5,11.192190827192375,0.0,6388.726856503769,4583.727249692002,832.0,0.04404057702557471,0.4931995910842384
56.0,Wyoming,WY,2011.75,11.19981422271626,0.0,6363.594746782012,4565.695685851298,876.0,0.04384644171939322,0.4839209406358517
56.0,Wyoming,WY,2012.0,11.173548351829725,0.0,5996.756044489523,4828.802025088206,852.0,0.043705842067393134,0.4682548351581667
56.0,Wyoming,WY,2012.25,11.163729622682048,0.0,5981.410120887393,4816.444939621155,841.0,0.04400385822785248,0.48628543536279406
56.0,Wyoming,WY,2012.5,11.132821503459027,0.0,5966.142538395393,4804.150937212417,828.0,0.04398296087193141,0.49019721149155043
56.0,Wyoming,WY,2012.75,11.121760051083616,0.0,5950.952698642517,4791.919536032298,908.0,0.043853774297073704,0.4799247998157848
56.0,Wyoming,WY,2013.0,11.164165592265553,0.0,6195.768203691881,4548.849805383364,859.0,0.04368920375366408,0.4648482997073314
56.0,Wyoming,WY,2013.25,11.155940581815216,0.0,6193.222609827876,4546.980864555984,845.0,0.04369527047717239,0.48326695812858234
56.0,Wyoming,WY,2013.5,11.16509365376884,0.0,6190.679106870635,4545.113458844268,840.0,0.043828226413541324,0.48995849645239264
56.0,Wyoming,WY,2013.75,11.154947582067832,0.0,6188.137692245063,4543.247586357617,916.0,0.043686819991343884,0.48114409291469723
56.0,Wyoming,WY,2014.0,11.159331321464812,0.0,6120.373448106888,4565.026163298735,877.0,0.043507835282587615,0.46955382466192175
56.0,Wyoming,WY,2014.25,11.1774892774306,0.0,6112.746157081063,4559.3371668047785,870.0,0.04365896450067402,0.4905696916181707
56.0,Wyoming,WY,2014.5,11.182494605880636,0.0,6105.137852857254,4553.662332068874,876.0,0.0437823716861349,0.49788027144147523
56.0,Wyoming,WY,2014.75,11.167890689360355,0.0,6097.548464627127,4548.001606276941,953.0,0.04361357688087818,0.48741315869694696
56.0,Wyoming,WY,2015.0,11.11670899731848,0.0,6547.868486331205,5147.58206817775,892.0,0.04420557321990265,0.4734906928307377
56.0,Wyoming,WY,2015.25,11.122263478039418,0.0,6550.811328494444,5149.895572424298,868.0,0.044636499079382864,0.4864770056078475
56.0,Wyoming,WY,2015.5,11.1165431208079,0.0,6553.7568170804125,5152.2111571460755,865.0,0.044789668753028866,0.4919833182032258
56.0,Wyoming,WY,2015.75,11.095300813270384,0.0,6556.704955660508,5154.528825150723,938.0,0.0444547254058585,0.4769971550000043
56.0,Wyoming,WY,2016.0,11.078363104005405,0.0,,,852.0,0.04451743037159629,0.4582275122786582
